order_id,product_id,product_name,category_name,category_description,unit_price_sold,list_unit_price,quantity_ordered,discount,total_item_revenue,order_date,required_date,shipped_date,freight,ship_name,ship_address,ship_city,ship_region,ship_postal_code,ship_country,quantity_per_unit,units_in_stock,units_on_order,reorder_level,product_discontinued,customer_id,customer_company_name,customer_contact_name,customer_contact_title,customer_address,customer_city,customer_region,customer_postal_code,customer_country,customer_phone,employee_id,employee_name,employee_title,employee_hire_date,employee_city,employee_country,shipper_id,shipper_company_name,shipper_phone,supplier_id,supplier_company_name,supplier_contact_name,supplier_country
10248,11,Queso Cabrales,Dairy Products,Cheeses,14,21,12,0,168.0,7-4-1996,8-1-1996,7-16-1996,32.38,Vins et alcools Chevalier,59 rue de l'Abbaye,Reims,,51100,France,1 kg pkg.,22,30,30,0,VINET,Vins et alcools Chevalier,Paul Henriot,Accounting Manager,59 rue de l'Abbaye,Reims,,51100,France,26.47.15.10,5,Steven Buchanan,Sales Manager,10-17-1993,London,UK,3,Federal Shipping,(503) 555-9931,5,Cooperativa de Quesos 'Las Cabras',Antonio del Valle Saavedra,Spain
10248,42,Singaporean Hokkien Fried Mee,Grains/Cereals,"Breads, crackers, pasta, and cereal",9.8,14,10,0,98.0,7-4-1996,8-1-1996,7-16-1996,32.38,Vins et alcools Chevalier,59 rue de l'Abbaye,Reims,,51100,France,32 - 1 kg pkgs.,26,0,0,1,VINET,Vins et alcools Chevalier,Paul Henriot,Accounting Manager,59 rue de l'Abbaye,Reims,,51100,France,26.47.15.10,5,Steven Buchanan,Sales Manager,10-17-1993,London,UK,3,Federal Shipping,(503) 555-9931,20,Leka Trading,Chandra Leka,Singapore
10248,72,Mozzarella di Giovanni,Dairy Products,Cheeses,34.8,34.8,5,0,174.0,7-4-1996,8-1-1996,7-16-1996,32.38,Vins et alcools Chevalier,59 rue de l'Abbaye,Reims,,51100,France,24 - 200 g pkgs.,14,0,0,0,VINET,Vins et alcools Chevalier,Paul Henriot,Accounting Manager,59 rue de l'Abbaye,Reims,,51100,France,26.47.15.10,5,Steven Buchanan,Sales Manager,10-17-1993,London,UK,3,Federal Shipping,(503) 555-9931,14,Formaggi Fortini s.r.l.,Elio Rossi,Italy
10249,14,Tofu,Produce,Dried fruit and bean curd,18.6,23.25,9,0,167.4,7-5-1996,8-16-1996,7-10-1996,11.61,Toms Spezialit ten,Luisenstr. 48,M nster,,44087,Germany,40 - 100 g pkgs.,35,0,0,0,TOMSP,Toms Spezialit ten,Karin Josephs,Marketing Manager,Luisenstr. 48,M nster,,44087,Germany,0251-031259,6,Michael Suyama,Sales Representative,10-17-1993,London,UK,1,Speedy Express,(503) 555-9831,6,Mayumi's,Mayumi Ohno,Japan
10249,51,Manjimup Dried Apples,Produce,Dried fruit and bean curd,42.4,53,40,0,1696.0,7-5-1996,8-16-1996,7-10-1996,11.61,Toms Spezialit ten,Luisenstr. 48,M nster,,44087,Germany,50 - 300 g pkgs.,20,0,10,0,TOMSP,Toms Spezialit ten,Karin Josephs,Marketing Manager,Luisenstr. 48,M nster,,44087,Germany,0251-031259,6,Michael Suyama,Sales Representative,10-17-1993,London,UK,1,Speedy Express,(503) 555-9831,24,"G'day, Mate",Wendy Mackenzie,Australia
10250,41,Jack's New England Clam Chowder,Seafood,Seaweed and fish,7.7,9.65,10,0,77.0,7-8-1996,8-5-1996,7-12-1996,65.83,Hanari Carnes,"Rua do Pa o, 67",Rio de Janeiro,RJ,05454-876,Brazil,12 - 12 oz cans,85,0,10,0,HANAR,Hanari Carnes,Mario Pontes,Accounting Manager,"Rua do Pa o, 67",Rio de Janeiro,RJ,05454-876,Brazil,(21) 555-0091,4,Margaret Peacock,Sales Representative,5-3-1993,Redmond,USA,2,United Package,(503) 555-3199,19,New England Seafood Cannery,Robb Merchant,USA
10250,51,Manjimup Dried Apples,Produce,Dried fruit and bean curd,42.4,53,35,0.15,1261.4,7-8-1996,8-5-1996,7-12-1996,65.83,Hanari Carnes,"Rua do Pa o, 67",Rio de Janeiro,RJ,05454-876,Brazil,50 - 300 g pkgs.,20,0,10,0,HANAR,Hanari Carnes,Mario Pontes,Accounting Manager,"Rua do Pa o, 67",Rio de Janeiro,RJ,05454-876,Brazil,(21) 555-0091,4,Margaret Peacock,Sales Representative,5-3-1993,Redmond,USA,2,United Package,(503) 555-3199,24,"G'day, Mate",Wendy Mackenzie,Australia
10250,65,Louisiana Fiery Hot Pepper Sauce,Condiments,"Sweet and savory sauces, relishes, spreads, and seasonings",16.8,21.05,15,0.15,214.2,7-8-1996,8-5-1996,7-12-1996,65.83,Hanari Carnes,"Rua do Pa o, 67",Rio de Janeiro,RJ,05454-876,Brazil,32 - 8 oz bottles,76,0,0,0,HANAR,Hanari Carnes,Mario Pontes,Accounting Manager,"Rua do Pa o, 67",Rio de Janeiro,RJ,05454-876,Brazil,(21) 555-0091,4,Margaret Peacock,Sales Representative,5-3-1993,Redmond,USA,2,United Package,(503) 555-3199,2,New Orleans Cajun Delights,Shelley Burke,USA
10251,22,Gustaf's Kn ckebr d,Grains/Cereals,"Breads, crackers, pasta, and cereal",16.8,21,6,0.05,95.76,7-8-1996,8-5-1996,7-15-1996,41.34,Victuailles en stock,"2, rue du Commerce",Lyon,,69004,France,24 - 500 g pkgs.,104,0,25,0,VICTE,Victuailles en stock,Mary Saveley,Sales Agent,"2, rue du Commerce",Lyon,,69004,France,78.32.54.86,3,Janet Leverling,Sales Representative,4-1-1992,Kirkland,USA,1,Speedy Express,(503) 555-9831,9,PB Kn ckebr d AB,Lars Peterson,Sweden
10251,57,Ravioli Angelo,Grains/Cereals,"Breads, crackers, pasta, and cereal",15.6,19.5,15,0.05,222.3,7-8-1996,8-5-1996,7-15-1996,41.34,Victuailles en stock,"2, rue du Commerce",Lyon,,69004,France,24 - 250 g pkgs.,36,0,20,0,VICTE,Victuailles en stock,Mary Saveley,Sales Agent,"2, rue du Commerce",Lyon,,69004,France,78.32.54.86,3,Janet Leverling,Sales Representative,4-1-1992,Kirkland,USA,1,Speedy Express,(503) 555-9831,26,Pasta Buttini s.r.l.,Giovanni Giudici,Italy
10251,65,Louisiana Fiery Hot Pepper Sauce,Condiments,"Sweet and savory sauces, relishes, spreads, and seasonings",16.8,21.05,20,0,336.0,7-8-1996,8-5-1996,7-15-1996,41.34,Victuailles en stock,"2, rue du Commerce",Lyon,,69004,France,32 - 8 oz bottles,76,0,0,0,VICTE,Victuailles en stock,Mary Saveley,Sales Agent,"2, rue du Commerce",Lyon,,69004,France,78.32.54.86,3,Janet Leverling,Sales Representative,4-1-1992,Kirkland,USA,1,Speedy Express,(503) 555-9831,2,New Orleans Cajun Delights,Shelley Burke,USA
10252,20,Sir Rodney's Marmalade,Confections,"Desserts, candies, and sweet breads",64.8,81,40,0.05,2462.4,7-9-1996,8-6-1996,7-11-1996,51.3,Supr mes d lices,"Boulevard Tirou, 255",Charleroi,,B-6000,Belgium,30 gift boxes,40,0,0,0,SUPRD,Supr mes d lices,Pascale Cartrain,Accounting Manager,"Boulevard Tirou, 255",Charleroi,,B-6000,Belgium,(071) 23 67 22 20,4,Margaret Peacock,Sales Representative,5-3-1993,Redmond,USA,2,United Package,(503) 555-3199,8,"Specialty Biscuits, Ltd.",Peter Wilson,UK
10252,33,Geitost,Dairy Products,Cheeses,2,2.5,25,0.05,47.5,7-9-1996,8-6-1996,7-11-1996,51.3,Supr mes d lices,"Boulevard Tirou, 255",Charleroi,,B-6000,Belgium,500 g,112,0,20,0,SUPRD,Supr mes d lices,Pascale Cartrain,Accounting Manager,"Boulevard Tirou, 255",Charleroi,,B-6000,Belgium,(071) 23 67 22 20,4,Margaret Peacock,Sales Representative,5-3-1993,Redmond,USA,2,United Package,(503) 555-3199,15,Norske Meierier,Beate Vileid,Norway
10252,60,Camembert Pierrot,Dairy Products,Cheeses,27.2,34,40,0,1088.0,7-9-1996,8-6-1996,7-11-1996,51.3,Supr mes d lices,"Boulevard Tirou, 255",Charleroi,,B-6000,Belgium,15 - 300 g rounds,19,0,0,0,SUPRD,Supr mes d lices,Pascale Cartrain,Accounting Manager,"Boulevard Tirou, 255",Charleroi,,B-6000,Belgium,(071) 23 67 22 20,4,Margaret Peacock,Sales Representative,5-3-1993,Redmond,USA,2,United Package,(503) 555-3199,28,Gai p turage,Eliane Noz,France
10253,31,Gorgonzola Telino,Dairy Products,Cheeses,10,12.5,20,0,200.0,7-10-1996,7-24-1996,7-16-1996,58.17,Hanari Carnes,"Rua do Pa o, 67",Rio de Janeiro,RJ,05454-876,Brazil,12 - 100 g pkgs,0,70,20,0,HANAR,Hanari Carnes,Mario Pontes,Accounting Manager,"Rua do Pa o, 67",Rio de Janeiro,RJ,05454-876,Brazil,(21) 555-0091,3,Janet Leverling,Sales Representative,4-1-1992,Kirkland,USA,2,United Package,(503) 555-3199,14,Formaggi Fortini s.r.l.,Elio Rossi,Italy
10253,39,Chartreuse verte,Beverages,"Soft drinks, coffees, teas, beers, and ales",14.4,18,42,0,604.8,7-10-1996,7-24-1996,7-16-1996,58.17,Hanari Carnes,"Rua do Pa o, 67",Rio de Janeiro,RJ,05454-876,Brazil,750 cc per bottle,69,0,5,0,HANAR,Hanari Carnes,Mario Pontes,Accounting Manager,"Rua do Pa o, 67",Rio de Janeiro,RJ,05454-876,Brazil,(21) 555-0091,3,Janet Leverling,Sales Representative,4-1-1992,Kirkland,USA,2,United Package,(503) 555-3199,18,Aux joyeux eccl siastiques,Guyl ne Nodier,France
10253,49,Maxilaku,Confections,"Desserts, candies, and sweet breads",16,20,40,0,640.0,7-10-1996,7-24-1996,7-16-1996,58.17,Hanari Carnes,"Rua do Pa o, 67",Rio de Janeiro,RJ,05454-876,Brazil,24 - 50 g pkgs.,10,60,15,0,HANAR,Hanari Carnes,Mario Pontes,Accounting Manager,"Rua do Pa o, 67",Rio de Janeiro,RJ,05454-876,Brazil,(21) 555-0091,3,Janet Leverling,Sales Representative,4-1-1992,Kirkland,USA,2,United Package,(503) 555-3199,23,Karkki Oy,Anne Heikkonen,Finland
10254,24,Guaran  Fant stica,Beverages,"Soft drinks, coffees, teas, beers, and ales",3.6,4.5,15,0.15,45.9,7-11-1996,8-8-1996,7-23-1996,22.98,Chop-suey Chinese,Hauptstr. 31,Bern,,3012,Switzerland,12 - 355 ml cans,20,0,0,1,CHOPS,Chop-suey Chinese,Yang Wang,Owner,Hauptstr. 29,Bern,,3012,Switzerland,0452-076545,5,Steven Buchanan,Sales Manager,10-17-1993,London,UK,2,United Package,(503) 555-3199,10,Refrescos Americanas LTDA,Carlos Diaz,Brazil
10254,55,P t  chinois,Meat/Poultry,Prepared meats,19.2,24,21,0.15,342.72,7-11-1996,8-8-1996,7-23-1996,22.98,Chop-suey Chinese,Hauptstr. 31,Bern,,3012,Switzerland,24 boxes x 2 pies,115,0,20,0,CHOPS,Chop-suey Chinese,Yang Wang,Owner,Hauptstr. 29,Bern,,3012,Switzerland,0452-076545,5,Steven Buchanan,Sales Manager,10-17-1993,London,UK,2,United Package,(503) 555-3199,25,Ma Maison,Jean-Guy Lauzon,Canada
10254,74,Longlife Tofu,Produce,Dried fruit and bean curd,8,10,21,0,168.0,7-11-1996,8-8-1996,7-23-1996,22.98,Chop-suey Chinese,Hauptstr. 31,Bern,,3012,Switzerland,5 kg pkg.,4,20,5,0,CHOPS,Chop-suey Chinese,Yang Wang,Owner,Hauptstr. 29,Bern,,3012,Switzerland,0452-076545,5,Steven Buchanan,Sales Manager,10-17-1993,London,UK,2,United Package,(503) 555-3199,4,Tokyo Traders,Yoshi Nagase,Japan
10255,2,Chang,Beverages,"Soft drinks, coffees, teas, beers, and ales",15.2,19,20,0,304.0,7-12-1996,8-9-1996,7-15-1996,148.33,Richter Supermarkt,Starenweg 5,Gen ve,,1204,Switzerland,24 - 12 oz bottles,17,40,25,1,RICSU,Richter Supermarkt,Michael Holz,Sales Manager,Grenzacherweg 237,Gen ve,,1203,Switzerland,0897-034214,9,Anne Dodsworth,Sales Representative,11-15-1994,London,UK,3,Federal Shipping,(503) 555-9931,1,Exotic Liquids,Charlotte Cooper,UK
10255,16,Pavlova,Confections,"Desserts, candies, and sweet breads",13.9,17.45,35,0,486.5,7-12-1996,8-9-1996,7-15-1996,148.33,Richter Supermarkt,Starenweg 5,Gen ve,,1204,Switzerland,32 - 500 g boxes,29,0,10,0,RICSU,Richter Supermarkt,Michael Holz,Sales Manager,Grenzacherweg 237,Gen ve,,1203,Switzerland,0897-034214,9,Anne Dodsworth,Sales Representative,11-15-1994,London,UK,3,Federal Shipping,(503) 555-9931,7,"Pavlova, Ltd.",Ian Devling,Australia
10255,36,Inlagd Sill,Seafood,Seaweed and fish,15.2,19,25,0,380.0,7-12-1996,8-9-1996,7-15-1996,148.33,Richter Supermarkt,Starenweg 5,Gen ve,,1204,Switzerland,24 - 250 g  jars,112,0,20,0,RICSU,Richter Supermarkt,Michael Holz,Sales Manager,Grenzacherweg 237,Gen ve,,1203,Switzerland,0897-034214,9,Anne Dodsworth,Sales Representative,11-15-1994,London,UK,3,Federal Shipping,(503) 555-9931,17,Svensk Sj f da AB,Michael Bj rn,Sweden
10255,59,Raclette Courdavault,Dairy Products,Cheeses,44,55,30,0,1320.0,7-12-1996,8-9-1996,7-15-1996,148.33,Richter Supermarkt,Starenweg 5,Gen ve,,1204,Switzerland,5 kg pkg.,79,0,0,0,RICSU,Richter Supermarkt,Michael Holz,Sales Manager,Grenzacherweg 237,Gen ve,,1203,Switzerland,0897-034214,9,Anne Dodsworth,Sales Representative,11-15-1994,London,UK,3,Federal Shipping,(503) 555-9931,28,Gai p turage,Eliane Noz,France
10256,53,Perth Pasties,Meat/Poultry,Prepared meats,26.2,32.8,15,0,393.0,7-15-1996,8-12-1996,7-17-1996,13.97,Wellington Importadora,"Rua do Mercado, 12",Resende,SP,08737-363,Brazil,48 pieces,0,0,0,1,WELLI,Wellington Importadora,Paula Parente,Sales Manager,"Rua do Mercado, 12",Resende,SP,08737-363,Brazil,(14) 555-8122,3,Janet Leverling,Sales Representative,4-1-1992,Kirkland,USA,2,United Package,(503) 555-3199,24,"G'day, Mate",Wendy Mackenzie,Australia
10256,77,Original Frankfurter gr ne So e,Condiments,"Sweet and savory sauces, relishes, spreads, and seasonings",10.4,13,12,0,124.8,7-15-1996,8-12-1996,7-17-1996,13.97,Wellington Importadora,"Rua do Mercado, 12",Resende,SP,08737-363,Brazil,12 boxes,32,0,15,0,WELLI,Wellington Importadora,Paula Parente,Sales Manager,"Rua do Mercado, 12",Resende,SP,08737-363,Brazil,(14) 555-8122,3,Janet Leverling,Sales Representative,4-1-1992,Kirkland,USA,2,United Package,(503) 555-3199,12,Plutzer Lebensmittelgro m rkte AG,Martin Bein,Germany
10257,27,Schoggi Schokolade,Confections,"Desserts, candies, and sweet breads",35.1,43.9,25,0,877.5,7-16-1996,8-13-1996,7-22-1996,81.91,HILARION-Abastos,Carrera 22 con Ave. Carlos Soublette #8-35,San Crist bal,T chira,5022,Venezuela,100 - 100 g pieces,49,0,30,0,HILAA,HILARION-Abastos,Carlos Hern ndez,Sales Representative,Carrera 22 con Ave. Carlos Soublette #8-35,San Crist bal,T chira,5022,Venezuela,(5) 555-1340,4,Margaret Peacock,Sales Representative,5-3-1993,Redmond,USA,3,Federal Shipping,(503) 555-9931,11,Heli S  waren GmbH & Co. KG,Petra Winkler,Germany
10257,39,Chartreuse verte,Beverages,"Soft drinks, coffees, teas, beers, and ales",14.4,18,6,0,86.4,7-16-1996,8-13-1996,7-22-1996,81.91,HILARION-Abastos,Carrera 22 con Ave. Carlos Soublette #8-35,San Crist bal,T chira,5022,Venezuela,750 cc per bottle,69,0,5,0,HILAA,HILARION-Abastos,Carlos Hern ndez,Sales Representative,Carrera 22 con Ave. Carlos Soublette #8-35,San Crist bal,T chira,5022,Venezuela,(5) 555-1340,4,Margaret Peacock,Sales Representative,5-3-1993,Redmond,USA,3,Federal Shipping,(503) 555-9931,18,Aux joyeux eccl siastiques,Guyl ne Nodier,France
10257,77,Original Frankfurter gr ne So e,Condiments,"Sweet and savory sauces, relishes, spreads, and seasonings",10.4,13,15,0,156.0,7-16-1996,8-13-1996,7-22-1996,81.91,HILARION-Abastos,Carrera 22 con Ave. Carlos Soublette #8-35,San Crist bal,T chira,5022,Venezuela,12 boxes,32,0,15,0,HILAA,HILARION-Abastos,Carlos Hern ndez,Sales Representative,Carrera 22 con Ave. Carlos Soublette #8-35,San Crist bal,T chira,5022,Venezuela,(5) 555-1340,4,Margaret Peacock,Sales Representative,5-3-1993,Redmond,USA,3,Federal Shipping,(503) 555-9931,12,Plutzer Lebensmittelgro m rkte AG,Martin Bein,Germany
10258,2,Chang,Beverages,"Soft drinks, coffees, teas, beers, and ales",15.2,19,50,0.2,608.0,7-17-1996,8-14-1996,7-23-1996,140.51,Ernst Handel,Kirchgasse 6,Graz,,8010,Austria,24 - 12 oz bottles,17,40,25,1,ERNSH,Ernst Handel,Roland Mendel,Sales Manager,Kirchgasse 6,Graz,,8010,Austria,7675-3425,1,Nancy Davolio,Sales Representative,5-1-1992,Seattle,USA,1,Speedy Express,(503) 555-9831,1,Exotic Liquids,Charlotte Cooper,UK
10258,5,Chef Anton's Gumbo Mix,Condiments,"Sweet and savory sauces, relishes, spreads, and seasonings",17,21.35,65,0.2,884.0,7-17-1996,8-14-1996,7-23-1996,140.51,Ernst Handel,Kirchgasse 6,Graz,,8010,Austria,36 boxes,0,0,0,1,ERNSH,Ernst Handel,Roland Mendel,Sales Manager,Kirchgasse 6,Graz,,8010,Austria,7675-3425,1,Nancy Davolio,Sales Representative,5-1-1992,Seattle,USA,1,Speedy Express,(503) 555-9831,2,New Orleans Cajun Delights,Shelley Burke,USA
10258,32,Mascarpone Fabioli,Dairy Products,Cheeses,25.6,32,6,0.2,122.88,7-17-1996,8-14-1996,7-23-1996,140.51,Ernst Handel,Kirchgasse 6,Graz,,8010,Austria,24 - 200 g pkgs.,9,40,25,0,ERNSH,Ernst Handel,Roland Mendel,Sales Manager,Kirchgasse 6,Graz,,8010,Austria,7675-3425,1,Nancy Davolio,Sales Representative,5-1-1992,Seattle,USA,1,Speedy Express,(503) 555-9831,14,Formaggi Fortini s.r.l.,Elio Rossi,Italy
10259,21,Sir Rodney's Scones,Confections,"Desserts, candies, and sweet breads",8,10,10,0,80.0,7-18-1996,8-15-1996,7-25-1996,3.25,Centro comercial Moctezuma,Sierras de Granada 9993,M xico D.F.,,05022,Mexico,24 pkgs. x 4 pieces,3,40,5,0,CENTC,Centro comercial Moctezuma,Francisco Chang,Marketing Manager,Sierras de Granada 9993,M xico D.F.,,05022,Mexico,(5) 555-3392,4,Margaret Peacock,Sales Representative,5-3-1993,Redmond,USA,3,Federal Shipping,(503) 555-9931,8,"Specialty Biscuits, Ltd.",Peter Wilson,UK
10259,37,Gravad lax,Seafood,Seaweed and fish,20.8,26,1,0,20.8,7-18-1996,8-15-1996,7-25-1996,3.25,Centro comercial Moctezuma,Sierras de Granada 9993,M xico D.F.,,05022,Mexico,12 - 500 g pkgs.,11,50,25,0,CENTC,Centro comercial Moctezuma,Francisco Chang,Marketing Manager,Sierras de Granada 9993,M xico D.F.,,05022,Mexico,(5) 555-3392,4,Margaret Peacock,Sales Representative,5-3-1993,Redmond,USA,3,Federal Shipping,(503) 555-9931,17,Svensk Sj f da AB,Michael Bj rn,Sweden
10260,41,Jack's New England Clam Chowder,Seafood,Seaweed and fish,7.7,9.65,16,0.25,92.4,7-19-1996,8-16-1996,7-29-1996,55.09,Ottilies K seladen,Mehrheimerstr. 369,K ln,,50739,Germany,12 - 12 oz cans,85,0,10,0,OTTIK,Ottilies K seladen,Henriette Pfalzheim,Owner,Mehrheimerstr. 369,K ln,,50739,Germany,0221-0644327,4,Margaret Peacock,Sales Representative,5-3-1993,Redmond,USA,1,Speedy Express,(503) 555-9831,19,New England Seafood Cannery,Robb Merchant,USA
10260,57,Ravioli Angelo,Grains/Cereals,"Breads, crackers, pasta, and cereal",15.6,19.5,50,0,780.0,7-19-1996,8-16-1996,7-29-1996,55.09,Ottilies K seladen,Mehrheimerstr. 369,K ln,,50739,Germany,24 - 250 g pkgs.,36,0,20,0,OTTIK,Ottilies K seladen,Henriette Pfalzheim,Owner,Mehrheimerstr. 369,K ln,,50739,Germany,0221-0644327,4,Margaret Peacock,Sales Representative,5-3-1993,Redmond,USA,1,Speedy Express,(503) 555-9831,26,Pasta Buttini s.r.l.,Giovanni Giudici,Italy
10260,62,Tarte au sucre,Confections,"Desserts, candies, and sweet breads",39.4,49.3,15,0.25,443.25,7-19-1996,8-16-1996,7-29-1996,55.09,Ottilies K seladen,Mehrheimerstr. 369,K ln,,50739,Germany,48 pies,17,0,0,0,OTTIK,Ottilies K seladen,Henriette Pfalzheim,Owner,Mehrheimerstr. 369,K ln,,50739,Germany,0221-0644327,4,Margaret Peacock,Sales Representative,5-3-1993,Redmond,USA,1,Speedy Express,(503) 555-9831,29,For ts d' rables,Chantal Goulet,Canada
10260,70,Outback Lager,Beverages,"Soft drinks, coffees, teas, beers, and ales",12,15,21,0.25,189.0,7-19-1996,8-16-1996,7-29-1996,55.09,Ottilies K seladen,Mehrheimerstr. 369,K ln,,50739,Germany,24 - 355 ml bottles,15,10,30,0,OTTIK,Ottilies K seladen,Henriette Pfalzheim,Owner,Mehrheimerstr. 369,K ln,,50739,Germany,0221-0644327,4,Margaret Peacock,Sales Representative,5-3-1993,Redmond,USA,1,Speedy Express,(503) 555-9831,7,"Pavlova, Ltd.",Ian Devling,Australia
10261,21,Sir Rodney's Scones,Confections,"Desserts, candies, and sweet breads",8,10,20,0,160.0,7-19-1996,8-16-1996,7-30-1996,3.05,Que Del cia,"Rua da Panificadora, 12",Rio de Janeiro,RJ,02389-673,Brazil,24 pkgs. x 4 pieces,3,40,5,0,QUEDE,Que Del cia,Bernardo Batista,Accounting Manager,"Rua da Panificadora, 12",Rio de Janeiro,RJ,02389-673,Brazil,(21) 555-4252,4,Margaret Peacock,Sales Representative,5-3-1993,Redmond,USA,2,United Package,(503) 555-3199,8,"Specialty Biscuits, Ltd.",Peter Wilson,UK
10261,35,Steeleye Stout,Beverages,"Soft drinks, coffees, teas, beers, and ales",14.4,18,20,0,288.0,7-19-1996,8-16-1996,7-30-1996,3.05,Que Del cia,"Rua da Panificadora, 12",Rio de Janeiro,RJ,02389-673,Brazil,24 - 12 oz bottles,20,0,15,0,QUEDE,Que Del cia,Bernardo Batista,Accounting Manager,"Rua da Panificadora, 12",Rio de Janeiro,RJ,02389-673,Brazil,(21) 555-4252,4,Margaret Peacock,Sales Representative,5-3-1993,Redmond,USA,2,United Package,(503) 555-3199,16,Bigfoot Breweries,Cheryl Saylor,USA
10262,5,Chef Anton's Gumbo Mix,Condiments,"Sweet and savory sauces, relishes, spreads, and seasonings",17,21.35,12,0.2,163.2,7-22-1996,8-19-1996,7-25-1996,48.29,Rattlesnake Canyon Grocery,2817 Milton Dr.,Albuquerque,NM,87110,USA,36 boxes,0,0,0,1,RATTC,Rattlesnake Canyon Grocery,Paula Wilson,Assistant Sales Representative,2817 Milton Dr.,Albuquerque,NM,87110,USA,(505) 555-5939,8,Laura Callahan,Inside Sales Coordinator,3-5-1994,Seattle,USA,3,Federal Shipping,(503) 555-9931,2,New Orleans Cajun Delights,Shelley Burke,USA
10262,7,Uncle Bob's Organic Dried Pears,Produce,Dried fruit and bean curd,24,30,15,0,360.0,7-22-1996,8-19-1996,7-25-1996,48.29,Rattlesnake Canyon Grocery,2817 Milton Dr.,Albuquerque,NM,87110,USA,12 - 1 lb pkgs.,15,0,10,0,RATTC,Rattlesnake Canyon Grocery,Paula Wilson,Assistant Sales Representative,2817 Milton Dr.,Albuquerque,NM,87110,USA,(505) 555-5939,8,Laura Callahan,Inside Sales Coordinator,3-5-1994,Seattle,USA,3,Federal Shipping,(503) 555-9931,3,Grandma Kelly's Homestead,Regina Murphy,USA
10262,56,Gnocchi di nonna Alice,Grains/Cereals,"Breads, crackers, pasta, and cereal",30.4,38,2,0,60.8,7-22-1996,8-19-1996,7-25-1996,48.29,Rattlesnake Canyon Grocery,2817 Milton Dr.,Albuquerque,NM,87110,USA,24 - 250 g pkgs.,21,10,30,0,RATTC,Rattlesnake Canyon Grocery,Paula Wilson,Assistant Sales Representative,2817 Milton Dr.,Albuquerque,NM,87110,USA,(505) 555-5939,8,Laura Callahan,Inside Sales Coordinator,3-5-1994,Seattle,USA,3,Federal Shipping,(503) 555-9931,26,Pasta Buttini s.r.l.,Giovanni Giudici,Italy
10263,16,Pavlova,Confections,"Desserts, candies, and sweet breads",13.9,17.45,60,0.25,625.5,7-23-1996,8-20-1996,7-31-1996,146.06,Ernst Handel,Kirchgasse 6,Graz,,8010,Austria,32 - 500 g boxes,29,0,10,0,ERNSH,Ernst Handel,Roland Mendel,Sales Manager,Kirchgasse 6,Graz,,8010,Austria,7675-3425,9,Anne Dodsworth,Sales Representative,11-15-1994,London,UK,3,Federal Shipping,(503) 555-9931,7,"Pavlova, Ltd.",Ian Devling,Australia
10263,24,Guaran  Fant stica,Beverages,"Soft drinks, coffees, teas, beers, and ales",3.6,4.5,28,0,100.8,7-23-1996,8-20-1996,7-31-1996,146.06,Ernst Handel,Kirchgasse 6,Graz,,8010,Austria,12 - 355 ml cans,20,0,0,1,ERNSH,Ernst Handel,Roland Mendel,Sales Manager,Kirchgasse 6,Graz,,8010,Austria,7675-3425,9,Anne Dodsworth,Sales Representative,11-15-1994,London,UK,3,Federal Shipping,(503) 555-9931,10,Refrescos Americanas LTDA,Carlos Diaz,Brazil
10263,30,Nord-Ost Matjeshering,Seafood,Seaweed and fish,20.7,25.89,60,0.25,931.5,7-23-1996,8-20-1996,7-31-1996,146.06,Ernst Handel,Kirchgasse 6,Graz,,8010,Austria,10 - 200 g glasses,10,0,15,0,ERNSH,Ernst Handel,Roland Mendel,Sales Manager,Kirchgasse 6,Graz,,8010,Austria,7675-3425,9,Anne Dodsworth,Sales Representative,11-15-1994,London,UK,3,Federal Shipping,(503) 555-9931,13,Nord-Ost-Fisch Handelsgesellschaft mbH,Sven Petersen,Germany
10263,74,Longlife Tofu,Produce,Dried fruit and bean curd,8,10,36,0.25,216.0,7-23-1996,8-20-1996,7-31-1996,146.06,Ernst Handel,Kirchgasse 6,Graz,,8010,Austria,5 kg pkg.,4,20,5,0,ERNSH,Ernst Handel,Roland Mendel,Sales Manager,Kirchgasse 6,Graz,,8010,Austria,7675-3425,9,Anne Dodsworth,Sales Representative,11-15-1994,London,UK,3,Federal Shipping,(503) 555-9931,4,Tokyo Traders,Yoshi Nagase,Japan
10264,2,Chang,Beverages,"Soft drinks, coffees, teas, beers, and ales",15.2,19,35,0,532.0,7-24-1996,8-21-1996,8-23-1996,3.67,Folk och f  HB,kergatan 24,Br cke,,S-844 67,Sweden,24 - 12 oz bottles,17,40,25,1,FOLKO,Folk och f  HB,Maria Larsson,Owner,kergatan 24,Br cke,,S-844 67,Sweden,0695-34 67 21,6,Michael Suyama,Sales Representative,10-17-1993,London,UK,3,Federal Shipping,(503) 555-9931,1,Exotic Liquids,Charlotte Cooper,UK
10264,41,Jack's New England Clam Chowder,Seafood,Seaweed and fish,7.7,9.65,25,0.15,163.62,7-24-1996,8-21-1996,8-23-1996,3.67,Folk och f  HB,kergatan 24,Br cke,,S-844 67,Sweden,12 - 12 oz cans,85,0,10,0,FOLKO,Folk och f  HB,Maria Larsson,Owner,kergatan 24,Br cke,,S-844 67,Sweden,0695-34 67 21,6,Michael Suyama,Sales Representative,10-17-1993,London,UK,3,Federal Shipping,(503) 555-9931,19,New England Seafood Cannery,Robb Merchant,USA
10265,17,Alice Mutton,Meat/Poultry,Prepared meats,31.2,39,30,0,936.0,7-25-1996,8-22-1996,8-12-1996,55.28,Blondel p re et fils,"24, place Kl ber",Strasbourg,,67000,France,20 - 1 kg tins,0,0,0,1,BLONP,Blondesddsl p re et fils,Fr d rique Citeaux,Marketing Manager,"24, place Kl ber",Strasbourg,,67000,France,88.60.15.31,2,Andrew Fuller,"Vice President, Sales",8-14-1992,Tacoma,USA,1,Speedy Express,(503) 555-9831,7,"Pavlova, Ltd.",Ian Devling,Australia
10265,70,Outback Lager,Beverages,"Soft drinks, coffees, teas, beers, and ales",12,15,20,0,240.0,7-25-1996,8-22-1996,8-12-1996,55.28,Blondel p re et fils,"24, place Kl ber",Strasbourg,,67000,France,24 - 355 ml bottles,15,10,30,0,BLONP,Blondesddsl p re et fils,Fr d rique Citeaux,Marketing Manager,"24, place Kl ber",Strasbourg,,67000,France,88.60.15.31,2,Andrew Fuller,"Vice President, Sales",8-14-1992,Tacoma,USA,1,Speedy Express,(503) 555-9831,7,"Pavlova, Ltd.",Ian Devling,Australia
10266,12,Queso Manchego La Pastora,Dairy Products,Cheeses,30.4,38,12,0.05,346.56,7-26-1996,9-6-1996,7-31-1996,25.73,Wartian Herkku,Torikatu 38,Oulu,,90110,Finland,10 - 500 g pkgs.,86,0,0,0,WARTH,Wartian Herkku,Pirkko Koskitalo,Accounting Manager,Torikatu 38,Oulu,,90110,Finland,981-443655,3,Janet Leverling,Sales Representative,4-1-1992,Kirkland,USA,3,Federal Shipping,(503) 555-9931,5,Cooperativa de Quesos 'Las Cabras',Antonio del Valle Saavedra,Spain
10267,40,Boston Crab Meat,Seafood,Seaweed and fish,14.7,18.4,50,0,735.0,7-29-1996,8-26-1996,8-6-1996,208.58,Frankenversand,Berliner Platz 43,M nchen,,80805,Germany,24 - 4 oz tins,123,0,30,0,FRANK,Frankenversand,Peter Franken,Marketing Manager,Berliner Platz 43,M nchen,,80805,Germany,089-0877310,4,Margaret Peacock,Sales Representative,5-3-1993,Redmond,USA,1,Speedy Express,(503) 555-9831,19,New England Seafood Cannery,Robb Merchant,USA
10267,59,Raclette Courdavault,Dairy Products,Cheeses,44,55,70,0.15,2618.0,7-29-1996,8-26-1996,8-6-1996,208.58,Frankenversand,Berliner Platz 43,M nchen,,80805,Germany,5 kg pkg.,79,0,0,0,FRANK,Frankenversand,Peter Franken,Marketing Manager,Berliner Platz 43,M nchen,,80805,Germany,089-0877310,4,Margaret Peacock,Sales Representative,5-3-1993,Redmond,USA,1,Speedy Express,(503) 555-9831,28,Gai p turage,Eliane Noz,France
10267,76,Lakkalik  ri,Beverages,"Soft drinks, coffees, teas, beers, and ales",14.4,18,15,0.15,183.6,7-29-1996,8-26-1996,8-6-1996,208.58,Frankenversand,Berliner Platz 43,M nchen,,80805,Germany,500 ml,57,0,20,0,FRANK,Frankenversand,Peter Franken,Marketing Manager,Berliner Platz 43,M nchen,,80805,Germany,089-0877310,4,Margaret Peacock,Sales Representative,5-3-1993,Redmond,USA,1,Speedy Express,(503) 555-9831,23,Karkki Oy,Anne Heikkonen,Finland
10268,29,Th ringer Rostbratwurst,Meat/Poultry,Prepared meats,99,123.79,10,0,990.0,7-30-1996,8-27-1996,8-2-1996,66.29,GROSELLA-Restaurante,5  Ave. Los Palos Grandes,Caracas,DF,1081,Venezuela,50 bags x 30 sausgs.,0,0,0,1,GROSR,GROSELLA-Restaurante,Manuel Pereira,Owner,5  Ave. Los Palos Grandes,Caracas,DF,1081,Venezuela,(2) 283-2951,8,Laura Callahan,Inside Sales Coordinator,3-5-1994,Seattle,USA,3,Federal Shipping,(503) 555-9931,12,Plutzer Lebensmittelgro m rkte AG,Martin Bein,Germany
10268,72,Mozzarella di Giovanni,Dairy Products,Cheeses,27.8,34.8,4,0,111.2,7-30-1996,8-27-1996,8-2-1996,66.29,GROSELLA-Restaurante,5  Ave. Los Palos Grandes,Caracas,DF,1081,Venezuela,24 - 200 g pkgs.,14,0,0,0,GROSR,GROSELLA-Restaurante,Manuel Pereira,Owner,5  Ave. Los Palos Grandes,Caracas,DF,1081,Venezuela,(2) 283-2951,8,Laura Callahan,Inside Sales Coordinator,3-5-1994,Seattle,USA,3,Federal Shipping,(503) 555-9931,14,Formaggi Fortini s.r.l.,Elio Rossi,Italy
10269,33,Geitost,Dairy Products,Cheeses,2,2.5,60,0.05,114.0,7-31-1996,8-14-1996,8-9-1996,4.56,White Clover Markets,1029 - 12th Ave. S.,Seattle,WA,98124,USA,500 g,112,0,20,0,WHITC,White Clover Markets,Karl Jablonski,Owner,305 - 14th Ave. S. Suite 3B,Seattle,WA,98128,USA,(206) 555-4112,5,Steven Buchanan,Sales Manager,10-17-1993,London,UK,1,Speedy Express,(503) 555-9831,15,Norske Meierier,Beate Vileid,Norway
10269,72,Mozzarella di Giovanni,Dairy Products,Cheeses,27.8,34.8,20,0.05,528.2,7-31-1996,8-14-1996,8-9-1996,4.56,White Clover Markets,1029 - 12th Ave. S.,Seattle,WA,98124,USA,24 - 200 g pkgs.,14,0,0,0,WHITC,White Clover Markets,Karl Jablonski,Owner,305 - 14th Ave. S. Suite 3B,Seattle,WA,98128,USA,(206) 555-4112,5,Steven Buchanan,Sales Manager,10-17-1993,London,UK,1,Speedy Express,(503) 555-9831,14,Formaggi Fortini s.r.l.,Elio Rossi,Italy
10270,36,Inlagd Sill,Seafood,Seaweed and fish,15.2,19,30,0,456.0,8-1-1996,8-29-1996,8-2-1996,136.54,Wartian Herkku,Torikatu 38,Oulu,,90110,Finland,24 - 250 g  jars,112,0,20,0,WARTH,Wartian Herkku,Pirkko Koskitalo,Accounting Manager,Torikatu 38,Oulu,,90110,Finland,981-443655,1,Nancy Davolio,Sales Representative,5-1-1992,Seattle,USA,1,Speedy Express,(503) 555-9831,17,Svensk Sj f da AB,Michael Bj rn,Sweden
10270,43,Ipoh Coffee,Beverages,"Soft drinks, coffees, teas, beers, and ales",36.8,46,25,0,920.0,8-1-1996,8-29-1996,8-2-1996,136.54,Wartian Herkku,Torikatu 38,Oulu,,90110,Finland,16 - 500 g tins,17,10,25,0,WARTH,Wartian Herkku,Pirkko Koskitalo,Accounting Manager,Torikatu 38,Oulu,,90110,Finland,981-443655,1,Nancy Davolio,Sales Representative,5-1-1992,Seattle,USA,1,Speedy Express,(503) 555-9831,20,Leka Trading,Chandra Leka,Singapore
10271,33,Geitost,Dairy Products,Cheeses,2,2.5,24,0,48.0,8-1-1996,8-29-1996,8-30-1996,4.54,Split Rail Beer & Ale,P.O. Box 555,Lander,WY,82520,USA,500 g,112,0,20,0,SPLIR,Split Rail Beer & Ale,Art Braunschweiger,Sales Manager,P.O. Box 555,Lander,WY,82520,USA,(307) 555-4680,6,Michael Suyama,Sales Representative,10-17-1993,London,UK,2,United Package,(503) 555-3199,15,Norske Meierier,Beate Vileid,Norway
10272,20,Sir Rodney's Marmalade,Confections,"Desserts, candies, and sweet breads",64.8,81,6,0,388.8,8-2-1996,8-30-1996,8-6-1996,98.03,Rattlesnake Canyon Grocery,2817 Milton Dr.,Albuquerque,NM,87110,USA,30 gift boxes,40,0,0,0,RATTC,Rattlesnake Canyon Grocery,Paula Wilson,Assistant Sales Representative,2817 Milton Dr.,Albuquerque,NM,87110,USA,(505) 555-5939,6,Michael Suyama,Sales Representative,10-17-1993,London,UK,2,United Package,(503) 555-3199,8,"Specialty Biscuits, Ltd.",Peter Wilson,UK
10272,31,Gorgonzola Telino,Dairy Products,Cheeses,10,12.5,40,0,400.0,8-2-1996,8-30-1996,8-6-1996,98.03,Rattlesnake Canyon Grocery,2817 Milton Dr.,Albuquerque,NM,87110,USA,12 - 100 g pkgs,0,70,20,0,RATTC,Rattlesnake Canyon Grocery,Paula Wilson,Assistant Sales Representative,2817 Milton Dr.,Albuquerque,NM,87110,USA,(505) 555-5939,6,Michael Suyama,Sales Representative,10-17-1993,London,UK,2,United Package,(503) 555-3199,14,Formaggi Fortini s.r.l.,Elio Rossi,Italy
10272,72,Mozzarella di Giovanni,Dairy Products,Cheeses,27.8,34.8,24,0,667.2,8-2-1996,8-30-1996,8-6-1996,98.03,Rattlesnake Canyon Grocery,2817 Milton Dr.,Albuquerque,NM,87110,USA,24 - 200 g pkgs.,14,0,0,0,RATTC,Rattlesnake Canyon Grocery,Paula Wilson,Assistant Sales Representative,2817 Milton Dr.,Albuquerque,NM,87110,USA,(505) 555-5939,6,Michael Suyama,Sales Representative,10-17-1993,London,UK,2,United Package,(503) 555-3199,14,Formaggi Fortini s.r.l.,Elio Rossi,Italy
10273,10,Ikura,Seafood,Seaweed and fish,24.8,31,24,0.05,565.44,8-5-1996,9-2-1996,8-12-1996,76.07,QUICK-Stop,Taucherstra e 10,Cunewalde,,01307,Germany,12 - 200 ml jars,31,0,0,0,QUICK,QUICK-Stop,Horst Kloss,Accounting Manager,Taucherstra e 10,Cunewalde,,01307,Germany,0372-035188,3,Janet Leverling,Sales Representative,4-1-1992,Kirkland,USA,3,Federal Shipping,(503) 555-9931,4,Tokyo Traders,Yoshi Nagase,Japan
10273,31,Gorgonzola Telino,Dairy Products,Cheeses,10,12.5,15,0.05,142.5,8-5-1996,9-2-1996,8-12-1996,76.07,QUICK-Stop,Taucherstra e 10,Cunewalde,,01307,Germany,12 - 100 g pkgs,0,70,20,0,QUICK,QUICK-Stop,Horst Kloss,Accounting Manager,Taucherstra e 10,Cunewalde,,01307,Germany,0372-035188,3,Janet Leverling,Sales Representative,4-1-1992,Kirkland,USA,3,Federal Shipping,(503) 555-9931,14,Formaggi Fortini s.r.l.,Elio Rossi,Italy
10273,33,Geitost,Dairy Products,Cheeses,2,2.5,20,0,40.0,8-5-1996,9-2-1996,8-12-1996,76.07,QUICK-Stop,Taucherstra e 10,Cunewalde,,01307,Germany,500 g,112,0,20,0,QUICK,QUICK-Stop,Horst Kloss,Accounting Manager,Taucherstra e 10,Cunewalde,,01307,Germany,0372-035188,3,Janet Leverling,Sales Representative,4-1-1992,Kirkland,USA,3,Federal Shipping,(503) 555-9931,15,Norske Meierier,Beate Vileid,Norway
10273,40,Boston Crab Meat,Seafood,Seaweed and fish,14.7,18.4,60,0.05,837.9,8-5-1996,9-2-1996,8-12-1996,76.07,QUICK-Stop,Taucherstra e 10,Cunewalde,,01307,Germany,24 - 4 oz tins,123,0,30,0,QUICK,QUICK-Stop,Horst Kloss,Accounting Manager,Taucherstra e 10,Cunewalde,,01307,Germany,0372-035188,3,Janet Leverling,Sales Representative,4-1-1992,Kirkland,USA,3,Federal Shipping,(503) 555-9931,19,New England Seafood Cannery,Robb Merchant,USA
10273,76,Lakkalik  ri,Beverages,"Soft drinks, coffees, teas, beers, and ales",14.4,18,33,0.05,451.44,8-5-1996,9-2-1996,8-12-1996,76.07,QUICK-Stop,Taucherstra e 10,Cunewalde,,01307,Germany,500 ml,57,0,20,0,QUICK,QUICK-Stop,Horst Kloss,Accounting Manager,Taucherstra e 10,Cunewalde,,01307,Germany,0372-035188,3,Janet Leverling,Sales Representative,4-1-1992,Kirkland,USA,3,Federal Shipping,(503) 555-9931,23,Karkki Oy,Anne Heikkonen,Finland
10274,71,Flotemysost,Dairy Products,Cheeses,17.2,21.5,20,0,344.0,8-6-1996,9-3-1996,8-16-1996,6.01,Vins et alcools Chevalier,59 rue de l'Abbaye,Reims,,51100,France,10 - 500 g pkgs.,26,0,0,0,VINET,Vins et alcools Chevalier,Paul Henriot,Accounting Manager,59 rue de l'Abbaye,Reims,,51100,France,26.47.15.10,6,Michael Suyama,Sales Representative,10-17-1993,London,UK,1,Speedy Express,(503) 555-9831,15,Norske Meierier,Beate Vileid,Norway
10274,72,Mozzarella di Giovanni,Dairy Products,Cheeses,27.8,34.8,7,0,194.6,8-6-1996,9-3-1996,8-16-1996,6.01,Vins et alcools Chevalier,59 rue de l'Abbaye,Reims,,51100,France,24 - 200 g pkgs.,14,0,0,0,VINET,Vins et alcools Chevalier,Paul Henriot,Accounting Manager,59 rue de l'Abbaye,Reims,,51100,France,26.47.15.10,6,Michael Suyama,Sales Representative,10-17-1993,London,UK,1,Speedy Express,(503) 555-9831,14,Formaggi Fortini s.r.l.,Elio Rossi,Italy
10275,24,Guaran  Fant stica,Beverages,"Soft drinks, coffees, teas, beers, and ales",3.6,4.5,12,0.05,41.04,8-7-1996,9-4-1996,8-9-1996,26.93,Magazzini Alimentari Riuniti,Via Ludovico il Moro 22,Bergamo,,24100,Italy,12 - 355 ml cans,20,0,0,1,MAGAA,Magazzini Alimentari Riuniti,Giovanni Rovelli,Marketing Manager,Via Ludovico il Moro 22,Bergamo,,24100,Italy,035-640230,1,Nancy Davolio,Sales Representative,5-1-1992,Seattle,USA,1,Speedy Express,(503) 555-9831,10,Refrescos Americanas LTDA,Carlos Diaz,Brazil
10275,59,Raclette Courdavault,Dairy Products,Cheeses,44,55,6,0.05,250.8,8-7-1996,9-4-1996,8-9-1996,26.93,Magazzini Alimentari Riuniti,Via Ludovico il Moro 22,Bergamo,,24100,Italy,5 kg pkg.,79,0,0,0,MAGAA,Magazzini Alimentari Riuniti,Giovanni Rovelli,Marketing Manager,Via Ludovico il Moro 22,Bergamo,,24100,Italy,035-640230,1,Nancy Davolio,Sales Representative,5-1-1992,Seattle,USA,1,Speedy Express,(503) 555-9831,28,Gai p turage,Eliane Noz,France
10276,10,Ikura,Seafood,Seaweed and fish,24.8,31,15,0,372.0,8-8-1996,8-22-1996,8-14-1996,13.84,Tortuga Restaurante,Avda. Azteca 123,M xico D.F.,,05033,Mexico,12 - 200 ml jars,31,0,0,0,TORTU,Tortuga Restaurante,Miguel Angel Paolino,Owner,Avda. Azteca 123,M xico D.F.,,05033,Mexico,(5) 555-2933,8,Laura Callahan,Inside Sales Coordinator,3-5-1994,Seattle,USA,3,Federal Shipping,(503) 555-9931,4,Tokyo Traders,Yoshi Nagase,Japan
10276,13,Konbu,Seafood,Seaweed and fish,4.8,6,10,0,48.0,8-8-1996,8-22-1996,8-14-1996,13.84,Tortuga Restaurante,Avda. Azteca 123,M xico D.F.,,05033,Mexico,2 kg box,24,0,5,0,TORTU,Tortuga Restaurante,Miguel Angel Paolino,Owner,Avda. Azteca 123,M xico D.F.,,05033,Mexico,(5) 555-2933,8,Laura Callahan,Inside Sales Coordinator,3-5-1994,Seattle,USA,3,Federal Shipping,(503) 555-9931,6,Mayumi's,Mayumi Ohno,Japan
10277,28,R ssle Sauerkraut,Produce,Dried fruit and bean curd,36.4,45.6,20,0,728.0,8-9-1996,9-6-1996,8-13-1996,125.77,Morgenstern Gesundkost,Heerstr. 22,Leipzig,,04179,Germany,25 - 825 g cans,26,0,0,1,MORGK,Morgenstern Gesundkost,Alexander Feuer,Marketing Assistant,Heerstr. 22,Leipzig,,04179,Germany,0342-023176,2,Andrew Fuller,"Vice President, Sales",8-14-1992,Tacoma,USA,3,Federal Shipping,(503) 555-9931,12,Plutzer Lebensmittelgro m rkte AG,Martin Bein,Germany
10277,62,Tarte au sucre,Confections,"Desserts, candies, and sweet breads",39.4,49.3,12,0,472.8,8-9-1996,9-6-1996,8-13-1996,125.77,Morgenstern Gesundkost,Heerstr. 22,Leipzig,,04179,Germany,48 pies,17,0,0,0,MORGK,Morgenstern Gesundkost,Alexander Feuer,Marketing Assistant,Heerstr. 22,Leipzig,,04179,Germany,0342-023176,2,Andrew Fuller,"Vice President, Sales",8-14-1992,Tacoma,USA,3,Federal Shipping,(503) 555-9931,29,For ts d' rables,Chantal Goulet,Canada
10278,44,Gula Malacca,Condiments,"Sweet and savory sauces, relishes, spreads, and seasonings",15.5,19.45,16,0,248.0,8-12-1996,9-9-1996,8-16-1996,92.69,Berglunds snabbk p,Berguvsv gen  8,Lule,,S-958 22,Sweden,20 - 2 kg bags,27,0,15,0,BERGS,Berglunds snabbk p,Christina Berglund,Order Administrator,Berguvsv gen  8,Lule,,S-958 22,Sweden,0921-12 34 65,8,Laura Callahan,Inside Sales Coordinator,3-5-1994,Seattle,USA,2,United Package,(503) 555-3199,20,Leka Trading,Chandra Leka,Singapore
10278,59,Raclette Courdavault,Dairy Products,Cheeses,44,55,15,0,660.0,8-12-1996,9-9-1996,8-16-1996,92.69,Berglunds snabbk p,Berguvsv gen  8,Lule,,S-958 22,Sweden,5 kg pkg.,79,0,0,0,BERGS,Berglunds snabbk p,Christina Berglund,Order Administrator,Berguvsv gen  8,Lule,,S-958 22,Sweden,0921-12 34 65,8,Laura Callahan,Inside Sales Coordinator,3-5-1994,Seattle,USA,2,United Package,(503) 555-3199,28,Gai p turage,Eliane Noz,France
10278,63,Vegie-spread,Condiments,"Sweet and savory sauces, relishes, spreads, and seasonings",35.1,43.9,8,0,280.8,8-12-1996,9-9-1996,8-16-1996,92.69,Berglunds snabbk p,Berguvsv gen  8,Lule,,S-958 22,Sweden,15 - 625 g jars,24,0,5,0,BERGS,Berglunds snabbk p,Christina Berglund,Order Administrator,Berguvsv gen  8,Lule,,S-958 22,Sweden,0921-12 34 65,8,Laura Callahan,Inside Sales Coordinator,3-5-1994,Seattle,USA,2,United Package,(503) 555-3199,7,"Pavlova, Ltd.",Ian Devling,Australia
10278,73,R d Kaviar,Seafood,Seaweed and fish,12,15,25,0,300.0,8-12-1996,9-9-1996,8-16-1996,92.69,Berglunds snabbk p,Berguvsv gen  8,Lule,,S-958 22,Sweden,24 - 150 g jars,101,0,5,0,BERGS,Berglunds snabbk p,Christina Berglund,Order Administrator,Berguvsv gen  8,Lule,,S-958 22,Sweden,0921-12 34 65,8,Laura Callahan,Inside Sales Coordinator,3-5-1994,Seattle,USA,2,United Package,(503) 555-3199,17,Svensk Sj f da AB,Michael Bj rn,Sweden
10279,17,Alice Mutton,Meat/Poultry,Prepared meats,31.2,39,15,0.25,351.0,8-13-1996,9-10-1996,8-16-1996,25.83,Lehmanns Marktstand,Magazinweg 7,Frankfurt a.M.,,60528,Germany,20 - 1 kg tins,0,0,0,1,LEHMS,Lehmanns Marktstand,Renate Messner,Sales Representative,Magazinweg 7,Frankfurt a.M.,,60528,Germany,069-0245984,8,Laura Callahan,Inside Sales Coordinator,3-5-1994,Seattle,USA,2,United Package,(503) 555-3199,7,"Pavlova, Ltd.",Ian Devling,Australia
10280,24,Guaran  Fant stica,Beverages,"Soft drinks, coffees, teas, beers, and ales",3.6,4.5,12,0,43.2,8-14-1996,9-11-1996,9-12-1996,8.98,Berglunds snabbk p,Berguvsv gen  8,Lule,,S-958 22,Sweden,12 - 355 ml cans,20,0,0,1,BERGS,Berglunds snabbk p,Christina Berglund,Order Administrator,Berguvsv gen  8,Lule,,S-958 22,Sweden,0921-12 34 65,2,Andrew Fuller,"Vice President, Sales",8-14-1992,Tacoma,USA,1,Speedy Express,(503) 555-9831,10,Refrescos Americanas LTDA,Carlos Diaz,Brazil
10280,55,P t  chinois,Meat/Poultry,Prepared meats,19.2,24,20,0,384.0,8-14-1996,9-11-1996,9-12-1996,8.98,Berglunds snabbk p,Berguvsv gen  8,Lule,,S-958 22,Sweden,24 boxes x 2 pies,115,0,20,0,BERGS,Berglunds snabbk p,Christina Berglund,Order Administrator,Berguvsv gen  8,Lule,,S-958 22,Sweden,0921-12 34 65,2,Andrew Fuller,"Vice President, Sales",8-14-1992,Tacoma,USA,1,Speedy Express,(503) 555-9831,25,Ma Maison,Jean-Guy Lauzon,Canada
10280,75,Rh nbr u Klosterbier,Beverages,"Soft drinks, coffees, teas, beers, and ales",6.2,7.75,30,0,186.0,8-14-1996,9-11-1996,9-12-1996,8.98,Berglunds snabbk p,Berguvsv gen  8,Lule,,S-958 22,Sweden,24 - 0.5 l bottles,125,0,25,0,BERGS,Berglunds snabbk p,Christina Berglund,Order Administrator,Berguvsv gen  8,Lule,,S-958 22,Sweden,0921-12 34 65,2,Andrew Fuller,"Vice President, Sales",8-14-1992,Tacoma,USA,1,Speedy Express,(503) 555-9831,12,Plutzer Lebensmittelgro m rkte AG,Martin Bein,Germany
10281,19,Teatime Chocolate Biscuits,Confections,"Desserts, candies, and sweet breads",7.3,9.2,1,0,7.3,8-14-1996,8-28-1996,8-21-1996,2.94,Romero y tomillo,"Gran V a, 1",Madrid,,28001,Spain,10 boxes x 12 pieces,25,0,5,0,ROMEY,Romero y tomillo,Alejandra Camino,Accounting Manager,"Gran V a, 1",Madrid,,28001,Spain,(91) 745 6200,4,Margaret Peacock,Sales Representative,5-3-1993,Redmond,USA,1,Speedy Express,(503) 555-9831,8,"Specialty Biscuits, Ltd.",Peter Wilson,UK
10281,24,Guaran  Fant stica,Beverages,"Soft drinks, coffees, teas, beers, and ales",3.6,4.5,6,0,21.6,8-14-1996,8-28-1996,8-21-1996,2.94,Romero y tomillo,"Gran V a, 1",Madrid,,28001,Spain,12 - 355 ml cans,20,0,0,1,ROMEY,Romero y tomillo,Alejandra Camino,Accounting Manager,"Gran V a, 1",Madrid,,28001,Spain,(91) 745 6200,4,Margaret Peacock,Sales Representative,5-3-1993,Redmond,USA,1,Speedy Express,(503) 555-9831,10,Refrescos Americanas LTDA,Carlos Diaz,Brazil
10281,35,Steeleye Stout,Beverages,"Soft drinks, coffees, teas, beers, and ales",14.4,18,4,0,57.6,8-14-1996,8-28-1996,8-21-1996,2.94,Romero y tomillo,"Gran V a, 1",Madrid,,28001,Spain,24 - 12 oz bottles,20,0,15,0,ROMEY,Romero y tomillo,Alejandra Camino,Accounting Manager,"Gran V a, 1",Madrid,,28001,Spain,(91) 745 6200,4,Margaret Peacock,Sales Representative,5-3-1993,Redmond,USA,1,Speedy Express,(503) 555-9831,16,Bigfoot Breweries,Cheryl Saylor,USA
10282,30,Nord-Ost Matjeshering,Seafood,Seaweed and fish,20.7,25.89,6,0,124.2,8-15-1996,9-12-1996,8-21-1996,12.69,Romero y tomillo,"Gran V a, 1",Madrid,,28001,Spain,10 - 200 g glasses,10,0,15,0,ROMEY,Romero y tomillo,Alejandra Camino,Accounting Manager,"Gran V a, 1",Madrid,,28001,Spain,(91) 745 6200,4,Margaret Peacock,Sales Representative,5-3-1993,Redmond,USA,1,Speedy Express,(503) 555-9831,13,Nord-Ost-Fisch Handelsgesellschaft mbH,Sven Petersen,Germany
10282,57,Ravioli Angelo,Grains/Cereals,"Breads, crackers, pasta, and cereal",15.6,19.5,2,0,31.2,8-15-1996,9-12-1996,8-21-1996,12.69,Romero y tomillo,"Gran V a, 1",Madrid,,28001,Spain,24 - 250 g pkgs.,36,0,20,0,ROMEY,Romero y tomillo,Alejandra Camino,Accounting Manager,"Gran V a, 1",Madrid,,28001,Spain,(91) 745 6200,4,Margaret Peacock,Sales Representative,5-3-1993,Redmond,USA,1,Speedy Express,(503) 555-9831,26,Pasta Buttini s.r.l.,Giovanni Giudici,Italy
10283,15,Genen Shouyu,Condiments,"Sweet and savory sauces, relishes, spreads, and seasonings",12.4,13,20,0,248.0,8-16-1996,9-13-1996,8-23-1996,84.81,LILA-Supermercado,Carrera 52 con Ave. Bol var #65-98 Llano Largo,Barquisimeto,Lara,3508,Venezuela,24 - 250 ml bottles,39,0,5,0,LILAS,LILA-Supermercado,Carlos Gonz lez,Accounting Manager,Carrera 52 con Ave. Bol var #65-98 Llano Largo,Barquisimeto,Lara,3508,Venezuela,(9) 331-6954,3,Janet Leverling,Sales Representative,4-1-1992,Kirkland,USA,3,Federal Shipping,(503) 555-9931,6,Mayumi's,Mayumi Ohno,Japan
10283,19,Teatime Chocolate Biscuits,Confections,"Desserts, candies, and sweet breads",7.3,9.2,18,0,131.4,8-16-1996,9-13-1996,8-23-1996,84.81,LILA-Supermercado,Carrera 52 con Ave. Bol var #65-98 Llano Largo,Barquisimeto,Lara,3508,Venezuela,10 boxes x 12 pieces,25,0,5,0,LILAS,LILA-Supermercado,Carlos Gonz lez,Accounting Manager,Carrera 52 con Ave. Bol var #65-98 Llano Largo,Barquisimeto,Lara,3508,Venezuela,(9) 331-6954,3,Janet Leverling,Sales Representative,4-1-1992,Kirkland,USA,3,Federal Shipping,(503) 555-9931,8,"Specialty Biscuits, Ltd.",Peter Wilson,UK
10283,60,Camembert Pierrot,Dairy Products,Cheeses,27.2,34,35,0,952.0,8-16-1996,9-13-1996,8-23-1996,84.81,LILA-Supermercado,Carrera 52 con Ave. Bol var #65-98 Llano Largo,Barquisimeto,Lara,3508,Venezuela,15 - 300 g rounds,19,0,0,0,LILAS,LILA-Supermercado,Carlos Gonz lez,Accounting Manager,Carrera 52 con Ave. Bol var #65-98 Llano Largo,Barquisimeto,Lara,3508,Venezuela,(9) 331-6954,3,Janet Leverling,Sales Representative,4-1-1992,Kirkland,USA,3,Federal Shipping,(503) 555-9931,28,Gai p turage,Eliane Noz,France
10283,72,Mozzarella di Giovanni,Dairy Products,Cheeses,27.8,34.8,3,0,83.4,8-16-1996,9-13-1996,8-23-1996,84.81,LILA-Supermercado,Carrera 52 con Ave. Bol var #65-98 Llano Largo,Barquisimeto,Lara,3508,Venezuela,24 - 200 g pkgs.,14,0,0,0,LILAS,LILA-Supermercado,Carlos Gonz lez,Accounting Manager,Carrera 52 con Ave. Bol var #65-98 Llano Largo,Barquisimeto,Lara,3508,Venezuela,(9) 331-6954,3,Janet Leverling,Sales Representative,4-1-1992,Kirkland,USA,3,Federal Shipping,(503) 555-9931,14,Formaggi Fortini s.r.l.,Elio Rossi,Italy
10284,27,Schoggi Schokolade,Confections,"Desserts, candies, and sweet breads",35.1,43.9,15,0.25,394.88,8-19-1996,9-16-1996,8-27-1996,76.56,Lehmanns Marktstand,Magazinweg 7,Frankfurt a.M.,,60528,Germany,100 - 100 g pieces,49,0,30,0,LEHMS,Lehmanns Marktstand,Renate Messner,Sales Representative,Magazinweg 7,Frankfurt a.M.,,60528,Germany,069-0245984,4,Margaret Peacock,Sales Representative,5-3-1993,Redmond,USA,1,Speedy Express,(503) 555-9831,11,Heli S  waren GmbH & Co. KG,Petra Winkler,Germany
10284,44,Gula Malacca,Condiments,"Sweet and savory sauces, relishes, spreads, and seasonings",15.5,19.45,21,0,325.5,8-19-1996,9-16-1996,8-27-1996,76.56,Lehmanns Marktstand,Magazinweg 7,Frankfurt a.M.,,60528,Germany,20 - 2 kg bags,27,0,15,0,LEHMS,Lehmanns Marktstand,Renate Messner,Sales Representative,Magazinweg 7,Frankfurt a.M.,,60528,Germany,069-0245984,4,Margaret Peacock,Sales Representative,5-3-1993,Redmond,USA,1,Speedy Express,(503) 555-9831,20,Leka Trading,Chandra Leka,Singapore
10284,60,Camembert Pierrot,Dairy Products,Cheeses,27.2,34,20,0.25,408.0,8-19-1996,9-16-1996,8-27-1996,76.56,Lehmanns Marktstand,Magazinweg 7,Frankfurt a.M.,,60528,Germany,15 - 300 g rounds,19,0,0,0,LEHMS,Lehmanns Marktstand,Renate Messner,Sales Representative,Magazinweg 7,Frankfurt a.M.,,60528,Germany,069-0245984,4,Margaret Peacock,Sales Representative,5-3-1993,Redmond,USA,1,Speedy Express,(503) 555-9831,28,Gai p turage,Eliane Noz,France
10284,67,Laughing Lumberjack Lager,Beverages,"Soft drinks, coffees, teas, beers, and ales",11.2,14,5,0.25,42.0,8-19-1996,9-16-1996,8-27-1996,76.56,Lehmanns Marktstand,Magazinweg 7,Frankfurt a.M.,,60528,Germany,24 - 12 oz bottles,52,0,10,0,LEHMS,Lehmanns Marktstand,Renate Messner,Sales Representative,Magazinweg 7,Frankfurt a.M.,,60528,Germany,069-0245984,4,Margaret Peacock,Sales Representative,5-3-1993,Redmond,USA,1,Speedy Express,(503) 555-9831,16,Bigfoot Breweries,Cheryl Saylor,USA
10285,1,Chai,Beverages,"Soft drinks, coffees, teas, beers, and ales",14.4,18,45,0.2,518.4,8-20-1996,9-17-1996,8-26-1996,76.83,QUICK-Stop,Taucherstra e 10,Cunewalde,,01307,Germany,10 boxes x 30 bags,39,0,10,1,QUICK,QUICK-Stop,Horst Kloss,Accounting Manager,Taucherstra e 10,Cunewalde,,01307,Germany,0372-035188,1,Nancy Davolio,Sales Representative,5-1-1992,Seattle,USA,2,United Package,(503) 555-3199,8,"Specialty Biscuits, Ltd.",Peter Wilson,UK
10285,40,Boston Crab Meat,Seafood,Seaweed and fish,14.7,18.4,40,0.2,470.4,8-20-1996,9-17-1996,8-26-1996,76.83,QUICK-Stop,Taucherstra e 10,Cunewalde,,01307,Germany,24 - 4 oz tins,123,0,30,0,QUICK,QUICK-Stop,Horst Kloss,Accounting Manager,Taucherstra e 10,Cunewalde,,01307,Germany,0372-035188,1,Nancy Davolio,Sales Representative,5-1-1992,Seattle,USA,2,United Package,(503) 555-3199,19,New England Seafood Cannery,Robb Merchant,USA
10285,53,Perth Pasties,Meat/Poultry,Prepared meats,26.2,32.8,36,0.2,754.56,8-20-1996,9-17-1996,8-26-1996,76.83,QUICK-Stop,Taucherstra e 10,Cunewalde,,01307,Germany,48 pieces,0,0,0,1,QUICK,QUICK-Stop,Horst Kloss,Accounting Manager,Taucherstra e 10,Cunewalde,,01307,Germany,0372-035188,1,Nancy Davolio,Sales Representative,5-1-1992,Seattle,USA,2,United Package,(503) 555-3199,24,"G'day, Mate",Wendy Mackenzie,Australia
10286,35,Steeleye Stout,Beverages,"Soft drinks, coffees, teas, beers, and ales",14.4,18,100,0,1440.0,8-21-1996,9-18-1996,8-30-1996,229.24,QUICK-Stop,Taucherstra e 10,Cunewalde,,01307,Germany,24 - 12 oz bottles,20,0,15,0,QUICK,QUICK-Stop,Horst Kloss,Accounting Manager,Taucherstra e 10,Cunewalde,,01307,Germany,0372-035188,8,Laura Callahan,Inside Sales Coordinator,3-5-1994,Seattle,USA,3,Federal Shipping,(503) 555-9931,16,Bigfoot Breweries,Cheryl Saylor,USA
10286,62,Tarte au sucre,Confections,"Desserts, candies, and sweet breads",39.4,49.3,40,0,1576.0,8-21-1996,9-18-1996,8-30-1996,229.24,QUICK-Stop,Taucherstra e 10,Cunewalde,,01307,Germany,48 pies,17,0,0,0,QUICK,QUICK-Stop,Horst Kloss,Accounting Manager,Taucherstra e 10,Cunewalde,,01307,Germany,0372-035188,8,Laura Callahan,Inside Sales Coordinator,3-5-1994,Seattle,USA,3,Federal Shipping,(503) 555-9931,29,For ts d' rables,Chantal Goulet,Canada
10287,16,Pavlova,Confections,"Desserts, candies, and sweet breads",13.9,17.45,40,0.15,472.6,8-22-1996,9-19-1996,8-28-1996,12.76,Ricardo Adocicados,"Av. Copacabana, 267",Rio de Janeiro,RJ,02389-890,Brazil,32 - 500 g boxes,29,0,10,0,RICAR,Ricardo Adocicados,Janete Limeira,Assistant Sales Agent,"Av. Copacabana, 267",Rio de Janeiro,RJ,02389-890,Brazil,(21) 555-3412,8,Laura Callahan,Inside Sales Coordinator,3-5-1994,Seattle,USA,3,Federal Shipping,(503) 555-9931,7,"Pavlova, Ltd.",Ian Devling,Australia
10287,34,Sasquatch Ale,Beverages,"Soft drinks, coffees, teas, beers, and ales",11.2,14,20,0,224.0,8-22-1996,9-19-1996,8-28-1996,12.76,Ricardo Adocicados,"Av. Copacabana, 267",Rio de Janeiro,RJ,02389-890,Brazil,24 - 12 oz bottles,111,0,15,0,RICAR,Ricardo Adocicados,Janete Limeira,Assistant Sales Agent,"Av. Copacabana, 267",Rio de Janeiro,RJ,02389-890,Brazil,(21) 555-3412,8,Laura Callahan,Inside Sales Coordinator,3-5-1994,Seattle,USA,3,Federal Shipping,(503) 555-9931,16,Bigfoot Breweries,Cheryl Saylor,USA
10287,46,Spegesild,Seafood,Seaweed and fish,9.6,12,15,0.15,122.4,8-22-1996,9-19-1996,8-28-1996,12.76,Ricardo Adocicados,"Av. Copacabana, 267",Rio de Janeiro,RJ,02389-890,Brazil,4 - 450 g glasses,95,0,0,0,RICAR,Ricardo Adocicados,Janete Limeira,Assistant Sales Agent,"Av. Copacabana, 267",Rio de Janeiro,RJ,02389-890,Brazil,(21) 555-3412,8,Laura Callahan,Inside Sales Coordinator,3-5-1994,Seattle,USA,3,Federal Shipping,(503) 555-9931,21,Lyngbysild,Niels Petersen,Denmark
10288,54,Tourti re,Meat/Poultry,Prepared meats,5.9,7.45,10,0.1,53.1,8-23-1996,9-20-1996,9-3-1996,7.45,Reggiani Caseifici,Strada Provinciale 124,Reggio Emilia,,42100,Italy,16 pies,21,0,10,0,REGGC,Reggiani Caseifici,Maurizio Moroni,Sales Associate,Strada Provinciale 124,Reggio Emilia,,42100,Italy,0522-556721,4,Margaret Peacock,Sales Representative,5-3-1993,Redmond,USA,1,Speedy Express,(503) 555-9831,25,Ma Maison,Jean-Guy Lauzon,Canada
10288,68,Scottish Longbreads,Confections,"Desserts, candies, and sweet breads",10,12.5,3,0.1,27.0,8-23-1996,9-20-1996,9-3-1996,7.45,Reggiani Caseifici,Strada Provinciale 124,Reggio Emilia,,42100,Italy,10 boxes x 8 pieces,6,10,15,0,REGGC,Reggiani Caseifici,Maurizio Moroni,Sales Associate,Strada Provinciale 124,Reggio Emilia,,42100,Italy,0522-556721,4,Margaret Peacock,Sales Representative,5-3-1993,Redmond,USA,1,Speedy Express,(503) 555-9831,8,"Specialty Biscuits, Ltd.",Peter Wilson,UK
10289,3,Aniseed Syrup,Condiments,"Sweet and savory sauces, relishes, spreads, and seasonings",8,10,30,0,240.0,8-26-1996,9-23-1996,8-28-1996,22.77,B's Beverages,Fauntleroy Circus,London,,EC2 5NT,UK,12 - 550 ml bottles,13,70,25,0,BSBEV,B's Beverages,Victoria Ashworth,Sales Representative,Fauntleroy Circus,London,,EC2 5NT,UK,(171) 555-1212,7,Robert King,Sales Representative,1-2-1994,London,UK,3,Federal Shipping,(503) 555-9931,1,Exotic Liquids,Charlotte Cooper,UK
10289,64,Wimmers gute Semmelkn del,Grains/Cereals,"Breads, crackers, pasta, and cereal",26.6,33.25,9,0,239.4,8-26-1996,9-23-1996,8-28-1996,22.77,B's Beverages,Fauntleroy Circus,London,,EC2 5NT,UK,20 bags x 4 pieces,22,80,30,0,BSBEV,B's Beverages,Victoria Ashworth,Sales Representative,Fauntleroy Circus,London,,EC2 5NT,UK,(171) 555-1212,7,Robert King,Sales Representative,1-2-1994,London,UK,3,Federal Shipping,(503) 555-9931,12,Plutzer Lebensmittelgro m rkte AG,Martin Bein,Germany
10290,5,Chef Anton's Gumbo Mix,Condiments,"Sweet and savory sauces, relishes, spreads, and seasonings",17,21.35,20,0,340.0,8-27-1996,9-24-1996,9-3-1996,79.7,Com rcio Mineiro,"Av. dos Lus adas, 23",Sao Paulo,SP,05432-043,Brazil,36 boxes,0,0,0,1,COMMI,Com rcio Mineiro,Pedro Afonso,Sales Associate,"Av. dos Lus adas, 23",Sao Paulo,SP,05432-043,Brazil,(11) 555-7647,8,Laura Callahan,Inside Sales Coordinator,3-5-1994,Seattle,USA,1,Speedy Express,(503) 555-9831,2,New Orleans Cajun Delights,Shelley Burke,USA
10290,29,Th ringer Rostbratwurst,Meat/Poultry,Prepared meats,99,123.79,15,0,1485.0,8-27-1996,9-24-1996,9-3-1996,79.7,Com rcio Mineiro,"Av. dos Lus adas, 23",Sao Paulo,SP,05432-043,Brazil,50 bags x 30 sausgs.,0,0,0,1,COMMI,Com rcio Mineiro,Pedro Afonso,Sales Associate,"Av. dos Lus adas, 23",Sao Paulo,SP,05432-043,Brazil,(11) 555-7647,8,Laura Callahan,Inside Sales Coordinator,3-5-1994,Seattle,USA,1,Speedy Express,(503) 555-9831,12,Plutzer Lebensmittelgro m rkte AG,Martin Bein,Germany
10290,49,Maxilaku,Confections,"Desserts, candies, and sweet breads",16,20,15,0,240.0,8-27-1996,9-24-1996,9-3-1996,79.7,Com rcio Mineiro,"Av. dos Lus adas, 23",Sao Paulo,SP,05432-043,Brazil,24 - 50 g pkgs.,10,60,15,0,COMMI,Com rcio Mineiro,Pedro Afonso,Sales Associate,"Av. dos Lus adas, 23",Sao Paulo,SP,05432-043,Brazil,(11) 555-7647,8,Laura Callahan,Inside Sales Coordinator,3-5-1994,Seattle,USA,1,Speedy Express,(503) 555-9831,23,Karkki Oy,Anne Heikkonen,Finland
10290,77,Original Frankfurter gr ne So e,Condiments,"Sweet and savory sauces, relishes, spreads, and seasonings",10.4,13,10,0,104.0,8-27-1996,9-24-1996,9-3-1996,79.7,Com rcio Mineiro,"Av. dos Lus adas, 23",Sao Paulo,SP,05432-043,Brazil,12 boxes,32,0,15,0,COMMI,Com rcio Mineiro,Pedro Afonso,Sales Associate,"Av. dos Lus adas, 23",Sao Paulo,SP,05432-043,Brazil,(11) 555-7647,8,Laura Callahan,Inside Sales Coordinator,3-5-1994,Seattle,USA,1,Speedy Express,(503) 555-9831,12,Plutzer Lebensmittelgro m rkte AG,Martin Bein,Germany
10291,13,Konbu,Seafood,Seaweed and fish,4.8,6,20,0.1,86.4,8-27-1996,9-24-1996,9-4-1996,6.4,Que Del cia,"Rua da Panificadora, 12",Rio de Janeiro,RJ,02389-673,Brazil,2 kg box,24,0,5,0,QUEDE,Que Del cia,Bernardo Batista,Accounting Manager,"Rua da Panificadora, 12",Rio de Janeiro,RJ,02389-673,Brazil,(21) 555-4252,6,Michael Suyama,Sales Representative,10-17-1993,London,UK,2,United Package,(503) 555-3199,6,Mayumi's,Mayumi Ohno,Japan
10291,44,Gula Malacca,Condiments,"Sweet and savory sauces, relishes, spreads, and seasonings",15.5,19.45,24,0.1,334.8,8-27-1996,9-24-1996,9-4-1996,6.4,Que Del cia,"Rua da Panificadora, 12",Rio de Janeiro,RJ,02389-673,Brazil,20 - 2 kg bags,27,0,15,0,QUEDE,Que Del cia,Bernardo Batista,Accounting Manager,"Rua da Panificadora, 12",Rio de Janeiro,RJ,02389-673,Brazil,(21) 555-4252,6,Michael Suyama,Sales Representative,10-17-1993,London,UK,2,United Package,(503) 555-3199,20,Leka Trading,Chandra Leka,Singapore
10291,51,Manjimup Dried Apples,Produce,Dried fruit and bean curd,42.4,53,2,0.1,76.32,8-27-1996,9-24-1996,9-4-1996,6.4,Que Del cia,"Rua da Panificadora, 12",Rio de Janeiro,RJ,02389-673,Brazil,50 - 300 g pkgs.,20,0,10,0,QUEDE,Que Del cia,Bernardo Batista,Accounting Manager,"Rua da Panificadora, 12",Rio de Janeiro,RJ,02389-673,Brazil,(21) 555-4252,6,Michael Suyama,Sales Representative,10-17-1993,London,UK,2,United Package,(503) 555-3199,24,"G'day, Mate",Wendy Mackenzie,Australia
10292,20,Sir Rodney's Marmalade,Confections,"Desserts, candies, and sweet breads",64.8,81,20,0,1296.0,8-28-1996,9-25-1996,9-2-1996,1.35,Tradi ao Hipermercados,"Av. In s de Castro, 414",Sao Paulo,SP,05634-030,Brazil,30 gift boxes,40,0,0,0,TRADH,Tradi  o Hipermercados,Anabela Domingues,Sales Representative,"Av. In s de Castro, 414",Sao Paulo,SP,05634-030,Brazil,(11) 555-2167,1,Nancy Davolio,Sales Representative,5-1-1992,Seattle,USA,2,United Package,(503) 555-3199,8,"Specialty Biscuits, Ltd.",Peter Wilson,UK
10293,18,Carnarvon Tigers,Seafood,Seaweed and fish,50,62.5,12,0,600.0,8-29-1996,9-26-1996,9-11-1996,21.18,Tortuga Restaurante,Avda. Azteca 123,M xico D.F.,,05033,Mexico,16 kg pkg.,42,0,0,0,TORTU,Tortuga Restaurante,Miguel Angel Paolino,Owner,Avda. Azteca 123,M xico D.F.,,05033,Mexico,(5) 555-2933,1,Nancy Davolio,Sales Representative,5-1-1992,Seattle,USA,3,Federal Shipping,(503) 555-9931,7,"Pavlova, Ltd.",Ian Devling,Australia
10293,24,Guaran  Fant stica,Beverages,"Soft drinks, coffees, teas, beers, and ales",3.6,4.5,10,0,36.0,8-29-1996,9-26-1996,9-11-1996,21.18,Tortuga Restaurante,Avda. Azteca 123,M xico D.F.,,05033,Mexico,12 - 355 ml cans,20,0,0,1,TORTU,Tortuga Restaurante,Miguel Angel Paolino,Owner,Avda. Azteca 123,M xico D.F.,,05033,Mexico,(5) 555-2933,1,Nancy Davolio,Sales Representative,5-1-1992,Seattle,USA,3,Federal Shipping,(503) 555-9931,10,Refrescos Americanas LTDA,Carlos Diaz,Brazil
10293,63,Vegie-spread,Condiments,"Sweet and savory sauces, relishes, spreads, and seasonings",35.1,43.9,5,0,175.5,8-29-1996,9-26-1996,9-11-1996,21.18,Tortuga Restaurante,Avda. Azteca 123,M xico D.F.,,05033,Mexico,15 - 625 g jars,24,0,5,0,TORTU,Tortuga Restaurante,Miguel Angel Paolino,Owner,Avda. Azteca 123,M xico D.F.,,05033,Mexico,(5) 555-2933,1,Nancy Davolio,Sales Representative,5-1-1992,Seattle,USA,3,Federal Shipping,(503) 555-9931,7,"Pavlova, Ltd.",Ian Devling,Australia
10293,75,Rh nbr u Klosterbier,Beverages,"Soft drinks, coffees, teas, beers, and ales",6.2,7.75,6,0,37.2,8-29-1996,9-26-1996,9-11-1996,21.18,Tortuga Restaurante,Avda. Azteca 123,M xico D.F.,,05033,Mexico,24 - 0.5 l bottles,125,0,25,0,TORTU,Tortuga Restaurante,Miguel Angel Paolino,Owner,Avda. Azteca 123,M xico D.F.,,05033,Mexico,(5) 555-2933,1,Nancy Davolio,Sales Representative,5-1-1992,Seattle,USA,3,Federal Shipping,(503) 555-9931,12,Plutzer Lebensmittelgro m rkte AG,Martin Bein,Germany
10294,1,Chai,Beverages,"Soft drinks, coffees, teas, beers, and ales",14.4,18,18,0,259.2,8-30-1996,9-27-1996,9-5-1996,147.26,Rattlesnake Canyon Grocery,2817 Milton Dr.,Albuquerque,NM,87110,USA,10 boxes x 30 bags,39,0,10,1,RATTC,Rattlesnake Canyon Grocery,Paula Wilson,Assistant Sales Representative,2817 Milton Dr.,Albuquerque,NM,87110,USA,(505) 555-5939,4,Margaret Peacock,Sales Representative,5-3-1993,Redmond,USA,2,United Package,(503) 555-3199,8,"Specialty Biscuits, Ltd.",Peter Wilson,UK
10294,17,Alice Mutton,Meat/Poultry,Prepared meats,31.2,39,15,0,468.0,8-30-1996,9-27-1996,9-5-1996,147.26,Rattlesnake Canyon Grocery,2817 Milton Dr.,Albuquerque,NM,87110,USA,20 - 1 kg tins,0,0,0,1,RATTC,Rattlesnake Canyon Grocery,Paula Wilson,Assistant Sales Representative,2817 Milton Dr.,Albuquerque,NM,87110,USA,(505) 555-5939,4,Margaret Peacock,Sales Representative,5-3-1993,Redmond,USA,2,United Package,(503) 555-3199,7,"Pavlova, Ltd.",Ian Devling,Australia
10294,43,Ipoh Coffee,Beverages,"Soft drinks, coffees, teas, beers, and ales",36.8,46,15,0,552.0,8-30-1996,9-27-1996,9-5-1996,147.26,Rattlesnake Canyon Grocery,2817 Milton Dr.,Albuquerque,NM,87110,USA,16 - 500 g tins,17,10,25,0,RATTC,Rattlesnake Canyon Grocery,Paula Wilson,Assistant Sales Representative,2817 Milton Dr.,Albuquerque,NM,87110,USA,(505) 555-5939,4,Margaret Peacock,Sales Representative,5-3-1993,Redmond,USA,2,United Package,(503) 555-3199,20,Leka Trading,Chandra Leka,Singapore
10294,60,Camembert Pierrot,Dairy Products,Cheeses,27.2,34,21,0,571.2,8-30-1996,9-27-1996,9-5-1996,147.26,Rattlesnake Canyon Grocery,2817 Milton Dr.,Albuquerque,NM,87110,USA,15 - 300 g rounds,19,0,0,0,RATTC,Rattlesnake Canyon Grocery,Paula Wilson,Assistant Sales Representative,2817 Milton Dr.,Albuquerque,NM,87110,USA,(505) 555-5939,4,Margaret Peacock,Sales Representative,5-3-1993,Redmond,USA,2,United Package,(503) 555-3199,28,Gai p turage,Eliane Noz,France
10294,75,Rh nbr u Klosterbier,Beverages,"Soft drinks, coffees, teas, beers, and ales",6.2,7.75,6,0,37.2,8-30-1996,9-27-1996,9-5-1996,147.26,Rattlesnake Canyon Grocery,2817 Milton Dr.,Albuquerque,NM,87110,USA,24 - 0.5 l bottles,125,0,25,0,RATTC,Rattlesnake Canyon Grocery,Paula Wilson,Assistant Sales Representative,2817 Milton Dr.,Albuquerque,NM,87110,USA,(505) 555-5939,4,Margaret Peacock,Sales Representative,5-3-1993,Redmond,USA,2,United Package,(503) 555-3199,12,Plutzer Lebensmittelgro m rkte AG,Martin Bein,Germany
10295,56,Gnocchi di nonna Alice,Grains/Cereals,"Breads, crackers, pasta, and cereal",30.4,38,4,0,121.6,9-2-1996,9-30-1996,9-10-1996,1.15,Vins et alcools Chevalier,59 rue de l'Abbaye,Reims,,51100,France,24 - 250 g pkgs.,21,10,30,0,VINET,Vins et alcools Chevalier,Paul Henriot,Accounting Manager,59 rue de l'Abbaye,Reims,,51100,France,26.47.15.10,2,Andrew Fuller,"Vice President, Sales",8-14-1992,Tacoma,USA,2,United Package,(503) 555-3199,26,Pasta Buttini s.r.l.,Giovanni Giudici,Italy
10296,11,Queso Cabrales,Dairy Products,Cheeses,16.8,21,12,0,201.6,9-3-1996,10-1-1996,9-11-1996,0.12,LILA-Supermercado,Carrera 52 con Ave. Bol var #65-98 Llano Largo,Barquisimeto,Lara,3508,Venezuela,1 kg pkg.,22,30,30,0,LILAS,LILA-Supermercado,Carlos Gonz lez,Accounting Manager,Carrera 52 con Ave. Bol var #65-98 Llano Largo,Barquisimeto,Lara,3508,Venezuela,(9) 331-6954,6,Michael Suyama,Sales Representative,10-17-1993,London,UK,1,Speedy Express,(503) 555-9831,5,Cooperativa de Quesos 'Las Cabras',Antonio del Valle Saavedra,Spain
10296,16,Pavlova,Confections,"Desserts, candies, and sweet breads",13.9,17.45,30,0,417.0,9-3-1996,10-1-1996,9-11-1996,0.12,LILA-Supermercado,Carrera 52 con Ave. Bol var #65-98 Llano Largo,Barquisimeto,Lara,3508,Venezuela,32 - 500 g boxes,29,0,10,0,LILAS,LILA-Supermercado,Carlos Gonz lez,Accounting Manager,Carrera 52 con Ave. Bol var #65-98 Llano Largo,Barquisimeto,Lara,3508,Venezuela,(9) 331-6954,6,Michael Suyama,Sales Representative,10-17-1993,London,UK,1,Speedy Express,(503) 555-9831,7,"Pavlova, Ltd.",Ian Devling,Australia
10296,69,Gudbrandsdalsost,Dairy Products,Cheeses,28.8,36,15,0,432.0,9-3-1996,10-1-1996,9-11-1996,0.12,LILA-Supermercado,Carrera 52 con Ave. Bol var #65-98 Llano Largo,Barquisimeto,Lara,3508,Venezuela,10 kg pkg.,26,0,15,0,LILAS,LILA-Supermercado,Carlos Gonz lez,Accounting Manager,Carrera 52 con Ave. Bol var #65-98 Llano Largo,Barquisimeto,Lara,3508,Venezuela,(9) 331-6954,6,Michael Suyama,Sales Representative,10-17-1993,London,UK,1,Speedy Express,(503) 555-9831,15,Norske Meierier,Beate Vileid,Norway
10297,39,Chartreuse verte,Beverages,"Soft drinks, coffees, teas, beers, and ales",14.4,18,60,0,864.0,9-4-1996,10-16-1996,9-10-1996,5.74,Blondel p re et fils,"24, place Kl ber",Strasbourg,,67000,France,750 cc per bottle,69,0,5,0,BLONP,Blondesddsl p re et fils,Fr d rique Citeaux,Marketing Manager,"24, place Kl ber",Strasbourg,,67000,France,88.60.15.31,5,Steven Buchanan,Sales Manager,10-17-1993,London,UK,2,United Package,(503) 555-3199,18,Aux joyeux eccl siastiques,Guyl ne Nodier,France
10297,72,Mozzarella di Giovanni,Dairy Products,Cheeses,27.8,34.8,20,0,556.0,9-4-1996,10-16-1996,9-10-1996,5.74,Blondel p re et fils,"24, place Kl ber",Strasbourg,,67000,France,24 - 200 g pkgs.,14,0,0,0,BLONP,Blondesddsl p re et fils,Fr d rique Citeaux,Marketing Manager,"24, place Kl ber",Strasbourg,,67000,France,88.60.15.31,5,Steven Buchanan,Sales Manager,10-17-1993,London,UK,2,United Package,(503) 555-3199,14,Formaggi Fortini s.r.l.,Elio Rossi,Italy
10298,2,Chang,Beverages,"Soft drinks, coffees, teas, beers, and ales",15.2,19,40,0,608.0,9-5-1996,10-3-1996,9-11-1996,168.22,Hungry Owl All-Night Grocers,8 Johnstown Road,Cork,Co. Cork,,Ireland,24 - 12 oz bottles,17,40,25,1,HUNGO,Hungry Owl All-Night Grocers,Patricia McKenna,Sales Associate,8 Johnstown Road,Cork,Co. Cork,,Ireland,2967 542,6,Michael Suyama,Sales Representative,10-17-1993,London,UK,2,United Package,(503) 555-3199,1,Exotic Liquids,Charlotte Cooper,UK
10298,36,Inlagd Sill,Seafood,Seaweed and fish,15.2,19,40,0.25,456.0,9-5-1996,10-3-1996,9-11-1996,168.22,Hungry Owl All-Night Grocers,8 Johnstown Road,Cork,Co. Cork,,Ireland,24 - 250 g  jars,112,0,20,0,HUNGO,Hungry Owl All-Night Grocers,Patricia McKenna,Sales Associate,8 Johnstown Road,Cork,Co. Cork,,Ireland,2967 542,6,Michael Suyama,Sales Representative,10-17-1993,London,UK,2,United Package,(503) 555-3199,17,Svensk Sj f da AB,Michael Bj rn,Sweden
10298,59,Raclette Courdavault,Dairy Products,Cheeses,44,55,30,0.25,990.0,9-5-1996,10-3-1996,9-11-1996,168.22,Hungry Owl All-Night Grocers,8 Johnstown Road,Cork,Co. Cork,,Ireland,5 kg pkg.,79,0,0,0,HUNGO,Hungry Owl All-Night Grocers,Patricia McKenna,Sales Associate,8 Johnstown Road,Cork,Co. Cork,,Ireland,2967 542,6,Michael Suyama,Sales Representative,10-17-1993,London,UK,2,United Package,(503) 555-3199,28,Gai p turage,Eliane Noz,France
10298,62,Tarte au sucre,Confections,"Desserts, candies, and sweet breads",39.4,49.3,15,0,591.0,9-5-1996,10-3-1996,9-11-1996,168.22,Hungry Owl All-Night Grocers,8 Johnstown Road,Cork,Co. Cork,,Ireland,48 pies,17,0,0,0,HUNGO,Hungry Owl All-Night Grocers,Patricia McKenna,Sales Associate,8 Johnstown Road,Cork,Co. Cork,,Ireland,2967 542,6,Michael Suyama,Sales Representative,10-17-1993,London,UK,2,United Package,(503) 555-3199,29,For ts d' rables,Chantal Goulet,Canada
10299,19,Teatime Chocolate Biscuits,Confections,"Desserts, candies, and sweet breads",7.3,9.2,15,0,109.5,9-6-1996,10-4-1996,9-13-1996,29.76,Ricardo Adocicados,"Av. Copacabana, 267",Rio de Janeiro,RJ,02389-890,Brazil,10 boxes x 12 pieces,25,0,5,0,RICAR,Ricardo Adocicados,Janete Limeira,Assistant Sales Agent,"Av. Copacabana, 267",Rio de Janeiro,RJ,02389-890,Brazil,(21) 555-3412,4,Margaret Peacock,Sales Representative,5-3-1993,Redmond,USA,2,United Package,(503) 555-3199,8,"Specialty Biscuits, Ltd.",Peter Wilson,UK
10299,70,Outback Lager,Beverages,"Soft drinks, coffees, teas, beers, and ales",12,15,20,0,240.0,9-6-1996,10-4-1996,9-13-1996,29.76,Ricardo Adocicados,"Av. Copacabana, 267",Rio de Janeiro,RJ,02389-890,Brazil,24 - 355 ml bottles,15,10,30,0,RICAR,Ricardo Adocicados,Janete Limeira,Assistant Sales Agent,"Av. Copacabana, 267",Rio de Janeiro,RJ,02389-890,Brazil,(21) 555-3412,4,Margaret Peacock,Sales Representative,5-3-1993,Redmond,USA,2,United Package,(503) 555-3199,7,"Pavlova, Ltd.",Ian Devling,Australia
10300,66,Louisiana Hot Spiced Okra,Condiments,"Sweet and savory sauces, relishes, spreads, and seasonings",13.6,17,30,0,408.0,9-9-1996,10-7-1996,9-18-1996,17.68,Magazzini Alimentari Riuniti,Via Ludovico il Moro 22,Bergamo,,24100,Italy,24 - 8 oz jars,4,100,20,0,MAGAA,Magazzini Alimentari Riuniti,Giovanni Rovelli,Marketing Manager,Via Ludovico il Moro 22,Bergamo,,24100,Italy,035-640230,2,Andrew Fuller,"Vice President, Sales",8-14-1992,Tacoma,USA,2,United Package,(503) 555-3199,2,New Orleans Cajun Delights,Shelley Burke,USA
10300,68,Scottish Longbreads,Confections,"Desserts, candies, and sweet breads",10,12.5,20,0,200.0,9-9-1996,10-7-1996,9-18-1996,17.68,Magazzini Alimentari Riuniti,Via Ludovico il Moro 22,Bergamo,,24100,Italy,10 boxes x 8 pieces,6,10,15,0,MAGAA,Magazzini Alimentari Riuniti,Giovanni Rovelli,Marketing Manager,Via Ludovico il Moro 22,Bergamo,,24100,Italy,035-640230,2,Andrew Fuller,"Vice President, Sales",8-14-1992,Tacoma,USA,2,United Package,(503) 555-3199,8,"Specialty Biscuits, Ltd.",Peter Wilson,UK
10301,40,Boston Crab Meat,Seafood,Seaweed and fish,14.7,18.4,10,0,147.0,9-9-1996,10-7-1996,9-17-1996,45.08,Die Wandernde Kuh,Adenauerallee 900,Stuttgart,,70563,Germany,24 - 4 oz tins,123,0,30,0,WANDK,Die Wandernde Kuh,Rita M ller,Sales Representative,Adenauerallee 900,Stuttgart,,70563,Germany,0711-020361,8,Laura Callahan,Inside Sales Coordinator,3-5-1994,Seattle,USA,2,United Package,(503) 555-3199,19,New England Seafood Cannery,Robb Merchant,USA
10301,56,Gnocchi di nonna Alice,Grains/Cereals,"Breads, crackers, pasta, and cereal",30.4,38,20,0,608.0,9-9-1996,10-7-1996,9-17-1996,45.08,Die Wandernde Kuh,Adenauerallee 900,Stuttgart,,70563,Germany,24 - 250 g pkgs.,21,10,30,0,WANDK,Die Wandernde Kuh,Rita M ller,Sales Representative,Adenauerallee 900,Stuttgart,,70563,Germany,0711-020361,8,Laura Callahan,Inside Sales Coordinator,3-5-1994,Seattle,USA,2,United Package,(503) 555-3199,26,Pasta Buttini s.r.l.,Giovanni Giudici,Italy
10302,17,Alice Mutton,Meat/Poultry,Prepared meats,31.2,39,40,0,1248.0,9-10-1996,10-8-1996,10-9-1996,6.27,Supr mes d lices,"Boulevard Tirou, 255",Charleroi,,B-6000,Belgium,20 - 1 kg tins,0,0,0,1,SUPRD,Supr mes d lices,Pascale Cartrain,Accounting Manager,"Boulevard Tirou, 255",Charleroi,,B-6000,Belgium,(071) 23 67 22 20,4,Margaret Peacock,Sales Representative,5-3-1993,Redmond,USA,2,United Package,(503) 555-3199,7,"Pavlova, Ltd.",Ian Devling,Australia
10302,28,R ssle Sauerkraut,Produce,Dried fruit and bean curd,36.4,45.6,28,0,1019.2,9-10-1996,10-8-1996,10-9-1996,6.27,Supr mes d lices,"Boulevard Tirou, 255",Charleroi,,B-6000,Belgium,25 - 825 g cans,26,0,0,1,SUPRD,Supr mes d lices,Pascale Cartrain,Accounting Manager,"Boulevard Tirou, 255",Charleroi,,B-6000,Belgium,(071) 23 67 22 20,4,Margaret Peacock,Sales Representative,5-3-1993,Redmond,USA,2,United Package,(503) 555-3199,12,Plutzer Lebensmittelgro m rkte AG,Martin Bein,Germany
10302,43,Ipoh Coffee,Beverages,"Soft drinks, coffees, teas, beers, and ales",36.8,46,12,0,441.6,9-10-1996,10-8-1996,10-9-1996,6.27,Supr mes d lices,"Boulevard Tirou, 255",Charleroi,,B-6000,Belgium,16 - 500 g tins,17,10,25,0,SUPRD,Supr mes d lices,Pascale Cartrain,Accounting Manager,"Boulevard Tirou, 255",Charleroi,,B-6000,Belgium,(071) 23 67 22 20,4,Margaret Peacock,Sales Representative,5-3-1993,Redmond,USA,2,United Package,(503) 555-3199,20,Leka Trading,Chandra Leka,Singapore
10303,40,Boston Crab Meat,Seafood,Seaweed and fish,14.7,18.4,40,0.1,529.2,9-11-1996,10-9-1996,9-18-1996,107.83,Godos Cocina T pica,"C/ Romero, 33",Sevilla,,41101,Spain,24 - 4 oz tins,123,0,30,0,GODOS,Godos Cocina T pica,Jos  Pedro Freyre,Sales Manager,"C/ Romero, 33",Sevilla,,41101,Spain,(95) 555 82 82,7,Robert King,Sales Representative,1-2-1994,London,UK,2,United Package,(503) 555-3199,19,New England Seafood Cannery,Robb Merchant,USA
10303,65,Louisiana Fiery Hot Pepper Sauce,Condiments,"Sweet and savory sauces, relishes, spreads, and seasonings",16.8,21.05,30,0.1,453.6,9-11-1996,10-9-1996,9-18-1996,107.83,Godos Cocina T pica,"C/ Romero, 33",Sevilla,,41101,Spain,32 - 8 oz bottles,76,0,0,0,GODOS,Godos Cocina T pica,Jos  Pedro Freyre,Sales Manager,"C/ Romero, 33",Sevilla,,41101,Spain,(95) 555 82 82,7,Robert King,Sales Representative,1-2-1994,London,UK,2,United Package,(503) 555-3199,2,New Orleans Cajun Delights,Shelley Burke,USA
10303,68,Scottish Longbreads,Confections,"Desserts, candies, and sweet breads",10,12.5,15,0.1,135.0,9-11-1996,10-9-1996,9-18-1996,107.83,Godos Cocina T pica,"C/ Romero, 33",Sevilla,,41101,Spain,10 boxes x 8 pieces,6,10,15,0,GODOS,Godos Cocina T pica,Jos  Pedro Freyre,Sales Manager,"C/ Romero, 33",Sevilla,,41101,Spain,(95) 555 82 82,7,Robert King,Sales Representative,1-2-1994,London,UK,2,United Package,(503) 555-3199,8,"Specialty Biscuits, Ltd.",Peter Wilson,UK
10304,49,Maxilaku,Confections,"Desserts, candies, and sweet breads",16,20,30,0,480.0,9-12-1996,10-10-1996,9-17-1996,63.79,Tortuga Restaurante,Avda. Azteca 123,M xico D.F.,,05033,Mexico,24 - 50 g pkgs.,10,60,15,0,TORTU,Tortuga Restaurante,Miguel Angel Paolino,Owner,Avda. Azteca 123,M xico D.F.,,05033,Mexico,(5) 555-2933,1,Nancy Davolio,Sales Representative,5-1-1992,Seattle,USA,2,United Package,(503) 555-3199,23,Karkki Oy,Anne Heikkonen,Finland
10304,59,Raclette Courdavault,Dairy Products,Cheeses,44,55,10,0,440.0,9-12-1996,10-10-1996,9-17-1996,63.79,Tortuga Restaurante,Avda. Azteca 123,M xico D.F.,,05033,Mexico,5 kg pkg.,79,0,0,0,TORTU,Tortuga Restaurante,Miguel Angel Paolino,Owner,Avda. Azteca 123,M xico D.F.,,05033,Mexico,(5) 555-2933,1,Nancy Davolio,Sales Representative,5-1-1992,Seattle,USA,2,United Package,(503) 555-3199,28,Gai p turage,Eliane Noz,France
10304,71,Flotemysost,Dairy Products,Cheeses,17.2,21.5,2,0,34.4,9-12-1996,10-10-1996,9-17-1996,63.79,Tortuga Restaurante,Avda. Azteca 123,M xico D.F.,,05033,Mexico,10 - 500 g pkgs.,26,0,0,0,TORTU,Tortuga Restaurante,Miguel Angel Paolino,Owner,Avda. Azteca 123,M xico D.F.,,05033,Mexico,(5) 555-2933,1,Nancy Davolio,Sales Representative,5-1-1992,Seattle,USA,2,United Package,(503) 555-3199,15,Norske Meierier,Beate Vileid,Norway
10305,18,Carnarvon Tigers,Seafood,Seaweed and fish,50,62.5,25,0.1,1125.0,9-13-1996,10-11-1996,10-9-1996,257.62,Old World Delicatessen,2743 Bering St.,Anchorage,AK,99508,USA,16 kg pkg.,42,0,0,0,OLDWO,Old World Delicatessen,Rene Phillips,Sales Representative,2743 Bering St.,Anchorage,AK,99508,USA,(907) 555-7584,8,Laura Callahan,Inside Sales Coordinator,3-5-1994,Seattle,USA,3,Federal Shipping,(503) 555-9931,7,"Pavlova, Ltd.",Ian Devling,Australia
10305,29,Th ringer Rostbratwurst,Meat/Poultry,Prepared meats,99,123.79,25,0.1,2227.5,9-13-1996,10-11-1996,10-9-1996,257.62,Old World Delicatessen,2743 Bering St.,Anchorage,AK,99508,USA,50 bags x 30 sausgs.,0,0,0,1,OLDWO,Old World Delicatessen,Rene Phillips,Sales Representative,2743 Bering St.,Anchorage,AK,99508,USA,(907) 555-7584,8,Laura Callahan,Inside Sales Coordinator,3-5-1994,Seattle,USA,3,Federal Shipping,(503) 555-9931,12,Plutzer Lebensmittelgro m rkte AG,Martin Bein,Germany
10305,39,Chartreuse verte,Beverages,"Soft drinks, coffees, teas, beers, and ales",14.4,18,30,0.1,388.8,9-13-1996,10-11-1996,10-9-1996,257.62,Old World Delicatessen,2743 Bering St.,Anchorage,AK,99508,USA,750 cc per bottle,69,0,5,0,OLDWO,Old World Delicatessen,Rene Phillips,Sales Representative,2743 Bering St.,Anchorage,AK,99508,USA,(907) 555-7584,8,Laura Callahan,Inside Sales Coordinator,3-5-1994,Seattle,USA,3,Federal Shipping,(503) 555-9931,18,Aux joyeux eccl siastiques,Guyl ne Nodier,France
10306,30,Nord-Ost Matjeshering,Seafood,Seaweed and fish,20.7,25.89,10,0,207.0,9-16-1996,10-14-1996,9-23-1996,7.56,Romero y tomillo,"Gran V a, 1",Madrid,,28001,Spain,10 - 200 g glasses,10,0,15,0,ROMEY,Romero y tomillo,Alejandra Camino,Accounting Manager,"Gran V a, 1",Madrid,,28001,Spain,(91) 745 6200,1,Nancy Davolio,Sales Representative,5-1-1992,Seattle,USA,3,Federal Shipping,(503) 555-9931,13,Nord-Ost-Fisch Handelsgesellschaft mbH,Sven Petersen,Germany
10306,53,Perth Pasties,Meat/Poultry,Prepared meats,26.2,32.8,10,0,262.0,9-16-1996,10-14-1996,9-23-1996,7.56,Romero y tomillo,"Gran V a, 1",Madrid,,28001,Spain,48 pieces,0,0,0,1,ROMEY,Romero y tomillo,Alejandra Camino,Accounting Manager,"Gran V a, 1",Madrid,,28001,Spain,(91) 745 6200,1,Nancy Davolio,Sales Representative,5-1-1992,Seattle,USA,3,Federal Shipping,(503) 555-9931,24,"G'day, Mate",Wendy Mackenzie,Australia
10306,54,Tourti re,Meat/Poultry,Prepared meats,5.9,7.45,5,0,29.5,9-16-1996,10-14-1996,9-23-1996,7.56,Romero y tomillo,"Gran V a, 1",Madrid,,28001,Spain,16 pies,21,0,10,0,ROMEY,Romero y tomillo,Alejandra Camino,Accounting Manager,"Gran V a, 1",Madrid,,28001,Spain,(91) 745 6200,1,Nancy Davolio,Sales Representative,5-1-1992,Seattle,USA,3,Federal Shipping,(503) 555-9931,25,Ma Maison,Jean-Guy Lauzon,Canada
10307,62,Tarte au sucre,Confections,"Desserts, candies, and sweet breads",39.4,49.3,10,0,394.0,9-17-1996,10-15-1996,9-25-1996,0.56,Lonesome Pine Restaurant,89 Chiaroscuro Rd.,Portland,OR,97219,USA,48 pies,17,0,0,0,LONEP,Lonesome Pine Restaurant,Fran Wilson,Sales Manager,89 Chiaroscuro Rd.,Portland,OR,97219,USA,(503) 555-9573,2,Andrew Fuller,"Vice President, Sales",8-14-1992,Tacoma,USA,2,United Package,(503) 555-3199,29,For ts d' rables,Chantal Goulet,Canada
10307,68,Scottish Longbreads,Confections,"Desserts, candies, and sweet breads",10,12.5,3,0,30.0,9-17-1996,10-15-1996,9-25-1996,0.56,Lonesome Pine Restaurant,89 Chiaroscuro Rd.,Portland,OR,97219,USA,10 boxes x 8 pieces,6,10,15,0,LONEP,Lonesome Pine Restaurant,Fran Wilson,Sales Manager,89 Chiaroscuro Rd.,Portland,OR,97219,USA,(503) 555-9573,2,Andrew Fuller,"Vice President, Sales",8-14-1992,Tacoma,USA,2,United Package,(503) 555-3199,8,"Specialty Biscuits, Ltd.",Peter Wilson,UK
10308,69,Gudbrandsdalsost,Dairy Products,Cheeses,28.8,36,1,0,28.8,9-18-1996,10-16-1996,9-24-1996,1.61,Ana Trujillo Emparedados y helados,Avda. de la Constituci n 2222,M xico D.F.,,05021,Mexico,10 kg pkg.,26,0,15,0,ANATR,Ana Trujillo Emparedados y helados,Ana Trujillo,Owner,Avda. de la Constituci n 2222,M xico D.F.,,05021,Mexico,(5) 555-4729,7,Robert King,Sales Representative,1-2-1994,London,UK,3,Federal Shipping,(503) 555-9931,15,Norske Meierier,Beate Vileid,Norway
10308,70,Outback Lager,Beverages,"Soft drinks, coffees, teas, beers, and ales",12,15,5,0,60.0,9-18-1996,10-16-1996,9-24-1996,1.61,Ana Trujillo Emparedados y helados,Avda. de la Constituci n 2222,M xico D.F.,,05021,Mexico,24 - 355 ml bottles,15,10,30,0,ANATR,Ana Trujillo Emparedados y helados,Ana Trujillo,Owner,Avda. de la Constituci n 2222,M xico D.F.,,05021,Mexico,(5) 555-4729,7,Robert King,Sales Representative,1-2-1994,London,UK,3,Federal Shipping,(503) 555-9931,7,"Pavlova, Ltd.",Ian Devling,Australia
10309,4,Chef Anton's Cajun Seasoning,Condiments,"Sweet and savory sauces, relishes, spreads, and seasonings",17.6,22,20,0,352.0,9-19-1996,10-17-1996,10-23-1996,47.3,Hungry Owl All-Night Grocers,8 Johnstown Road,Cork,Co. Cork,,Ireland,48 - 6 oz jars,53,0,0,0,HUNGO,Hungry Owl All-Night Grocers,Patricia McKenna,Sales Associate,8 Johnstown Road,Cork,Co. Cork,,Ireland,2967 542,3,Janet Leverling,Sales Representative,4-1-1992,Kirkland,USA,1,Speedy Express,(503) 555-9831,2,New Orleans Cajun Delights,Shelley Burke,USA
10309,6,Grandma's Boysenberry Spread,Condiments,"Sweet and savory sauces, relishes, spreads, and seasonings",20,25,30,0,600.0,9-19-1996,10-17-1996,10-23-1996,47.3,Hungry Owl All-Night Grocers,8 Johnstown Road,Cork,Co. Cork,,Ireland,12 - 8 oz jars,120,0,25,0,HUNGO,Hungry Owl All-Night Grocers,Patricia McKenna,Sales Associate,8 Johnstown Road,Cork,Co. Cork,,Ireland,2967 542,3,Janet Leverling,Sales Representative,4-1-1992,Kirkland,USA,1,Speedy Express,(503) 555-9831,3,Grandma Kelly's Homestead,Regina Murphy,USA
10309,42,Singaporean Hokkien Fried Mee,Grains/Cereals,"Breads, crackers, pasta, and cereal",11.2,14,2,0,22.4,9-19-1996,10-17-1996,10-23-1996,47.3,Hungry Owl All-Night Grocers,8 Johnstown Road,Cork,Co. Cork,,Ireland,32 - 1 kg pkgs.,26,0,0,1,HUNGO,Hungry Owl All-Night Grocers,Patricia McKenna,Sales Associate,8 Johnstown Road,Cork,Co. Cork,,Ireland,2967 542,3,Janet Leverling,Sales Representative,4-1-1992,Kirkland,USA,1,Speedy Express,(503) 555-9831,20,Leka Trading,Chandra Leka,Singapore
10309,43,Ipoh Coffee,Beverages,"Soft drinks, coffees, teas, beers, and ales",36.8,46,20,0,736.0,9-19-1996,10-17-1996,10-23-1996,47.3,Hungry Owl All-Night Grocers,8 Johnstown Road,Cork,Co. Cork,,Ireland,16 - 500 g tins,17,10,25,0,HUNGO,Hungry Owl All-Night Grocers,Patricia McKenna,Sales Associate,8 Johnstown Road,Cork,Co. Cork,,Ireland,2967 542,3,Janet Leverling,Sales Representative,4-1-1992,Kirkland,USA,1,Speedy Express,(503) 555-9831,20,Leka Trading,Chandra Leka,Singapore
10309,71,Flotemysost,Dairy Products,Cheeses,17.2,21.5,3,0,51.6,9-19-1996,10-17-1996,10-23-1996,47.3,Hungry Owl All-Night Grocers,8 Johnstown Road,Cork,Co. Cork,,Ireland,10 - 500 g pkgs.,26,0,0,0,HUNGO,Hungry Owl All-Night Grocers,Patricia McKenna,Sales Associate,8 Johnstown Road,Cork,Co. Cork,,Ireland,2967 542,3,Janet Leverling,Sales Representative,4-1-1992,Kirkland,USA,1,Speedy Express,(503) 555-9831,15,Norske Meierier,Beate Vileid,Norway
10310,16,Pavlova,Confections,"Desserts, candies, and sweet breads",13.9,17.45,10,0,139.0,9-20-1996,10-18-1996,9-27-1996,17.52,The Big Cheese,89 Jefferson Way Suite 2,Portland,OR,97201,USA,32 - 500 g boxes,29,0,10,0,THEBI,The Big Cheese,Liz Nixon,Marketing Manager,89 Jefferson Way Suite 2,Portland,OR,97201,USA,(503) 555-3612,8,Laura Callahan,Inside Sales Coordinator,3-5-1994,Seattle,USA,2,United Package,(503) 555-3199,7,"Pavlova, Ltd.",Ian Devling,Australia
10310,62,Tarte au sucre,Confections,"Desserts, candies, and sweet breads",39.4,49.3,5,0,197.0,9-20-1996,10-18-1996,9-27-1996,17.52,The Big Cheese,89 Jefferson Way Suite 2,Portland,OR,97201,USA,48 pies,17,0,0,0,THEBI,The Big Cheese,Liz Nixon,Marketing Manager,89 Jefferson Way Suite 2,Portland,OR,97201,USA,(503) 555-3612,8,Laura Callahan,Inside Sales Coordinator,3-5-1994,Seattle,USA,2,United Package,(503) 555-3199,29,For ts d' rables,Chantal Goulet,Canada
10311,42,Singaporean Hokkien Fried Mee,Grains/Cereals,"Breads, crackers, pasta, and cereal",11.2,14,6,0,67.2,9-20-1996,10-4-1996,9-26-1996,24.69,Du monde entier,"67, rue des Cinquante Otages",Nantes,,44000,France,32 - 1 kg pkgs.,26,0,0,1,DUMON,Du monde entier,Janine Labrune,Owner,"67, rue des Cinquante Otages",Nantes,,44000,France,40.67.88.88,1,Nancy Davolio,Sales Representative,5-1-1992,Seattle,USA,3,Federal Shipping,(503) 555-9931,20,Leka Trading,Chandra Leka,Singapore
10311,69,Gudbrandsdalsost,Dairy Products,Cheeses,28.8,36,7,0,201.6,9-20-1996,10-4-1996,9-26-1996,24.69,Du monde entier,"67, rue des Cinquante Otages",Nantes,,44000,France,10 kg pkg.,26,0,15,0,DUMON,Du monde entier,Janine Labrune,Owner,"67, rue des Cinquante Otages",Nantes,,44000,France,40.67.88.88,1,Nancy Davolio,Sales Representative,5-1-1992,Seattle,USA,3,Federal Shipping,(503) 555-9931,15,Norske Meierier,Beate Vileid,Norway
10312,28,R ssle Sauerkraut,Produce,Dried fruit and bean curd,36.4,45.6,4,0,145.6,9-23-1996,10-21-1996,10-3-1996,40.26,Die Wandernde Kuh,Adenauerallee 900,Stuttgart,,70563,Germany,25 - 825 g cans,26,0,0,1,WANDK,Die Wandernde Kuh,Rita M ller,Sales Representative,Adenauerallee 900,Stuttgart,,70563,Germany,0711-020361,2,Andrew Fuller,"Vice President, Sales",8-14-1992,Tacoma,USA,2,United Package,(503) 555-3199,12,Plutzer Lebensmittelgro m rkte AG,Martin Bein,Germany
10312,43,Ipoh Coffee,Beverages,"Soft drinks, coffees, teas, beers, and ales",36.8,46,24,0,883.2,9-23-1996,10-21-1996,10-3-1996,40.26,Die Wandernde Kuh,Adenauerallee 900,Stuttgart,,70563,Germany,16 - 500 g tins,17,10,25,0,WANDK,Die Wandernde Kuh,Rita M ller,Sales Representative,Adenauerallee 900,Stuttgart,,70563,Germany,0711-020361,2,Andrew Fuller,"Vice President, Sales",8-14-1992,Tacoma,USA,2,United Package,(503) 555-3199,20,Leka Trading,Chandra Leka,Singapore
10312,53,Perth Pasties,Meat/Poultry,Prepared meats,26.2,32.8,20,0,524.0,9-23-1996,10-21-1996,10-3-1996,40.26,Die Wandernde Kuh,Adenauerallee 900,Stuttgart,,70563,Germany,48 pieces,0,0,0,1,WANDK,Die Wandernde Kuh,Rita M ller,Sales Representative,Adenauerallee 900,Stuttgart,,70563,Germany,0711-020361,2,Andrew Fuller,"Vice President, Sales",8-14-1992,Tacoma,USA,2,United Package,(503) 555-3199,24,"G'day, Mate",Wendy Mackenzie,Australia
10312,75,Rh nbr u Klosterbier,Beverages,"Soft drinks, coffees, teas, beers, and ales",6.2,7.75,10,0,62.0,9-23-1996,10-21-1996,10-3-1996,40.26,Die Wandernde Kuh,Adenauerallee 900,Stuttgart,,70563,Germany,24 - 0.5 l bottles,125,0,25,0,WANDK,Die Wandernde Kuh,Rita M ller,Sales Representative,Adenauerallee 900,Stuttgart,,70563,Germany,0711-020361,2,Andrew Fuller,"Vice President, Sales",8-14-1992,Tacoma,USA,2,United Package,(503) 555-3199,12,Plutzer Lebensmittelgro m rkte AG,Martin Bein,Germany
10313,36,Inlagd Sill,Seafood,Seaweed and fish,15.2,19,12,0,182.4,9-24-1996,10-22-1996,10-4-1996,1.96,QUICK-Stop,Taucherstra e 10,Cunewalde,,01307,Germany,24 - 250 g  jars,112,0,20,0,QUICK,QUICK-Stop,Horst Kloss,Accounting Manager,Taucherstra e 10,Cunewalde,,01307,Germany,0372-035188,2,Andrew Fuller,"Vice President, Sales",8-14-1992,Tacoma,USA,2,United Package,(503) 555-3199,17,Svensk Sj f da AB,Michael Bj rn,Sweden
10314,32,Mascarpone Fabioli,Dairy Products,Cheeses,25.6,32,40,0.1,921.6,9-25-1996,10-23-1996,10-4-1996,74.16,Rattlesnake Canyon Grocery,2817 Milton Dr.,Albuquerque,NM,87110,USA,24 - 200 g pkgs.,9,40,25,0,RATTC,Rattlesnake Canyon Grocery,Paula Wilson,Assistant Sales Representative,2817 Milton Dr.,Albuquerque,NM,87110,USA,(505) 555-5939,1,Nancy Davolio,Sales Representative,5-1-1992,Seattle,USA,2,United Package,(503) 555-3199,14,Formaggi Fortini s.r.l.,Elio Rossi,Italy
10314,58,Escargots de Bourgogne,Seafood,Seaweed and fish,10.6,13.25,30,0.1,286.2,9-25-1996,10-23-1996,10-4-1996,74.16,Rattlesnake Canyon Grocery,2817 Milton Dr.,Albuquerque,NM,87110,USA,24 pieces,62,0,20,0,RATTC,Rattlesnake Canyon Grocery,Paula Wilson,Assistant Sales Representative,2817 Milton Dr.,Albuquerque,NM,87110,USA,(505) 555-5939,1,Nancy Davolio,Sales Representative,5-1-1992,Seattle,USA,2,United Package,(503) 555-3199,27,Escargots Nouveaux,Marie Delamare,France
10314,62,Tarte au sucre,Confections,"Desserts, candies, and sweet breads",39.4,49.3,25,0.1,886.5,9-25-1996,10-23-1996,10-4-1996,74.16,Rattlesnake Canyon Grocery,2817 Milton Dr.,Albuquerque,NM,87110,USA,48 pies,17,0,0,0,RATTC,Rattlesnake Canyon Grocery,Paula Wilson,Assistant Sales Representative,2817 Milton Dr.,Albuquerque,NM,87110,USA,(505) 555-5939,1,Nancy Davolio,Sales Representative,5-1-1992,Seattle,USA,2,United Package,(503) 555-3199,29,For ts d' rables,Chantal Goulet,Canada
10315,34,Sasquatch Ale,Beverages,"Soft drinks, coffees, teas, beers, and ales",11.2,14,14,0,156.8,9-26-1996,10-24-1996,10-3-1996,41.76,Island Trading,Garden House Crowther Way,Cowes,Isle of Wight,PO31 7PJ,UK,24 - 12 oz bottles,111,0,15,0,ISLAT,Island Trading,Helen Bennett,Marketing Manager,Garden House Crowther Way,Cowes,Isle of Wight,PO31 7PJ,UK,(198) 555-8888,4,Margaret Peacock,Sales Representative,5-3-1993,Redmond,USA,2,United Package,(503) 555-3199,16,Bigfoot Breweries,Cheryl Saylor,USA
10315,70,Outback Lager,Beverages,"Soft drinks, coffees, teas, beers, and ales",12,15,30,0,360.0,9-26-1996,10-24-1996,10-3-1996,41.76,Island Trading,Garden House Crowther Way,Cowes,Isle of Wight,PO31 7PJ,UK,24 - 355 ml bottles,15,10,30,0,ISLAT,Island Trading,Helen Bennett,Marketing Manager,Garden House Crowther Way,Cowes,Isle of Wight,PO31 7PJ,UK,(198) 555-8888,4,Margaret Peacock,Sales Representative,5-3-1993,Redmond,USA,2,United Package,(503) 555-3199,7,"Pavlova, Ltd.",Ian Devling,Australia
10316,41,Jack's New England Clam Chowder,Seafood,Seaweed and fish,7.7,9.65,10,0,77.0,9-27-1996,10-25-1996,10-8-1996,150.15,Rattlesnake Canyon Grocery,2817 Milton Dr.,Albuquerque,NM,87110,USA,12 - 12 oz cans,85,0,10,0,RATTC,Rattlesnake Canyon Grocery,Paula Wilson,Assistant Sales Representative,2817 Milton Dr.,Albuquerque,NM,87110,USA,(505) 555-5939,1,Nancy Davolio,Sales Representative,5-1-1992,Seattle,USA,3,Federal Shipping,(503) 555-9931,19,New England Seafood Cannery,Robb Merchant,USA
10316,62,Tarte au sucre,Confections,"Desserts, candies, and sweet breads",39.4,49.3,70,0,2758.0,9-27-1996,10-25-1996,10-8-1996,150.15,Rattlesnake Canyon Grocery,2817 Milton Dr.,Albuquerque,NM,87110,USA,48 pies,17,0,0,0,RATTC,Rattlesnake Canyon Grocery,Paula Wilson,Assistant Sales Representative,2817 Milton Dr.,Albuquerque,NM,87110,USA,(505) 555-5939,1,Nancy Davolio,Sales Representative,5-1-1992,Seattle,USA,3,Federal Shipping,(503) 555-9931,29,For ts d' rables,Chantal Goulet,Canada
10317,1,Chai,Beverages,"Soft drinks, coffees, teas, beers, and ales",14.4,18,20,0,288.0,9-30-1996,10-28-1996,10-10-1996,12.69,Lonesome Pine Restaurant,89 Chiaroscuro Rd.,Portland,OR,97219,USA,10 boxes x 30 bags,39,0,10,1,LONEP,Lonesome Pine Restaurant,Fran Wilson,Sales Manager,89 Chiaroscuro Rd.,Portland,OR,97219,USA,(503) 555-9573,6,Michael Suyama,Sales Representative,10-17-1993,London,UK,1,Speedy Express,(503) 555-9831,8,"Specialty Biscuits, Ltd.",Peter Wilson,UK
10318,41,Jack's New England Clam Chowder,Seafood,Seaweed and fish,7.7,9.65,20,0,154.0,10-1-1996,10-29-1996,10-4-1996,4.73,Island Trading,Garden House Crowther Way,Cowes,Isle of Wight,PO31 7PJ,UK,12 - 12 oz cans,85,0,10,0,ISLAT,Island Trading,Helen Bennett,Marketing Manager,Garden House Crowther Way,Cowes,Isle of Wight,PO31 7PJ,UK,(198) 555-8888,8,Laura Callahan,Inside Sales Coordinator,3-5-1994,Seattle,USA,2,United Package,(503) 555-3199,19,New England Seafood Cannery,Robb Merchant,USA
10318,76,Lakkalik  ri,Beverages,"Soft drinks, coffees, teas, beers, and ales",14.4,18,6,0,86.4,10-1-1996,10-29-1996,10-4-1996,4.73,Island Trading,Garden House Crowther Way,Cowes,Isle of Wight,PO31 7PJ,UK,500 ml,57,0,20,0,ISLAT,Island Trading,Helen Bennett,Marketing Manager,Garden House Crowther Way,Cowes,Isle of Wight,PO31 7PJ,UK,(198) 555-8888,8,Laura Callahan,Inside Sales Coordinator,3-5-1994,Seattle,USA,2,United Package,(503) 555-3199,23,Karkki Oy,Anne Heikkonen,Finland
10319,17,Alice Mutton,Meat/Poultry,Prepared meats,31.2,39,8,0,249.6,10-2-1996,10-30-1996,10-11-1996,64.5,Tortuga Restaurante,Avda. Azteca 123,M xico D.F.,,05033,Mexico,20 - 1 kg tins,0,0,0,1,TORTU,Tortuga Restaurante,Miguel Angel Paolino,Owner,Avda. Azteca 123,M xico D.F.,,05033,Mexico,(5) 555-2933,7,Robert King,Sales Representative,1-2-1994,London,UK,3,Federal Shipping,(503) 555-9931,7,"Pavlova, Ltd.",Ian Devling,Australia
10319,28,R ssle Sauerkraut,Produce,Dried fruit and bean curd,36.4,45.6,14,0,509.6,10-2-1996,10-30-1996,10-11-1996,64.5,Tortuga Restaurante,Avda. Azteca 123,M xico D.F.,,05033,Mexico,25 - 825 g cans,26,0,0,1,TORTU,Tortuga Restaurante,Miguel Angel Paolino,Owner,Avda. Azteca 123,M xico D.F.,,05033,Mexico,(5) 555-2933,7,Robert King,Sales Representative,1-2-1994,London,UK,3,Federal Shipping,(503) 555-9931,12,Plutzer Lebensmittelgro m rkte AG,Martin Bein,Germany
10319,76,Lakkalik  ri,Beverages,"Soft drinks, coffees, teas, beers, and ales",14.4,18,30,0,432.0,10-2-1996,10-30-1996,10-11-1996,64.5,Tortuga Restaurante,Avda. Azteca 123,M xico D.F.,,05033,Mexico,500 ml,57,0,20,0,TORTU,Tortuga Restaurante,Miguel Angel Paolino,Owner,Avda. Azteca 123,M xico D.F.,,05033,Mexico,(5) 555-2933,7,Robert King,Sales Representative,1-2-1994,London,UK,3,Federal Shipping,(503) 555-9931,23,Karkki Oy,Anne Heikkonen,Finland
10320,71,Flotemysost,Dairy Products,Cheeses,17.2,21.5,30,0,516.0,10-3-1996,10-17-1996,10-18-1996,34.57,Wartian Herkku,Torikatu 38,Oulu,,90110,Finland,10 - 500 g pkgs.,26,0,0,0,WARTH,Wartian Herkku,Pirkko Koskitalo,Accounting Manager,Torikatu 38,Oulu,,90110,Finland,981-443655,5,Steven Buchanan,Sales Manager,10-17-1993,London,UK,3,Federal Shipping,(503) 555-9931,15,Norske Meierier,Beate Vileid,Norway
10321,35,Steeleye Stout,Beverages,"Soft drinks, coffees, teas, beers, and ales",14.4,18,10,0,144.0,10-3-1996,10-31-1996,10-11-1996,3.43,Island Trading,Garden House Crowther Way,Cowes,Isle of Wight,PO31 7PJ,UK,24 - 12 oz bottles,20,0,15,0,ISLAT,Island Trading,Helen Bennett,Marketing Manager,Garden House Crowther Way,Cowes,Isle of Wight,PO31 7PJ,UK,(198) 555-8888,3,Janet Leverling,Sales Representative,4-1-1992,Kirkland,USA,2,United Package,(503) 555-3199,16,Bigfoot Breweries,Cheryl Saylor,USA
10322,52,Filo Mix,Grains/Cereals,"Breads, crackers, pasta, and cereal",5.6,7,20,0,112.0,10-4-1996,11-1-1996,10-23-1996,0.4,Pericles Comidas cl sicas,Calle Dr. Jorge Cash 321,M xico D.F.,,05033,Mexico,16 - 2 kg boxes,38,0,25,0,PERIC,Pericles Comidas cl sicas,Guillermo Fern ndez,Sales Representative,Calle Dr. Jorge Cash 321,M xico D.F.,,05033,Mexico,(5) 552-3745,7,Robert King,Sales Representative,1-2-1994,London,UK,3,Federal Shipping,(503) 555-9931,24,"G'day, Mate",Wendy Mackenzie,Australia
10323,15,Genen Shouyu,Condiments,"Sweet and savory sauces, relishes, spreads, and seasonings",12.4,13,5,0,62.0,10-7-1996,11-4-1996,10-14-1996,4.88,K niglich Essen,Maubelstr. 90,Brandenburg,,14776,Germany,24 - 250 ml bottles,39,0,5,0,KOENE,K niglich Essen,Philip Cramer,Sales Associate,Maubelstr. 90,Brandenburg,,14776,Germany,0555-09876,4,Margaret Peacock,Sales Representative,5-3-1993,Redmond,USA,1,Speedy Express,(503) 555-9831,6,Mayumi's,Mayumi Ohno,Japan
10323,25,NuNuCa Nu -Nougat-Creme,Confections,"Desserts, candies, and sweet breads",11.2,14,4,0,44.8,10-7-1996,11-4-1996,10-14-1996,4.88,K niglich Essen,Maubelstr. 90,Brandenburg,,14776,Germany,20 - 450 g glasses,76,0,30,0,KOENE,K niglich Essen,Philip Cramer,Sales Associate,Maubelstr. 90,Brandenburg,,14776,Germany,0555-09876,4,Margaret Peacock,Sales Representative,5-3-1993,Redmond,USA,1,Speedy Express,(503) 555-9831,11,Heli S  waren GmbH & Co. KG,Petra Winkler,Germany
10323,39,Chartreuse verte,Beverages,"Soft drinks, coffees, teas, beers, and ales",14.4,18,4,0,57.6,10-7-1996,11-4-1996,10-14-1996,4.88,K niglich Essen,Maubelstr. 90,Brandenburg,,14776,Germany,750 cc per bottle,69,0,5,0,KOENE,K niglich Essen,Philip Cramer,Sales Associate,Maubelstr. 90,Brandenburg,,14776,Germany,0555-09876,4,Margaret Peacock,Sales Representative,5-3-1993,Redmond,USA,1,Speedy Express,(503) 555-9831,18,Aux joyeux eccl siastiques,Guyl ne Nodier,France
10324,16,Pavlova,Confections,"Desserts, candies, and sweet breads",13.9,17.45,21,0.15,248.12,10-8-1996,11-5-1996,10-10-1996,214.27,Save-a-lot Markets,187 Suffolk Ln.,Boise,ID,83720,USA,32 - 500 g boxes,29,0,10,0,SAVEA,Save-a-lot Markets,Jose Pavarotti,Sales Representative,187 Suffolk Ln.,Boise,ID,83720,USA,(208) 555-8097,9,Anne Dodsworth,Sales Representative,11-15-1994,London,UK,1,Speedy Express,(503) 555-9831,7,"Pavlova, Ltd.",Ian Devling,Australia
10324,35,Steeleye Stout,Beverages,"Soft drinks, coffees, teas, beers, and ales",14.4,18,70,0.15,856.8,10-8-1996,11-5-1996,10-10-1996,214.27,Save-a-lot Markets,187 Suffolk Ln.,Boise,ID,83720,USA,24 - 12 oz bottles,20,0,15,0,SAVEA,Save-a-lot Markets,Jose Pavarotti,Sales Representative,187 Suffolk Ln.,Boise,ID,83720,USA,(208) 555-8097,9,Anne Dodsworth,Sales Representative,11-15-1994,London,UK,1,Speedy Express,(503) 555-9831,16,Bigfoot Breweries,Cheryl Saylor,USA
10324,46,Spegesild,Seafood,Seaweed and fish,9.6,12,30,0,288.0,10-8-1996,11-5-1996,10-10-1996,214.27,Save-a-lot Markets,187 Suffolk Ln.,Boise,ID,83720,USA,4 - 450 g glasses,95,0,0,0,SAVEA,Save-a-lot Markets,Jose Pavarotti,Sales Representative,187 Suffolk Ln.,Boise,ID,83720,USA,(208) 555-8097,9,Anne Dodsworth,Sales Representative,11-15-1994,London,UK,1,Speedy Express,(503) 555-9831,21,Lyngbysild,Niels Petersen,Denmark
10324,59,Raclette Courdavault,Dairy Products,Cheeses,44,55,40,0.15,1496.0,10-8-1996,11-5-1996,10-10-1996,214.27,Save-a-lot Markets,187 Suffolk Ln.,Boise,ID,83720,USA,5 kg pkg.,79,0,0,0,SAVEA,Save-a-lot Markets,Jose Pavarotti,Sales Representative,187 Suffolk Ln.,Boise,ID,83720,USA,(208) 555-8097,9,Anne Dodsworth,Sales Representative,11-15-1994,London,UK,1,Speedy Express,(503) 555-9831,28,Gai p turage,Eliane Noz,France
10324,63,Vegie-spread,Condiments,"Sweet and savory sauces, relishes, spreads, and seasonings",35.1,43.9,80,0.15,2386.8,10-8-1996,11-5-1996,10-10-1996,214.27,Save-a-lot Markets,187 Suffolk Ln.,Boise,ID,83720,USA,15 - 625 g jars,24,0,5,0,SAVEA,Save-a-lot Markets,Jose Pavarotti,Sales Representative,187 Suffolk Ln.,Boise,ID,83720,USA,(208) 555-8097,9,Anne Dodsworth,Sales Representative,11-15-1994,London,UK,1,Speedy Express,(503) 555-9831,7,"Pavlova, Ltd.",Ian Devling,Australia
10325,6,Grandma's Boysenberry Spread,Condiments,"Sweet and savory sauces, relishes, spreads, and seasonings",20,25,6,0,120.0,10-9-1996,10-23-1996,10-14-1996,64.86,K niglich Essen,Maubelstr. 90,Brandenburg,,14776,Germany,12 - 8 oz jars,120,0,25,0,KOENE,K niglich Essen,Philip Cramer,Sales Associate,Maubelstr. 90,Brandenburg,,14776,Germany,0555-09876,1,Nancy Davolio,Sales Representative,5-1-1992,Seattle,USA,3,Federal Shipping,(503) 555-9931,3,Grandma Kelly's Homestead,Regina Murphy,USA
10325,13,Konbu,Seafood,Seaweed and fish,4.8,6,12,0,57.6,10-9-1996,10-23-1996,10-14-1996,64.86,K niglich Essen,Maubelstr. 90,Brandenburg,,14776,Germany,2 kg box,24,0,5,0,KOENE,K niglich Essen,Philip Cramer,Sales Associate,Maubelstr. 90,Brandenburg,,14776,Germany,0555-09876,1,Nancy Davolio,Sales Representative,5-1-1992,Seattle,USA,3,Federal Shipping,(503) 555-9931,6,Mayumi's,Mayumi Ohno,Japan
10325,14,Tofu,Produce,Dried fruit and bean curd,18.6,23.25,9,0,167.4,10-9-1996,10-23-1996,10-14-1996,64.86,K niglich Essen,Maubelstr. 90,Brandenburg,,14776,Germany,40 - 100 g pkgs.,35,0,0,0,KOENE,K niglich Essen,Philip Cramer,Sales Associate,Maubelstr. 90,Brandenburg,,14776,Germany,0555-09876,1,Nancy Davolio,Sales Representative,5-1-1992,Seattle,USA,3,Federal Shipping,(503) 555-9931,6,Mayumi's,Mayumi Ohno,Japan
10325,31,Gorgonzola Telino,Dairy Products,Cheeses,10,12.5,4,0,40.0,10-9-1996,10-23-1996,10-14-1996,64.86,K niglich Essen,Maubelstr. 90,Brandenburg,,14776,Germany,12 - 100 g pkgs,0,70,20,0,KOENE,K niglich Essen,Philip Cramer,Sales Associate,Maubelstr. 90,Brandenburg,,14776,Germany,0555-09876,1,Nancy Davolio,Sales Representative,5-1-1992,Seattle,USA,3,Federal Shipping,(503) 555-9931,14,Formaggi Fortini s.r.l.,Elio Rossi,Italy
10325,72,Mozzarella di Giovanni,Dairy Products,Cheeses,27.8,34.8,40,0,1112.0,10-9-1996,10-23-1996,10-14-1996,64.86,K niglich Essen,Maubelstr. 90,Brandenburg,,14776,Germany,24 - 200 g pkgs.,14,0,0,0,KOENE,K niglich Essen,Philip Cramer,Sales Associate,Maubelstr. 90,Brandenburg,,14776,Germany,0555-09876,1,Nancy Davolio,Sales Representative,5-1-1992,Seattle,USA,3,Federal Shipping,(503) 555-9931,14,Formaggi Fortini s.r.l.,Elio Rossi,Italy
10326,4,Chef Anton's Cajun Seasoning,Condiments,"Sweet and savory sauces, relishes, spreads, and seasonings",17.6,22,24,0,422.4,10-10-1996,11-7-1996,10-14-1996,77.92,B lido Comidas preparadas,"C/ Araquil, 67",Madrid,,28023,Spain,48 - 6 oz jars,53,0,0,0,BOLID,B lido Comidas preparadas,Mart n Sommer,Owner,"C/ Araquil, 67",Madrid,,28023,Spain,(91) 555 22 82,4,Margaret Peacock,Sales Representative,5-3-1993,Redmond,USA,2,United Package,(503) 555-3199,2,New Orleans Cajun Delights,Shelley Burke,USA
10326,57,Ravioli Angelo,Grains/Cereals,"Breads, crackers, pasta, and cereal",15.6,19.5,16,0,249.6,10-10-1996,11-7-1996,10-14-1996,77.92,B lido Comidas preparadas,"C/ Araquil, 67",Madrid,,28023,Spain,24 - 250 g pkgs.,36,0,20,0,BOLID,B lido Comidas preparadas,Mart n Sommer,Owner,"C/ Araquil, 67",Madrid,,28023,Spain,(91) 555 22 82,4,Margaret Peacock,Sales Representative,5-3-1993,Redmond,USA,2,United Package,(503) 555-3199,26,Pasta Buttini s.r.l.,Giovanni Giudici,Italy
10326,75,Rh nbr u Klosterbier,Beverages,"Soft drinks, coffees, teas, beers, and ales",6.2,7.75,50,0,310.0,10-10-1996,11-7-1996,10-14-1996,77.92,B lido Comidas preparadas,"C/ Araquil, 67",Madrid,,28023,Spain,24 - 0.5 l bottles,125,0,25,0,BOLID,B lido Comidas preparadas,Mart n Sommer,Owner,"C/ Araquil, 67",Madrid,,28023,Spain,(91) 555 22 82,4,Margaret Peacock,Sales Representative,5-3-1993,Redmond,USA,2,United Package,(503) 555-3199,12,Plutzer Lebensmittelgro m rkte AG,Martin Bein,Germany
10327,2,Chang,Beverages,"Soft drinks, coffees, teas, beers, and ales",15.2,19,25,0.2,304.0,10-11-1996,11-8-1996,10-14-1996,63.36,Folk och f  HB,kergatan 24,Br cke,,S-844 67,Sweden,24 - 12 oz bottles,17,40,25,1,FOLKO,Folk och f  HB,Maria Larsson,Owner,kergatan 24,Br cke,,S-844 67,Sweden,0695-34 67 21,2,Andrew Fuller,"Vice President, Sales",8-14-1992,Tacoma,USA,1,Speedy Express,(503) 555-9831,1,Exotic Liquids,Charlotte Cooper,UK
10327,11,Queso Cabrales,Dairy Products,Cheeses,16.8,21,50,0.2,672.0,10-11-1996,11-8-1996,10-14-1996,63.36,Folk och f  HB,kergatan 24,Br cke,,S-844 67,Sweden,1 kg pkg.,22,30,30,0,FOLKO,Folk och f  HB,Maria Larsson,Owner,kergatan 24,Br cke,,S-844 67,Sweden,0695-34 67 21,2,Andrew Fuller,"Vice President, Sales",8-14-1992,Tacoma,USA,1,Speedy Express,(503) 555-9831,5,Cooperativa de Quesos 'Las Cabras',Antonio del Valle Saavedra,Spain
10327,30,Nord-Ost Matjeshering,Seafood,Seaweed and fish,20.7,25.89,35,0.2,579.6,10-11-1996,11-8-1996,10-14-1996,63.36,Folk och f  HB,kergatan 24,Br cke,,S-844 67,Sweden,10 - 200 g glasses,10,0,15,0,FOLKO,Folk och f  HB,Maria Larsson,Owner,kergatan 24,Br cke,,S-844 67,Sweden,0695-34 67 21,2,Andrew Fuller,"Vice President, Sales",8-14-1992,Tacoma,USA,1,Speedy Express,(503) 555-9831,13,Nord-Ost-Fisch Handelsgesellschaft mbH,Sven Petersen,Germany
10327,58,Escargots de Bourgogne,Seafood,Seaweed and fish,10.6,13.25,30,0.2,254.4,10-11-1996,11-8-1996,10-14-1996,63.36,Folk och f  HB,kergatan 24,Br cke,,S-844 67,Sweden,24 pieces,62,0,20,0,FOLKO,Folk och f  HB,Maria Larsson,Owner,kergatan 24,Br cke,,S-844 67,Sweden,0695-34 67 21,2,Andrew Fuller,"Vice President, Sales",8-14-1992,Tacoma,USA,1,Speedy Express,(503) 555-9831,27,Escargots Nouveaux,Marie Delamare,France
10328,59,Raclette Courdavault,Dairy Products,Cheeses,44,55,9,0,396.0,10-14-1996,11-11-1996,10-17-1996,87.03,Furia Bacalhau e Frutos do Mar,Jardim das rosas n. 32,Lisboa,,1675,Portugal,5 kg pkg.,79,0,0,0,FURIB,Furia Bacalhau e Frutos do Mar,Lino Rodriguez,Sales Manager,Jardim das rosas n. 32,Lisboa,,1675,Portugal,(1) 354-2534,4,Margaret Peacock,Sales Representative,5-3-1993,Redmond,USA,3,Federal Shipping,(503) 555-9931,28,Gai p turage,Eliane Noz,France
10328,65,Louisiana Fiery Hot Pepper Sauce,Condiments,"Sweet and savory sauces, relishes, spreads, and seasonings",16.8,21.05,40,0,672.0,10-14-1996,11-11-1996,10-17-1996,87.03,Furia Bacalhau e Frutos do Mar,Jardim das rosas n. 32,Lisboa,,1675,Portugal,32 - 8 oz bottles,76,0,0,0,FURIB,Furia Bacalhau e Frutos do Mar,Lino Rodriguez,Sales Manager,Jardim das rosas n. 32,Lisboa,,1675,Portugal,(1) 354-2534,4,Margaret Peacock,Sales Representative,5-3-1993,Redmond,USA,3,Federal Shipping,(503) 555-9931,2,New Orleans Cajun Delights,Shelley Burke,USA
10328,68,Scottish Longbreads,Confections,"Desserts, candies, and sweet breads",10,12.5,10,0,100.0,10-14-1996,11-11-1996,10-17-1996,87.03,Furia Bacalhau e Frutos do Mar,Jardim das rosas n. 32,Lisboa,,1675,Portugal,10 boxes x 8 pieces,6,10,15,0,FURIB,Furia Bacalhau e Frutos do Mar,Lino Rodriguez,Sales Manager,Jardim das rosas n. 32,Lisboa,,1675,Portugal,(1) 354-2534,4,Margaret Peacock,Sales Representative,5-3-1993,Redmond,USA,3,Federal Shipping,(503) 555-9931,8,"Specialty Biscuits, Ltd.",Peter Wilson,UK
10329,19,Teatime Chocolate Biscuits,Confections,"Desserts, candies, and sweet breads",7.3,9.2,10,0.05,69.35,10-15-1996,11-26-1996,10-23-1996,191.67,Split Rail Beer & Ale,P.O. Box 555,Lander,WY,82520,USA,10 boxes x 12 pieces,25,0,5,0,SPLIR,Split Rail Beer & Ale,Art Braunschweiger,Sales Manager,P.O. Box 555,Lander,WY,82520,USA,(307) 555-4680,4,Margaret Peacock,Sales Representative,5-3-1993,Redmond,USA,2,United Package,(503) 555-3199,8,"Specialty Biscuits, Ltd.",Peter Wilson,UK
10329,30,Nord-Ost Matjeshering,Seafood,Seaweed and fish,20.7,25.89,8,0.05,157.32,10-15-1996,11-26-1996,10-23-1996,191.67,Split Rail Beer & Ale,P.O. Box 555,Lander,WY,82520,USA,10 - 200 g glasses,10,0,15,0,SPLIR,Split Rail Beer & Ale,Art Braunschweiger,Sales Manager,P.O. Box 555,Lander,WY,82520,USA,(307) 555-4680,4,Margaret Peacock,Sales Representative,5-3-1993,Redmond,USA,2,United Package,(503) 555-3199,13,Nord-Ost-Fisch Handelsgesellschaft mbH,Sven Petersen,Germany
10329,38,C te de Blaye,Beverages,"Soft drinks, coffees, teas, beers, and ales",210.8,263.5,20,0.05,4005.2,10-15-1996,11-26-1996,10-23-1996,191.67,Split Rail Beer & Ale,P.O. Box 555,Lander,WY,82520,USA,12 - 75 cl bottles,17,0,15,0,SPLIR,Split Rail Beer & Ale,Art Braunschweiger,Sales Manager,P.O. Box 555,Lander,WY,82520,USA,(307) 555-4680,4,Margaret Peacock,Sales Representative,5-3-1993,Redmond,USA,2,United Package,(503) 555-3199,18,Aux joyeux eccl siastiques,Guyl ne Nodier,France
10329,56,Gnocchi di nonna Alice,Grains/Cereals,"Breads, crackers, pasta, and cereal",30.4,38,12,0.05,346.56,10-15-1996,11-26-1996,10-23-1996,191.67,Split Rail Beer & Ale,P.O. Box 555,Lander,WY,82520,USA,24 - 250 g pkgs.,21,10,30,0,SPLIR,Split Rail Beer & Ale,Art Braunschweiger,Sales Manager,P.O. Box 555,Lander,WY,82520,USA,(307) 555-4680,4,Margaret Peacock,Sales Representative,5-3-1993,Redmond,USA,2,United Package,(503) 555-3199,26,Pasta Buttini s.r.l.,Giovanni Giudici,Italy
10330,26,Gumb r Gummib rchen,Confections,"Desserts, candies, and sweet breads",24.9,31.23,50,0.15,1058.25,10-16-1996,11-13-1996,10-28-1996,12.75,LILA-Supermercado,Carrera 52 con Ave. Bol var #65-98 Llano Largo,Barquisimeto,Lara,3508,Venezuela,100 - 250 g bags,15,0,0,0,LILAS,LILA-Supermercado,Carlos Gonz lez,Accounting Manager,Carrera 52 con Ave. Bol var #65-98 Llano Largo,Barquisimeto,Lara,3508,Venezuela,(9) 331-6954,3,Janet Leverling,Sales Representative,4-1-1992,Kirkland,USA,1,Speedy Express,(503) 555-9831,11,Heli S  waren GmbH & Co. KG,Petra Winkler,Germany
10330,72,Mozzarella di Giovanni,Dairy Products,Cheeses,27.8,34.8,25,0.15,590.75,10-16-1996,11-13-1996,10-28-1996,12.75,LILA-Supermercado,Carrera 52 con Ave. Bol var #65-98 Llano Largo,Barquisimeto,Lara,3508,Venezuela,24 - 200 g pkgs.,14,0,0,0,LILAS,LILA-Supermercado,Carlos Gonz lez,Accounting Manager,Carrera 52 con Ave. Bol var #65-98 Llano Largo,Barquisimeto,Lara,3508,Venezuela,(9) 331-6954,3,Janet Leverling,Sales Representative,4-1-1992,Kirkland,USA,1,Speedy Express,(503) 555-9831,14,Formaggi Fortini s.r.l.,Elio Rossi,Italy
10331,54,Tourti re,Meat/Poultry,Prepared meats,5.9,7.45,15,0,88.5,10-16-1996,11-27-1996,10-21-1996,10.19,Bon app',"12, rue des Bouchers",Marseille,,13008,France,16 pies,21,0,10,0,BONAP,Bon app',Laurence Lebihan,Owner,"12, rue des Bouchers",Marseille,,13008,France,91.24.45.40,9,Anne Dodsworth,Sales Representative,11-15-1994,London,UK,1,Speedy Express,(503) 555-9831,25,Ma Maison,Jean-Guy Lauzon,Canada
10332,18,Carnarvon Tigers,Seafood,Seaweed and fish,50,62.5,40,0.2,1600.0,10-17-1996,11-28-1996,10-21-1996,52.84,M re Paillarde,43 rue St. Laurent,Montr al,Qu bec,H1J 1C3,Canada,16 kg pkg.,42,0,0,0,MEREP,M re Paillarde,Jean Fresni re,Marketing Assistant,43 rue St. Laurent,Montr al,Qu bec,H1J 1C3,Canada,(514) 555-8054,3,Janet Leverling,Sales Representative,4-1-1992,Kirkland,USA,2,United Package,(503) 555-3199,7,"Pavlova, Ltd.",Ian Devling,Australia
10332,42,Singaporean Hokkien Fried Mee,Grains/Cereals,"Breads, crackers, pasta, and cereal",11.2,14,10,0.2,89.6,10-17-1996,11-28-1996,10-21-1996,52.84,M re Paillarde,43 rue St. Laurent,Montr al,Qu bec,H1J 1C3,Canada,32 - 1 kg pkgs.,26,0,0,1,MEREP,M re Paillarde,Jean Fresni re,Marketing Assistant,43 rue St. Laurent,Montr al,Qu bec,H1J 1C3,Canada,(514) 555-8054,3,Janet Leverling,Sales Representative,4-1-1992,Kirkland,USA,2,United Package,(503) 555-3199,20,Leka Trading,Chandra Leka,Singapore
10332,47,Zaanse koeken,Confections,"Desserts, candies, and sweet breads",7.6,9.5,16,0.2,97.28,10-17-1996,11-28-1996,10-21-1996,52.84,M re Paillarde,43 rue St. Laurent,Montr al,Qu bec,H1J 1C3,Canada,10 - 4 oz boxes,36,0,0,0,MEREP,M re Paillarde,Jean Fresni re,Marketing Assistant,43 rue St. Laurent,Montr al,Qu bec,H1J 1C3,Canada,(514) 555-8054,3,Janet Leverling,Sales Representative,4-1-1992,Kirkland,USA,2,United Package,(503) 555-3199,22,Zaanse Snoepfabriek,Dirk Luchte,Netherlands
10333,14,Tofu,Produce,Dried fruit and bean curd,18.6,23.25,10,0,186.0,10-18-1996,11-15-1996,10-25-1996,0.59,Wartian Herkku,Torikatu 38,Oulu,,90110,Finland,40 - 100 g pkgs.,35,0,0,0,WARTH,Wartian Herkku,Pirkko Koskitalo,Accounting Manager,Torikatu 38,Oulu,,90110,Finland,981-443655,5,Steven Buchanan,Sales Manager,10-17-1993,London,UK,3,Federal Shipping,(503) 555-9931,6,Mayumi's,Mayumi Ohno,Japan
10333,21,Sir Rodney's Scones,Confections,"Desserts, candies, and sweet breads",8,10,10,0.1,72.0,10-18-1996,11-15-1996,10-25-1996,0.59,Wartian Herkku,Torikatu 38,Oulu,,90110,Finland,24 pkgs. x 4 pieces,3,40,5,0,WARTH,Wartian Herkku,Pirkko Koskitalo,Accounting Manager,Torikatu 38,Oulu,,90110,Finland,981-443655,5,Steven Buchanan,Sales Manager,10-17-1993,London,UK,3,Federal Shipping,(503) 555-9931,8,"Specialty Biscuits, Ltd.",Peter Wilson,UK
10333,71,Flotemysost,Dairy Products,Cheeses,17.2,21.5,40,0.1,619.2,10-18-1996,11-15-1996,10-25-1996,0.59,Wartian Herkku,Torikatu 38,Oulu,,90110,Finland,10 - 500 g pkgs.,26,0,0,0,WARTH,Wartian Herkku,Pirkko Koskitalo,Accounting Manager,Torikatu 38,Oulu,,90110,Finland,981-443655,5,Steven Buchanan,Sales Manager,10-17-1993,London,UK,3,Federal Shipping,(503) 555-9931,15,Norske Meierier,Beate Vileid,Norway
10334,52,Filo Mix,Grains/Cereals,"Breads, crackers, pasta, and cereal",5.6,7,8,0,44.8,10-21-1996,11-18-1996,10-28-1996,8.56,Victuailles en stock,"2, rue du Commerce",Lyon,,69004,France,16 - 2 kg boxes,38,0,25,0,VICTE,Victuailles en stock,Mary Saveley,Sales Agent,"2, rue du Commerce",Lyon,,69004,France,78.32.54.86,8,Laura Callahan,Inside Sales Coordinator,3-5-1994,Seattle,USA,2,United Package,(503) 555-3199,24,"G'day, Mate",Wendy Mackenzie,Australia
10334,68,Scottish Longbreads,Confections,"Desserts, candies, and sweet breads",10,12.5,10,0,100.0,10-21-1996,11-18-1996,10-28-1996,8.56,Victuailles en stock,"2, rue du Commerce",Lyon,,69004,France,10 boxes x 8 pieces,6,10,15,0,VICTE,Victuailles en stock,Mary Saveley,Sales Agent,"2, rue du Commerce",Lyon,,69004,France,78.32.54.86,8,Laura Callahan,Inside Sales Coordinator,3-5-1994,Seattle,USA,2,United Package,(503) 555-3199,8,"Specialty Biscuits, Ltd.",Peter Wilson,UK
10335,2,Chang,Beverages,"Soft drinks, coffees, teas, beers, and ales",15.2,19,7,0.2,85.12,10-22-1996,11-19-1996,10-24-1996,42.11,Hungry Owl All-Night Grocers,8 Johnstown Road,Cork,Co. Cork,,Ireland,24 - 12 oz bottles,17,40,25,1,HUNGO,Hungry Owl All-Night Grocers,Patricia McKenna,Sales Associate,8 Johnstown Road,Cork,Co. Cork,,Ireland,2967 542,7,Robert King,Sales Representative,1-2-1994,London,UK,2,United Package,(503) 555-3199,1,Exotic Liquids,Charlotte Cooper,UK
10335,31,Gorgonzola Telino,Dairy Products,Cheeses,10,12.5,25,0.2,200.0,10-22-1996,11-19-1996,10-24-1996,42.11,Hungry Owl All-Night Grocers,8 Johnstown Road,Cork,Co. Cork,,Ireland,12 - 100 g pkgs,0,70,20,0,HUNGO,Hungry Owl All-Night Grocers,Patricia McKenna,Sales Associate,8 Johnstown Road,Cork,Co. Cork,,Ireland,2967 542,7,Robert King,Sales Representative,1-2-1994,London,UK,2,United Package,(503) 555-3199,14,Formaggi Fortini s.r.l.,Elio Rossi,Italy
10335,32,Mascarpone Fabioli,Dairy Products,Cheeses,25.6,32,6,0.2,122.88,10-22-1996,11-19-1996,10-24-1996,42.11,Hungry Owl All-Night Grocers,8 Johnstown Road,Cork,Co. Cork,,Ireland,24 - 200 g pkgs.,9,40,25,0,HUNGO,Hungry Owl All-Night Grocers,Patricia McKenna,Sales Associate,8 Johnstown Road,Cork,Co. Cork,,Ireland,2967 542,7,Robert King,Sales Representative,1-2-1994,London,UK,2,United Package,(503) 555-3199,14,Formaggi Fortini s.r.l.,Elio Rossi,Italy
10335,51,Manjimup Dried Apples,Produce,Dried fruit and bean curd,42.4,53,48,0.2,1628.16,10-22-1996,11-19-1996,10-24-1996,42.11,Hungry Owl All-Night Grocers,8 Johnstown Road,Cork,Co. Cork,,Ireland,50 - 300 g pkgs.,20,0,10,0,HUNGO,Hungry Owl All-Night Grocers,Patricia McKenna,Sales Associate,8 Johnstown Road,Cork,Co. Cork,,Ireland,2967 542,7,Robert King,Sales Representative,1-2-1994,London,UK,2,United Package,(503) 555-3199,24,"G'day, Mate",Wendy Mackenzie,Australia
10336,4,Chef Anton's Cajun Seasoning,Condiments,"Sweet and savory sauces, relishes, spreads, and seasonings",17.6,22,18,0.1,285.12,10-23-1996,11-20-1996,10-25-1996,15.51,Princesa Isabel Vinhos,Estrada da sa de n. 58,Lisboa,,1756,Portugal,48 - 6 oz jars,53,0,0,0,PRINI,Princesa Isabel Vinhos,Isabel de Castro,Sales Representative,Estrada da sa de n. 58,Lisboa,,1756,Portugal,(1) 356-5634,7,Robert King,Sales Representative,1-2-1994,London,UK,2,United Package,(503) 555-3199,2,New Orleans Cajun Delights,Shelley Burke,USA
10337,23,Tunnbr d,Grains/Cereals,"Breads, crackers, pasta, and cereal",7.2,9,40,0,288.0,10-24-1996,11-21-1996,10-29-1996,108.26,Frankenversand,Berliner Platz 43,M nchen,,80805,Germany,12 - 250 g pkgs.,61,0,25,0,FRANK,Frankenversand,Peter Franken,Marketing Manager,Berliner Platz 43,M nchen,,80805,Germany,089-0877310,4,Margaret Peacock,Sales Representative,5-3-1993,Redmond,USA,3,Federal Shipping,(503) 555-9931,9,PB Kn ckebr d AB,Lars Peterson,Sweden
10337,26,Gumb r Gummib rchen,Confections,"Desserts, candies, and sweet breads",24.9,31.23,24,0,597.6,10-24-1996,11-21-1996,10-29-1996,108.26,Frankenversand,Berliner Platz 43,M nchen,,80805,Germany,100 - 250 g bags,15,0,0,0,FRANK,Frankenversand,Peter Franken,Marketing Manager,Berliner Platz 43,M nchen,,80805,Germany,089-0877310,4,Margaret Peacock,Sales Representative,5-3-1993,Redmond,USA,3,Federal Shipping,(503) 555-9931,11,Heli S  waren GmbH & Co. KG,Petra Winkler,Germany
10337,36,Inlagd Sill,Seafood,Seaweed and fish,15.2,19,20,0,304.0,10-24-1996,11-21-1996,10-29-1996,108.26,Frankenversand,Berliner Platz 43,M nchen,,80805,Germany,24 - 250 g  jars,112,0,20,0,FRANK,Frankenversand,Peter Franken,Marketing Manager,Berliner Platz 43,M nchen,,80805,Germany,089-0877310,4,Margaret Peacock,Sales Representative,5-3-1993,Redmond,USA,3,Federal Shipping,(503) 555-9931,17,Svensk Sj f da AB,Michael Bj rn,Sweden
10337,37,Gravad lax,Seafood,Seaweed and fish,20.8,26,28,0,582.4,10-24-1996,11-21-1996,10-29-1996,108.26,Frankenversand,Berliner Platz 43,M nchen,,80805,Germany,12 - 500 g pkgs.,11,50,25,0,FRANK,Frankenversand,Peter Franken,Marketing Manager,Berliner Platz 43,M nchen,,80805,Germany,089-0877310,4,Margaret Peacock,Sales Representative,5-3-1993,Redmond,USA,3,Federal Shipping,(503) 555-9931,17,Svensk Sj f da AB,Michael Bj rn,Sweden
10337,72,Mozzarella di Giovanni,Dairy Products,Cheeses,27.8,34.8,25,0,695.0,10-24-1996,11-21-1996,10-29-1996,108.26,Frankenversand,Berliner Platz 43,M nchen,,80805,Germany,24 - 200 g pkgs.,14,0,0,0,FRANK,Frankenversand,Peter Franken,Marketing Manager,Berliner Platz 43,M nchen,,80805,Germany,089-0877310,4,Margaret Peacock,Sales Representative,5-3-1993,Redmond,USA,3,Federal Shipping,(503) 555-9931,14,Formaggi Fortini s.r.l.,Elio Rossi,Italy
10338,17,Alice Mutton,Meat/Poultry,Prepared meats,31.2,39,20,0,624.0,10-25-1996,11-22-1996,10-29-1996,84.21,Old World Delicatessen,2743 Bering St.,Anchorage,AK,99508,USA,20 - 1 kg tins,0,0,0,1,OLDWO,Old World Delicatessen,Rene Phillips,Sales Representative,2743 Bering St.,Anchorage,AK,99508,USA,(907) 555-7584,4,Margaret Peacock,Sales Representative,5-3-1993,Redmond,USA,3,Federal Shipping,(503) 555-9931,7,"Pavlova, Ltd.",Ian Devling,Australia
10338,30,Nord-Ost Matjeshering,Seafood,Seaweed and fish,20.7,25.89,15,0,310.5,10-25-1996,11-22-1996,10-29-1996,84.21,Old World Delicatessen,2743 Bering St.,Anchorage,AK,99508,USA,10 - 200 g glasses,10,0,15,0,OLDWO,Old World Delicatessen,Rene Phillips,Sales Representative,2743 Bering St.,Anchorage,AK,99508,USA,(907) 555-7584,4,Margaret Peacock,Sales Representative,5-3-1993,Redmond,USA,3,Federal Shipping,(503) 555-9931,13,Nord-Ost-Fisch Handelsgesellschaft mbH,Sven Petersen,Germany
10339,4,Chef Anton's Cajun Seasoning,Condiments,"Sweet and savory sauces, relishes, spreads, and seasonings",17.6,22,10,0,176.0,10-28-1996,11-25-1996,11-4-1996,15.66,M re Paillarde,43 rue St. Laurent,Montr al,Qu bec,H1J 1C3,Canada,48 - 6 oz jars,53,0,0,0,MEREP,M re Paillarde,Jean Fresni re,Marketing Assistant,43 rue St. Laurent,Montr al,Qu bec,H1J 1C3,Canada,(514) 555-8054,2,Andrew Fuller,"Vice President, Sales",8-14-1992,Tacoma,USA,2,United Package,(503) 555-3199,2,New Orleans Cajun Delights,Shelley Burke,USA
10339,17,Alice Mutton,Meat/Poultry,Prepared meats,31.2,39,70,0.05,2074.8,10-28-1996,11-25-1996,11-4-1996,15.66,M re Paillarde,43 rue St. Laurent,Montr al,Qu bec,H1J 1C3,Canada,20 - 1 kg tins,0,0,0,1,MEREP,M re Paillarde,Jean Fresni re,Marketing Assistant,43 rue St. Laurent,Montr al,Qu bec,H1J 1C3,Canada,(514) 555-8054,2,Andrew Fuller,"Vice President, Sales",8-14-1992,Tacoma,USA,2,United Package,(503) 555-3199,7,"Pavlova, Ltd.",Ian Devling,Australia
10339,62,Tarte au sucre,Confections,"Desserts, candies, and sweet breads",39.4,49.3,28,0,1103.2,10-28-1996,11-25-1996,11-4-1996,15.66,M re Paillarde,43 rue St. Laurent,Montr al,Qu bec,H1J 1C3,Canada,48 pies,17,0,0,0,MEREP,M re Paillarde,Jean Fresni re,Marketing Assistant,43 rue St. Laurent,Montr al,Qu bec,H1J 1C3,Canada,(514) 555-8054,2,Andrew Fuller,"Vice President, Sales",8-14-1992,Tacoma,USA,2,United Package,(503) 555-3199,29,For ts d' rables,Chantal Goulet,Canada
10340,18,Carnarvon Tigers,Seafood,Seaweed and fish,50,62.5,20,0.05,950.0,10-29-1996,11-26-1996,11-8-1996,166.31,Bon app',"12, rue des Bouchers",Marseille,,13008,France,16 kg pkg.,42,0,0,0,BONAP,Bon app',Laurence Lebihan,Owner,"12, rue des Bouchers",Marseille,,13008,France,91.24.45.40,1,Nancy Davolio,Sales Representative,5-1-1992,Seattle,USA,3,Federal Shipping,(503) 555-9931,7,"Pavlova, Ltd.",Ian Devling,Australia
10340,41,Jack's New England Clam Chowder,Seafood,Seaweed and fish,7.7,9.65,12,0.05,87.78,10-29-1996,11-26-1996,11-8-1996,166.31,Bon app',"12, rue des Bouchers",Marseille,,13008,France,12 - 12 oz cans,85,0,10,0,BONAP,Bon app',Laurence Lebihan,Owner,"12, rue des Bouchers",Marseille,,13008,France,91.24.45.40,1,Nancy Davolio,Sales Representative,5-1-1992,Seattle,USA,3,Federal Shipping,(503) 555-9931,19,New England Seafood Cannery,Robb Merchant,USA
10340,43,Ipoh Coffee,Beverages,"Soft drinks, coffees, teas, beers, and ales",36.8,46,40,0.05,1398.4,10-29-1996,11-26-1996,11-8-1996,166.31,Bon app',"12, rue des Bouchers",Marseille,,13008,France,16 - 500 g tins,17,10,25,0,BONAP,Bon app',Laurence Lebihan,Owner,"12, rue des Bouchers",Marseille,,13008,France,91.24.45.40,1,Nancy Davolio,Sales Representative,5-1-1992,Seattle,USA,3,Federal Shipping,(503) 555-9931,20,Leka Trading,Chandra Leka,Singapore
10341,33,Geitost,Dairy Products,Cheeses,2,2.5,8,0,16.0,10-29-1996,11-26-1996,11-5-1996,26.78,Simons bistro,Vinb ltet 34,Kobenhavn,,1734,Denmark,500 g,112,0,20,0,SIMOB,Simons bistro,Jytte Petersen,Owner,Vinb ltet 34,Kobenhavn,,1734,Denmark,31 12 34 56,7,Robert King,Sales Representative,1-2-1994,London,UK,3,Federal Shipping,(503) 555-9931,15,Norske Meierier,Beate Vileid,Norway
10341,59,Raclette Courdavault,Dairy Products,Cheeses,44,55,9,0.15,336.6,10-29-1996,11-26-1996,11-5-1996,26.78,Simons bistro,Vinb ltet 34,Kobenhavn,,1734,Denmark,5 kg pkg.,79,0,0,0,SIMOB,Simons bistro,Jytte Petersen,Owner,Vinb ltet 34,Kobenhavn,,1734,Denmark,31 12 34 56,7,Robert King,Sales Representative,1-2-1994,London,UK,3,Federal Shipping,(503) 555-9931,28,Gai p turage,Eliane Noz,France
10342,2,Chang,Beverages,"Soft drinks, coffees, teas, beers, and ales",15.2,19,24,0.2,291.84,10-30-1996,11-13-1996,11-4-1996,54.83,Frankenversand,Berliner Platz 43,M nchen,,80805,Germany,24 - 12 oz bottles,17,40,25,1,FRANK,Frankenversand,Peter Franken,Marketing Manager,Berliner Platz 43,M nchen,,80805,Germany,089-0877310,4,Margaret Peacock,Sales Representative,5-3-1993,Redmond,USA,2,United Package,(503) 555-3199,1,Exotic Liquids,Charlotte Cooper,UK
10342,31,Gorgonzola Telino,Dairy Products,Cheeses,10,12.5,56,0.2,448.0,10-30-1996,11-13-1996,11-4-1996,54.83,Frankenversand,Berliner Platz 43,M nchen,,80805,Germany,12 - 100 g pkgs,0,70,20,0,FRANK,Frankenversand,Peter Franken,Marketing Manager,Berliner Platz 43,M nchen,,80805,Germany,089-0877310,4,Margaret Peacock,Sales Representative,5-3-1993,Redmond,USA,2,United Package,(503) 555-3199,14,Formaggi Fortini s.r.l.,Elio Rossi,Italy
10342,36,Inlagd Sill,Seafood,Seaweed and fish,15.2,19,40,0.2,486.4,10-30-1996,11-13-1996,11-4-1996,54.83,Frankenversand,Berliner Platz 43,M nchen,,80805,Germany,24 - 250 g  jars,112,0,20,0,FRANK,Frankenversand,Peter Franken,Marketing Manager,Berliner Platz 43,M nchen,,80805,Germany,089-0877310,4,Margaret Peacock,Sales Representative,5-3-1993,Redmond,USA,2,United Package,(503) 555-3199,17,Svensk Sj f da AB,Michael Bj rn,Sweden
10342,55,P t  chinois,Meat/Poultry,Prepared meats,19.2,24,40,0.2,614.4,10-30-1996,11-13-1996,11-4-1996,54.83,Frankenversand,Berliner Platz 43,M nchen,,80805,Germany,24 boxes x 2 pies,115,0,20,0,FRANK,Frankenversand,Peter Franken,Marketing Manager,Berliner Platz 43,M nchen,,80805,Germany,089-0877310,4,Margaret Peacock,Sales Representative,5-3-1993,Redmond,USA,2,United Package,(503) 555-3199,25,Ma Maison,Jean-Guy Lauzon,Canada
10343,64,Wimmers gute Semmelkn del,Grains/Cereals,"Breads, crackers, pasta, and cereal",26.6,33.25,50,0,1330.0,10-31-1996,11-28-1996,11-6-1996,110.37,Lehmanns Marktstand,Magazinweg 7,Frankfurt a.M.,,60528,Germany,20 bags x 4 pieces,22,80,30,0,LEHMS,Lehmanns Marktstand,Renate Messner,Sales Representative,Magazinweg 7,Frankfurt a.M.,,60528,Germany,069-0245984,4,Margaret Peacock,Sales Representative,5-3-1993,Redmond,USA,1,Speedy Express,(503) 555-9831,12,Plutzer Lebensmittelgro m rkte AG,Martin Bein,Germany
10343,68,Scottish Longbreads,Confections,"Desserts, candies, and sweet breads",10,12.5,4,0.05,38.0,10-31-1996,11-28-1996,11-6-1996,110.37,Lehmanns Marktstand,Magazinweg 7,Frankfurt a.M.,,60528,Germany,10 boxes x 8 pieces,6,10,15,0,LEHMS,Lehmanns Marktstand,Renate Messner,Sales Representative,Magazinweg 7,Frankfurt a.M.,,60528,Germany,069-0245984,4,Margaret Peacock,Sales Representative,5-3-1993,Redmond,USA,1,Speedy Express,(503) 555-9831,8,"Specialty Biscuits, Ltd.",Peter Wilson,UK
10343,76,Lakkalik  ri,Beverages,"Soft drinks, coffees, teas, beers, and ales",14.4,18,15,0,216.0,10-31-1996,11-28-1996,11-6-1996,110.37,Lehmanns Marktstand,Magazinweg 7,Frankfurt a.M.,,60528,Germany,500 ml,57,0,20,0,LEHMS,Lehmanns Marktstand,Renate Messner,Sales Representative,Magazinweg 7,Frankfurt a.M.,,60528,Germany,069-0245984,4,Margaret Peacock,Sales Representative,5-3-1993,Redmond,USA,1,Speedy Express,(503) 555-9831,23,Karkki Oy,Anne Heikkonen,Finland
10344,4,Chef Anton's Cajun Seasoning,Condiments,"Sweet and savory sauces, relishes, spreads, and seasonings",17.6,22,35,0,616.0,11-1-1996,11-29-1996,11-5-1996,23.29,White Clover Markets,1029 - 12th Ave. S.,Seattle,WA,98124,USA,48 - 6 oz jars,53,0,0,0,WHITC,White Clover Markets,Karl Jablonski,Owner,305 - 14th Ave. S. Suite 3B,Seattle,WA,98128,USA,(206) 555-4112,4,Margaret Peacock,Sales Representative,5-3-1993,Redmond,USA,2,United Package,(503) 555-3199,2,New Orleans Cajun Delights,Shelley Burke,USA
10344,8,Northwoods Cranberry Sauce,Condiments,"Sweet and savory sauces, relishes, spreads, and seasonings",32,40,70,0.25,1680.0,11-1-1996,11-29-1996,11-5-1996,23.29,White Clover Markets,1029 - 12th Ave. S.,Seattle,WA,98124,USA,12 - 12 oz jars,6,0,0,0,WHITC,White Clover Markets,Karl Jablonski,Owner,305 - 14th Ave. S. Suite 3B,Seattle,WA,98128,USA,(206) 555-4112,4,Margaret Peacock,Sales Representative,5-3-1993,Redmond,USA,2,United Package,(503) 555-3199,3,Grandma Kelly's Homestead,Regina Murphy,USA
10345,8,Northwoods Cranberry Sauce,Condiments,"Sweet and savory sauces, relishes, spreads, and seasonings",32,40,70,0,2240.0,11-4-1996,12-2-1996,11-11-1996,249.06,QUICK-Stop,Taucherstra e 10,Cunewalde,,01307,Germany,12 - 12 oz jars,6,0,0,0,QUICK,QUICK-Stop,Horst Kloss,Accounting Manager,Taucherstra e 10,Cunewalde,,01307,Germany,0372-035188,2,Andrew Fuller,"Vice President, Sales",8-14-1992,Tacoma,USA,2,United Package,(503) 555-3199,3,Grandma Kelly's Homestead,Regina Murphy,USA
10345,19,Teatime Chocolate Biscuits,Confections,"Desserts, candies, and sweet breads",7.3,9.2,80,0,584.0,11-4-1996,12-2-1996,11-11-1996,249.06,QUICK-Stop,Taucherstra e 10,Cunewalde,,01307,Germany,10 boxes x 12 pieces,25,0,5,0,QUICK,QUICK-Stop,Horst Kloss,Accounting Manager,Taucherstra e 10,Cunewalde,,01307,Germany,0372-035188,2,Andrew Fuller,"Vice President, Sales",8-14-1992,Tacoma,USA,2,United Package,(503) 555-3199,8,"Specialty Biscuits, Ltd.",Peter Wilson,UK
10345,42,Singaporean Hokkien Fried Mee,Grains/Cereals,"Breads, crackers, pasta, and cereal",11.2,14,9,0,100.8,11-4-1996,12-2-1996,11-11-1996,249.06,QUICK-Stop,Taucherstra e 10,Cunewalde,,01307,Germany,32 - 1 kg pkgs.,26,0,0,1,QUICK,QUICK-Stop,Horst Kloss,Accounting Manager,Taucherstra e 10,Cunewalde,,01307,Germany,0372-035188,2,Andrew Fuller,"Vice President, Sales",8-14-1992,Tacoma,USA,2,United Package,(503) 555-3199,20,Leka Trading,Chandra Leka,Singapore
10346,17,Alice Mutton,Meat/Poultry,Prepared meats,31.2,39,36,0.1,1010.88,11-5-1996,12-17-1996,11-8-1996,142.08,Rattlesnake Canyon Grocery,2817 Milton Dr.,Albuquerque,NM,87110,USA,20 - 1 kg tins,0,0,0,1,RATTC,Rattlesnake Canyon Grocery,Paula Wilson,Assistant Sales Representative,2817 Milton Dr.,Albuquerque,NM,87110,USA,(505) 555-5939,3,Janet Leverling,Sales Representative,4-1-1992,Kirkland,USA,3,Federal Shipping,(503) 555-9931,7,"Pavlova, Ltd.",Ian Devling,Australia
10346,56,Gnocchi di nonna Alice,Grains/Cereals,"Breads, crackers, pasta, and cereal",30.4,38,20,0,608.0,11-5-1996,12-17-1996,11-8-1996,142.08,Rattlesnake Canyon Grocery,2817 Milton Dr.,Albuquerque,NM,87110,USA,24 - 250 g pkgs.,21,10,30,0,RATTC,Rattlesnake Canyon Grocery,Paula Wilson,Assistant Sales Representative,2817 Milton Dr.,Albuquerque,NM,87110,USA,(505) 555-5939,3,Janet Leverling,Sales Representative,4-1-1992,Kirkland,USA,3,Federal Shipping,(503) 555-9931,26,Pasta Buttini s.r.l.,Giovanni Giudici,Italy
10347,25,NuNuCa Nu -Nougat-Creme,Confections,"Desserts, candies, and sweet breads",11.2,14,10,0,112.0,11-6-1996,12-4-1996,11-8-1996,3.1,Familia Arquibaldo,"Rua Or s, 92",Sao Paulo,SP,05442-030,Brazil,20 - 450 g glasses,76,0,30,0,FAMIA,Familia Arquibaldo,Aria Cruz,Marketing Assistant,"Rua Or s, 92",Sao Paulo,SP,05442-030,Brazil,(11) 555-9857,4,Margaret Peacock,Sales Representative,5-3-1993,Redmond,USA,3,Federal Shipping,(503) 555-9931,11,Heli S  waren GmbH & Co. KG,Petra Winkler,Germany
10347,39,Chartreuse verte,Beverages,"Soft drinks, coffees, teas, beers, and ales",14.4,18,50,0.15,612.0,11-6-1996,12-4-1996,11-8-1996,3.1,Familia Arquibaldo,"Rua Or s, 92",Sao Paulo,SP,05442-030,Brazil,750 cc per bottle,69,0,5,0,FAMIA,Familia Arquibaldo,Aria Cruz,Marketing Assistant,"Rua Or s, 92",Sao Paulo,SP,05442-030,Brazil,(11) 555-9857,4,Margaret Peacock,Sales Representative,5-3-1993,Redmond,USA,3,Federal Shipping,(503) 555-9931,18,Aux joyeux eccl siastiques,Guyl ne Nodier,France
10347,40,Boston Crab Meat,Seafood,Seaweed and fish,14.7,18.4,4,0,58.8,11-6-1996,12-4-1996,11-8-1996,3.1,Familia Arquibaldo,"Rua Or s, 92",Sao Paulo,SP,05442-030,Brazil,24 - 4 oz tins,123,0,30,0,FAMIA,Familia Arquibaldo,Aria Cruz,Marketing Assistant,"Rua Or s, 92",Sao Paulo,SP,05442-030,Brazil,(11) 555-9857,4,Margaret Peacock,Sales Representative,5-3-1993,Redmond,USA,3,Federal Shipping,(503) 555-9931,19,New England Seafood Cannery,Robb Merchant,USA
10347,75,Rh nbr u Klosterbier,Beverages,"Soft drinks, coffees, teas, beers, and ales",6.2,7.75,6,0.15,31.62,11-6-1996,12-4-1996,11-8-1996,3.1,Familia Arquibaldo,"Rua Or s, 92",Sao Paulo,SP,05442-030,Brazil,24 - 0.5 l bottles,125,0,25,0,FAMIA,Familia Arquibaldo,Aria Cruz,Marketing Assistant,"Rua Or s, 92",Sao Paulo,SP,05442-030,Brazil,(11) 555-9857,4,Margaret Peacock,Sales Representative,5-3-1993,Redmond,USA,3,Federal Shipping,(503) 555-9931,12,Plutzer Lebensmittelgro m rkte AG,Martin Bein,Germany
10348,1,Chai,Beverages,"Soft drinks, coffees, teas, beers, and ales",14.4,18,15,0.15,183.6,11-7-1996,12-5-1996,11-15-1996,0.78,Die Wandernde Kuh,Adenauerallee 900,Stuttgart,,70563,Germany,10 boxes x 30 bags,39,0,10,1,WANDK,Die Wandernde Kuh,Rita M ller,Sales Representative,Adenauerallee 900,Stuttgart,,70563,Germany,0711-020361,4,Margaret Peacock,Sales Representative,5-3-1993,Redmond,USA,2,United Package,(503) 555-3199,8,"Specialty Biscuits, Ltd.",Peter Wilson,UK
10348,23,Tunnbr d,Grains/Cereals,"Breads, crackers, pasta, and cereal",7.2,9,25,0,180.0,11-7-1996,12-5-1996,11-15-1996,0.78,Die Wandernde Kuh,Adenauerallee 900,Stuttgart,,70563,Germany,12 - 250 g pkgs.,61,0,25,0,WANDK,Die Wandernde Kuh,Rita M ller,Sales Representative,Adenauerallee 900,Stuttgart,,70563,Germany,0711-020361,4,Margaret Peacock,Sales Representative,5-3-1993,Redmond,USA,2,United Package,(503) 555-3199,9,PB Kn ckebr d AB,Lars Peterson,Sweden
10349,54,Tourti re,Meat/Poultry,Prepared meats,5.9,7.45,24,0,141.6,11-8-1996,12-6-1996,11-15-1996,8.63,Split Rail Beer & Ale,P.O. Box 555,Lander,WY,82520,USA,16 pies,21,0,10,0,SPLIR,Split Rail Beer & Ale,Art Braunschweiger,Sales Manager,P.O. Box 555,Lander,WY,82520,USA,(307) 555-4680,7,Robert King,Sales Representative,1-2-1994,London,UK,1,Speedy Express,(503) 555-9831,25,Ma Maison,Jean-Guy Lauzon,Canada
10350,50,Valkoinen suklaa,Confections,"Desserts, candies, and sweet breads",13,16.25,15,0.1,175.5,11-11-1996,12-9-1996,12-3-1996,64.19,La maison d'Asie,1 rue Alsace-Lorraine,Toulouse,,31000,France,12 - 100 g bars,65,0,30,0,LAMAI,La maison d'Asie,Annette Roulet,Sales Manager,1 rue Alsace-Lorraine,Toulouse,,31000,France,61.77.61.10,6,Michael Suyama,Sales Representative,10-17-1993,London,UK,2,United Package,(503) 555-3199,23,Karkki Oy,Anne Heikkonen,Finland
10350,69,Gudbrandsdalsost,Dairy Products,Cheeses,28.8,36,18,0.1,466.56,11-11-1996,12-9-1996,12-3-1996,64.19,La maison d'Asie,1 rue Alsace-Lorraine,Toulouse,,31000,France,10 kg pkg.,26,0,15,0,LAMAI,La maison d'Asie,Annette Roulet,Sales Manager,1 rue Alsace-Lorraine,Toulouse,,31000,France,61.77.61.10,6,Michael Suyama,Sales Representative,10-17-1993,London,UK,2,United Package,(503) 555-3199,15,Norske Meierier,Beate Vileid,Norway
10351,38,C te de Blaye,Beverages,"Soft drinks, coffees, teas, beers, and ales",210.8,263.5,20,0.05,4005.2,11-11-1996,12-9-1996,11-20-1996,162.33,Ernst Handel,Kirchgasse 6,Graz,,8010,Austria,12 - 75 cl bottles,17,0,15,0,ERNSH,Ernst Handel,Roland Mendel,Sales Manager,Kirchgasse 6,Graz,,8010,Austria,7675-3425,1,Nancy Davolio,Sales Representative,5-1-1992,Seattle,USA,1,Speedy Express,(503) 555-9831,18,Aux joyeux eccl siastiques,Guyl ne Nodier,France
10351,41,Jack's New England Clam Chowder,Seafood,Seaweed and fish,7.7,9.65,13,0,100.1,11-11-1996,12-9-1996,11-20-1996,162.33,Ernst Handel,Kirchgasse 6,Graz,,8010,Austria,12 - 12 oz cans,85,0,10,0,ERNSH,Ernst Handel,Roland Mendel,Sales Manager,Kirchgasse 6,Graz,,8010,Austria,7675-3425,1,Nancy Davolio,Sales Representative,5-1-1992,Seattle,USA,1,Speedy Express,(503) 555-9831,19,New England Seafood Cannery,Robb Merchant,USA
10351,44,Gula Malacca,Condiments,"Sweet and savory sauces, relishes, spreads, and seasonings",15.5,19.45,77,0.05,1133.83,11-11-1996,12-9-1996,11-20-1996,162.33,Ernst Handel,Kirchgasse 6,Graz,,8010,Austria,20 - 2 kg bags,27,0,15,0,ERNSH,Ernst Handel,Roland Mendel,Sales Manager,Kirchgasse 6,Graz,,8010,Austria,7675-3425,1,Nancy Davolio,Sales Representative,5-1-1992,Seattle,USA,1,Speedy Express,(503) 555-9831,20,Leka Trading,Chandra Leka,Singapore
10351,65,Louisiana Fiery Hot Pepper Sauce,Condiments,"Sweet and savory sauces, relishes, spreads, and seasonings",16.8,21.05,10,0.05,159.6,11-11-1996,12-9-1996,11-20-1996,162.33,Ernst Handel,Kirchgasse 6,Graz,,8010,Austria,32 - 8 oz bottles,76,0,0,0,ERNSH,Ernst Handel,Roland Mendel,Sales Manager,Kirchgasse 6,Graz,,8010,Austria,7675-3425,1,Nancy Davolio,Sales Representative,5-1-1992,Seattle,USA,1,Speedy Express,(503) 555-9831,2,New Orleans Cajun Delights,Shelley Burke,USA
10352,24,Guaran  Fant stica,Beverages,"Soft drinks, coffees, teas, beers, and ales",3.6,4.5,10,0,36.0,11-12-1996,11-26-1996,11-18-1996,1.3,Furia Bacalhau e Frutos do Mar,Jardim das rosas n. 32,Lisboa,,1675,Portugal,12 - 355 ml cans,20,0,0,1,FURIB,Furia Bacalhau e Frutos do Mar,Lino Rodriguez,Sales Manager,Jardim das rosas n. 32,Lisboa,,1675,Portugal,(1) 354-2534,3,Janet Leverling,Sales Representative,4-1-1992,Kirkland,USA,3,Federal Shipping,(503) 555-9931,10,Refrescos Americanas LTDA,Carlos Diaz,Brazil
10352,54,Tourti re,Meat/Poultry,Prepared meats,5.9,7.45,20,0.15,100.3,11-12-1996,11-26-1996,11-18-1996,1.3,Furia Bacalhau e Frutos do Mar,Jardim das rosas n. 32,Lisboa,,1675,Portugal,16 pies,21,0,10,0,FURIB,Furia Bacalhau e Frutos do Mar,Lino Rodriguez,Sales Manager,Jardim das rosas n. 32,Lisboa,,1675,Portugal,(1) 354-2534,3,Janet Leverling,Sales Representative,4-1-1992,Kirkland,USA,3,Federal Shipping,(503) 555-9931,25,Ma Maison,Jean-Guy Lauzon,Canada
10353,11,Queso Cabrales,Dairy Products,Cheeses,16.8,21,12,0.2,161.28,11-13-1996,12-11-1996,11-25-1996,360.63,Piccolo und mehr,Geislweg 14,Salzburg,,5020,Austria,1 kg pkg.,22,30,30,0,PICCO,Piccolo und mehr,Georg Pipps,Sales Manager,Geislweg 14,Salzburg,,5020,Austria,6562-9722,7,Robert King,Sales Representative,1-2-1994,London,UK,3,Federal Shipping,(503) 555-9931,5,Cooperativa de Quesos 'Las Cabras',Antonio del Valle Saavedra,Spain
10353,38,C te de Blaye,Beverages,"Soft drinks, coffees, teas, beers, and ales",210.8,263.5,50,0.2,8432.0,11-13-1996,12-11-1996,11-25-1996,360.63,Piccolo und mehr,Geislweg 14,Salzburg,,5020,Austria,12 - 75 cl bottles,17,0,15,0,PICCO,Piccolo und mehr,Georg Pipps,Sales Manager,Geislweg 14,Salzburg,,5020,Austria,6562-9722,7,Robert King,Sales Representative,1-2-1994,London,UK,3,Federal Shipping,(503) 555-9931,18,Aux joyeux eccl siastiques,Guyl ne Nodier,France
10354,1,Chai,Beverages,"Soft drinks, coffees, teas, beers, and ales",14.4,18,12,0,172.8,11-14-1996,12-12-1996,11-20-1996,53.8,Pericles Comidas cl sicas,Calle Dr. Jorge Cash 321,M xico D.F.,,05033,Mexico,10 boxes x 30 bags,39,0,10,1,PERIC,Pericles Comidas cl sicas,Guillermo Fern ndez,Sales Representative,Calle Dr. Jorge Cash 321,M xico D.F.,,05033,Mexico,(5) 552-3745,8,Laura Callahan,Inside Sales Coordinator,3-5-1994,Seattle,USA,3,Federal Shipping,(503) 555-9931,8,"Specialty Biscuits, Ltd.",Peter Wilson,UK
10354,29,Th ringer Rostbratwurst,Meat/Poultry,Prepared meats,99,123.79,4,0,396.0,11-14-1996,12-12-1996,11-20-1996,53.8,Pericles Comidas cl sicas,Calle Dr. Jorge Cash 321,M xico D.F.,,05033,Mexico,50 bags x 30 sausgs.,0,0,0,1,PERIC,Pericles Comidas cl sicas,Guillermo Fern ndez,Sales Representative,Calle Dr. Jorge Cash 321,M xico D.F.,,05033,Mexico,(5) 552-3745,8,Laura Callahan,Inside Sales Coordinator,3-5-1994,Seattle,USA,3,Federal Shipping,(503) 555-9931,12,Plutzer Lebensmittelgro m rkte AG,Martin Bein,Germany
10355,24,Guaran  Fant stica,Beverages,"Soft drinks, coffees, teas, beers, and ales",3.6,4.5,25,0,90.0,11-15-1996,12-13-1996,11-20-1996,41.95,Around the Horn,Brook Farm Stratford St. Mary,Colchester,Essex,CO7 6JX,UK,12 - 355 ml cans,20,0,0,1,AROUT,Around the Horn,Thomas Hardy,Sales Representative,120 Hanover Sq.,London,,WA1 1DP,UK,(171) 555-7788,6,Michael Suyama,Sales Representative,10-17-1993,London,UK,1,Speedy Express,(503) 555-9831,10,Refrescos Americanas LTDA,Carlos Diaz,Brazil
10355,57,Ravioli Angelo,Grains/Cereals,"Breads, crackers, pasta, and cereal",15.6,19.5,25,0,390.0,11-15-1996,12-13-1996,11-20-1996,41.95,Around the Horn,Brook Farm Stratford St. Mary,Colchester,Essex,CO7 6JX,UK,24 - 250 g pkgs.,36,0,20,0,AROUT,Around the Horn,Thomas Hardy,Sales Representative,120 Hanover Sq.,London,,WA1 1DP,UK,(171) 555-7788,6,Michael Suyama,Sales Representative,10-17-1993,London,UK,1,Speedy Express,(503) 555-9831,26,Pasta Buttini s.r.l.,Giovanni Giudici,Italy
10356,31,Gorgonzola Telino,Dairy Products,Cheeses,10,12.5,30,0,300.0,11-18-1996,12-16-1996,11-27-1996,36.71,Die Wandernde Kuh,Adenauerallee 900,Stuttgart,,70563,Germany,12 - 100 g pkgs,0,70,20,0,WANDK,Die Wandernde Kuh,Rita M ller,Sales Representative,Adenauerallee 900,Stuttgart,,70563,Germany,0711-020361,6,Michael Suyama,Sales Representative,10-17-1993,London,UK,2,United Package,(503) 555-3199,14,Formaggi Fortini s.r.l.,Elio Rossi,Italy
10356,55,P t  chinois,Meat/Poultry,Prepared meats,19.2,24,12,0,230.4,11-18-1996,12-16-1996,11-27-1996,36.71,Die Wandernde Kuh,Adenauerallee 900,Stuttgart,,70563,Germany,24 boxes x 2 pies,115,0,20,0,WANDK,Die Wandernde Kuh,Rita M ller,Sales Representative,Adenauerallee 900,Stuttgart,,70563,Germany,0711-020361,6,Michael Suyama,Sales Representative,10-17-1993,London,UK,2,United Package,(503) 555-3199,25,Ma Maison,Jean-Guy Lauzon,Canada
10356,69,Gudbrandsdalsost,Dairy Products,Cheeses,28.8,36,20,0,576.0,11-18-1996,12-16-1996,11-27-1996,36.71,Die Wandernde Kuh,Adenauerallee 900,Stuttgart,,70563,Germany,10 kg pkg.,26,0,15,0,WANDK,Die Wandernde Kuh,Rita M ller,Sales Representative,Adenauerallee 900,Stuttgart,,70563,Germany,0711-020361,6,Michael Suyama,Sales Representative,10-17-1993,London,UK,2,United Package,(503) 555-3199,15,Norske Meierier,Beate Vileid,Norway
10357,10,Ikura,Seafood,Seaweed and fish,24.8,31,30,0.2,595.2,11-19-1996,12-17-1996,12-2-1996,34.88,LILA-Supermercado,Carrera 52 con Ave. Bol var #65-98 Llano Largo,Barquisimeto,Lara,3508,Venezuela,12 - 200 ml jars,31,0,0,0,LILAS,LILA-Supermercado,Carlos Gonz lez,Accounting Manager,Carrera 52 con Ave. Bol var #65-98 Llano Largo,Barquisimeto,Lara,3508,Venezuela,(9) 331-6954,1,Nancy Davolio,Sales Representative,5-1-1992,Seattle,USA,3,Federal Shipping,(503) 555-9931,4,Tokyo Traders,Yoshi Nagase,Japan
10357,26,Gumb r Gummib rchen,Confections,"Desserts, candies, and sweet breads",24.9,31.23,16,0,398.4,11-19-1996,12-17-1996,12-2-1996,34.88,LILA-Supermercado,Carrera 52 con Ave. Bol var #65-98 Llano Largo,Barquisimeto,Lara,3508,Venezuela,100 - 250 g bags,15,0,0,0,LILAS,LILA-Supermercado,Carlos Gonz lez,Accounting Manager,Carrera 52 con Ave. Bol var #65-98 Llano Largo,Barquisimeto,Lara,3508,Venezuela,(9) 331-6954,1,Nancy Davolio,Sales Representative,5-1-1992,Seattle,USA,3,Federal Shipping,(503) 555-9931,11,Heli S  waren GmbH & Co. KG,Petra Winkler,Germany
10357,60,Camembert Pierrot,Dairy Products,Cheeses,27.2,34,8,0.2,174.08,11-19-1996,12-17-1996,12-2-1996,34.88,LILA-Supermercado,Carrera 52 con Ave. Bol var #65-98 Llano Largo,Barquisimeto,Lara,3508,Venezuela,15 - 300 g rounds,19,0,0,0,LILAS,LILA-Supermercado,Carlos Gonz lez,Accounting Manager,Carrera 52 con Ave. Bol var #65-98 Llano Largo,Barquisimeto,Lara,3508,Venezuela,(9) 331-6954,1,Nancy Davolio,Sales Representative,5-1-1992,Seattle,USA,3,Federal Shipping,(503) 555-9931,28,Gai p turage,Eliane Noz,France
10358,24,Guaran  Fant stica,Beverages,"Soft drinks, coffees, teas, beers, and ales",3.6,4.5,10,0.05,34.2,11-20-1996,12-18-1996,11-27-1996,19.64,La maison d'Asie,1 rue Alsace-Lorraine,Toulouse,,31000,France,12 - 355 ml cans,20,0,0,1,LAMAI,La maison d'Asie,Annette Roulet,Sales Manager,1 rue Alsace-Lorraine,Toulouse,,31000,France,61.77.61.10,5,Steven Buchanan,Sales Manager,10-17-1993,London,UK,1,Speedy Express,(503) 555-9831,10,Refrescos Americanas LTDA,Carlos Diaz,Brazil
10358,34,Sasquatch Ale,Beverages,"Soft drinks, coffees, teas, beers, and ales",11.2,14,10,0.05,106.4,11-20-1996,12-18-1996,11-27-1996,19.64,La maison d'Asie,1 rue Alsace-Lorraine,Toulouse,,31000,France,24 - 12 oz bottles,111,0,15,0,LAMAI,La maison d'Asie,Annette Roulet,Sales Manager,1 rue Alsace-Lorraine,Toulouse,,31000,France,61.77.61.10,5,Steven Buchanan,Sales Manager,10-17-1993,London,UK,1,Speedy Express,(503) 555-9831,16,Bigfoot Breweries,Cheryl Saylor,USA
10358,36,Inlagd Sill,Seafood,Seaweed and fish,15.2,19,20,0.05,288.8,11-20-1996,12-18-1996,11-27-1996,19.64,La maison d'Asie,1 rue Alsace-Lorraine,Toulouse,,31000,France,24 - 250 g  jars,112,0,20,0,LAMAI,La maison d'Asie,Annette Roulet,Sales Manager,1 rue Alsace-Lorraine,Toulouse,,31000,France,61.77.61.10,5,Steven Buchanan,Sales Manager,10-17-1993,London,UK,1,Speedy Express,(503) 555-9831,17,Svensk Sj f da AB,Michael Bj rn,Sweden
10359,16,Pavlova,Confections,"Desserts, candies, and sweet breads",13.9,17.45,56,0.05,739.48,11-21-1996,12-19-1996,11-26-1996,288.43,Seven Seas Imports,90 Wadhurst Rd.,London,,OX15 4NB,UK,32 - 500 g boxes,29,0,10,0,SEVES,Seven Seas Imports,Hari Kumar,Sales Manager,90 Wadhurst Rd.,London,,OX15 4NB,UK,(171) 555-1717,5,Steven Buchanan,Sales Manager,10-17-1993,London,UK,3,Federal Shipping,(503) 555-9931,7,"Pavlova, Ltd.",Ian Devling,Australia
10359,31,Gorgonzola Telino,Dairy Products,Cheeses,10,12.5,70,0.05,665.0,11-21-1996,12-19-1996,11-26-1996,288.43,Seven Seas Imports,90 Wadhurst Rd.,London,,OX15 4NB,UK,12 - 100 g pkgs,0,70,20,0,SEVES,Seven Seas Imports,Hari Kumar,Sales Manager,90 Wadhurst Rd.,London,,OX15 4NB,UK,(171) 555-1717,5,Steven Buchanan,Sales Manager,10-17-1993,London,UK,3,Federal Shipping,(503) 555-9931,14,Formaggi Fortini s.r.l.,Elio Rossi,Italy
10359,60,Camembert Pierrot,Dairy Products,Cheeses,27.2,34,80,0.05,2067.2,11-21-1996,12-19-1996,11-26-1996,288.43,Seven Seas Imports,90 Wadhurst Rd.,London,,OX15 4NB,UK,15 - 300 g rounds,19,0,0,0,SEVES,Seven Seas Imports,Hari Kumar,Sales Manager,90 Wadhurst Rd.,London,,OX15 4NB,UK,(171) 555-1717,5,Steven Buchanan,Sales Manager,10-17-1993,London,UK,3,Federal Shipping,(503) 555-9931,28,Gai p turage,Eliane Noz,France
10360,28,R ssle Sauerkraut,Produce,Dried fruit and bean curd,36.4,45.6,30,0,1092.0,11-22-1996,12-20-1996,12-2-1996,131.7,Blondel p re et fils,"24, place Kl ber",Strasbourg,,67000,France,25 - 825 g cans,26,0,0,1,BLONP,Blondesddsl p re et fils,Fr d rique Citeaux,Marketing Manager,"24, place Kl ber",Strasbourg,,67000,France,88.60.15.31,4,Margaret Peacock,Sales Representative,5-3-1993,Redmond,USA,3,Federal Shipping,(503) 555-9931,12,Plutzer Lebensmittelgro m rkte AG,Martin Bein,Germany
10360,29,Th ringer Rostbratwurst,Meat/Poultry,Prepared meats,99,123.79,35,0,3465.0,11-22-1996,12-20-1996,12-2-1996,131.7,Blondel p re et fils,"24, place Kl ber",Strasbourg,,67000,France,50 bags x 30 sausgs.,0,0,0,1,BLONP,Blondesddsl p re et fils,Fr d rique Citeaux,Marketing Manager,"24, place Kl ber",Strasbourg,,67000,France,88.60.15.31,4,Margaret Peacock,Sales Representative,5-3-1993,Redmond,USA,3,Federal Shipping,(503) 555-9931,12,Plutzer Lebensmittelgro m rkte AG,Martin Bein,Germany
10360,38,C te de Blaye,Beverages,"Soft drinks, coffees, teas, beers, and ales",210.8,263.5,10,0,2108.0,11-22-1996,12-20-1996,12-2-1996,131.7,Blondel p re et fils,"24, place Kl ber",Strasbourg,,67000,France,12 - 75 cl bottles,17,0,15,0,BLONP,Blondesddsl p re et fils,Fr d rique Citeaux,Marketing Manager,"24, place Kl ber",Strasbourg,,67000,France,88.60.15.31,4,Margaret Peacock,Sales Representative,5-3-1993,Redmond,USA,3,Federal Shipping,(503) 555-9931,18,Aux joyeux eccl siastiques,Guyl ne Nodier,France
10360,49,Maxilaku,Confections,"Desserts, candies, and sweet breads",16,20,35,0,560.0,11-22-1996,12-20-1996,12-2-1996,131.7,Blondel p re et fils,"24, place Kl ber",Strasbourg,,67000,France,24 - 50 g pkgs.,10,60,15,0,BLONP,Blondesddsl p re et fils,Fr d rique Citeaux,Marketing Manager,"24, place Kl ber",Strasbourg,,67000,France,88.60.15.31,4,Margaret Peacock,Sales Representative,5-3-1993,Redmond,USA,3,Federal Shipping,(503) 555-9931,23,Karkki Oy,Anne Heikkonen,Finland
10360,54,Tourti re,Meat/Poultry,Prepared meats,5.9,7.45,28,0,165.2,11-22-1996,12-20-1996,12-2-1996,131.7,Blondel p re et fils,"24, place Kl ber",Strasbourg,,67000,France,16 pies,21,0,10,0,BLONP,Blondesddsl p re et fils,Fr d rique Citeaux,Marketing Manager,"24, place Kl ber",Strasbourg,,67000,France,88.60.15.31,4,Margaret Peacock,Sales Representative,5-3-1993,Redmond,USA,3,Federal Shipping,(503) 555-9931,25,Ma Maison,Jean-Guy Lauzon,Canada
10361,39,Chartreuse verte,Beverages,"Soft drinks, coffees, teas, beers, and ales",14.4,18,54,0.1,699.84,11-22-1996,12-20-1996,12-3-1996,183.17,QUICK-Stop,Taucherstra e 10,Cunewalde,,01307,Germany,750 cc per bottle,69,0,5,0,QUICK,QUICK-Stop,Horst Kloss,Accounting Manager,Taucherstra e 10,Cunewalde,,01307,Germany,0372-035188,1,Nancy Davolio,Sales Representative,5-1-1992,Seattle,USA,2,United Package,(503) 555-3199,18,Aux joyeux eccl siastiques,Guyl ne Nodier,France
10361,60,Camembert Pierrot,Dairy Products,Cheeses,27.2,34,55,0.1,1346.4,11-22-1996,12-20-1996,12-3-1996,183.17,QUICK-Stop,Taucherstra e 10,Cunewalde,,01307,Germany,15 - 300 g rounds,19,0,0,0,QUICK,QUICK-Stop,Horst Kloss,Accounting Manager,Taucherstra e 10,Cunewalde,,01307,Germany,0372-035188,1,Nancy Davolio,Sales Representative,5-1-1992,Seattle,USA,2,United Package,(503) 555-3199,28,Gai p turage,Eliane Noz,France
10362,25,NuNuCa Nu -Nougat-Creme,Confections,"Desserts, candies, and sweet breads",11.2,14,50,0,560.0,11-25-1996,12-23-1996,11-28-1996,96.04,Bon app',"12, rue des Bouchers",Marseille,,13008,France,20 - 450 g glasses,76,0,30,0,BONAP,Bon app',Laurence Lebihan,Owner,"12, rue des Bouchers",Marseille,,13008,France,91.24.45.40,3,Janet Leverling,Sales Representative,4-1-1992,Kirkland,USA,1,Speedy Express,(503) 555-9831,11,Heli S  waren GmbH & Co. KG,Petra Winkler,Germany
10362,51,Manjimup Dried Apples,Produce,Dried fruit and bean curd,42.4,53,20,0,848.0,11-25-1996,12-23-1996,11-28-1996,96.04,Bon app',"12, rue des Bouchers",Marseille,,13008,France,50 - 300 g pkgs.,20,0,10,0,BONAP,Bon app',Laurence Lebihan,Owner,"12, rue des Bouchers",Marseille,,13008,France,91.24.45.40,3,Janet Leverling,Sales Representative,4-1-1992,Kirkland,USA,1,Speedy Express,(503) 555-9831,24,"G'day, Mate",Wendy Mackenzie,Australia
10362,54,Tourti re,Meat/Poultry,Prepared meats,5.9,7.45,24,0,141.6,11-25-1996,12-23-1996,11-28-1996,96.04,Bon app',"12, rue des Bouchers",Marseille,,13008,France,16 pies,21,0,10,0,BONAP,Bon app',Laurence Lebihan,Owner,"12, rue des Bouchers",Marseille,,13008,France,91.24.45.40,3,Janet Leverling,Sales Representative,4-1-1992,Kirkland,USA,1,Speedy Express,(503) 555-9831,25,Ma Maison,Jean-Guy Lauzon,Canada
10363,31,Gorgonzola Telino,Dairy Products,Cheeses,10,12.5,20,0,200.0,11-26-1996,12-24-1996,12-4-1996,30.54,Drachenblut Delikatessen,Walserweg 21,Aachen,,52066,Germany,12 - 100 g pkgs,0,70,20,0,DRACD,Drachenblut Delikatessen,Sven Ottlieb,Order Administrator,Walserweg 21,Aachen,,52066,Germany,0241-039123,4,Margaret Peacock,Sales Representative,5-3-1993,Redmond,USA,3,Federal Shipping,(503) 555-9931,14,Formaggi Fortini s.r.l.,Elio Rossi,Italy
10363,75,Rh nbr u Klosterbier,Beverages,"Soft drinks, coffees, teas, beers, and ales",6.2,7.75,12,0,74.4,11-26-1996,12-24-1996,12-4-1996,30.54,Drachenblut Delikatessen,Walserweg 21,Aachen,,52066,Germany,24 - 0.5 l bottles,125,0,25,0,DRACD,Drachenblut Delikatessen,Sven Ottlieb,Order Administrator,Walserweg 21,Aachen,,52066,Germany,0241-039123,4,Margaret Peacock,Sales Representative,5-3-1993,Redmond,USA,3,Federal Shipping,(503) 555-9931,12,Plutzer Lebensmittelgro m rkte AG,Martin Bein,Germany
10363,76,Lakkalik  ri,Beverages,"Soft drinks, coffees, teas, beers, and ales",14.4,18,12,0,172.8,11-26-1996,12-24-1996,12-4-1996,30.54,Drachenblut Delikatessen,Walserweg 21,Aachen,,52066,Germany,500 ml,57,0,20,0,DRACD,Drachenblut Delikatessen,Sven Ottlieb,Order Administrator,Walserweg 21,Aachen,,52066,Germany,0241-039123,4,Margaret Peacock,Sales Representative,5-3-1993,Redmond,USA,3,Federal Shipping,(503) 555-9931,23,Karkki Oy,Anne Heikkonen,Finland
10364,69,Gudbrandsdalsost,Dairy Products,Cheeses,28.8,36,30,0,864.0,11-26-1996,1-7-1997,12-4-1996,71.97,Eastern Connection,35 King George,London,,WX3 6FW,UK,10 kg pkg.,26,0,15,0,EASTC,Eastern Connection,Ann Devon,Sales Agent,35 King George,London,,WX3 6FW,UK,(171) 555-0297,1,Nancy Davolio,Sales Representative,5-1-1992,Seattle,USA,1,Speedy Express,(503) 555-9831,15,Norske Meierier,Beate Vileid,Norway
10364,71,Flotemysost,Dairy Products,Cheeses,17.2,21.5,5,0,86.0,11-26-1996,1-7-1997,12-4-1996,71.97,Eastern Connection,35 King George,London,,WX3 6FW,UK,10 - 500 g pkgs.,26,0,0,0,EASTC,Eastern Connection,Ann Devon,Sales Agent,35 King George,London,,WX3 6FW,UK,(171) 555-0297,1,Nancy Davolio,Sales Representative,5-1-1992,Seattle,USA,1,Speedy Express,(503) 555-9831,15,Norske Meierier,Beate Vileid,Norway
10365,11,Queso Cabrales,Dairy Products,Cheeses,16.8,21,24,0,403.2,11-27-1996,12-25-1996,12-2-1996,22,Antonio Moreno Taquer a,Mataderos  2312,M xico D.F.,,05023,Mexico,1 kg pkg.,22,30,30,0,ANTON,Antonio Moreno Taquer a,Antonio Moreno,Owner,Mataderos  2312,M xico D.F.,,05023,Mexico,(5) 555-3932,3,Janet Leverling,Sales Representative,4-1-1992,Kirkland,USA,2,United Package,(503) 555-3199,5,Cooperativa de Quesos 'Las Cabras',Antonio del Valle Saavedra,Spain
10366,65,Louisiana Fiery Hot Pepper Sauce,Condiments,"Sweet and savory sauces, relishes, spreads, and seasonings",16.8,21.05,5,0,84.0,11-28-1996,1-9-1997,12-30-1996,10.14,Galer a del gastron mo,"Rambla de Catalu a, 23",Barcelona,,8022,Spain,32 - 8 oz bottles,76,0,0,0,GALED,Galer a del gastr nomo,Eduardo Saavedra,Marketing Manager,"Rambla de Catalu a, 23",Barcelona,,08022,Spain,(93) 203 4560,8,Laura Callahan,Inside Sales Coordinator,3-5-1994,Seattle,USA,2,United Package,(503) 555-3199,2,New Orleans Cajun Delights,Shelley Burke,USA
10366,77,Original Frankfurter gr ne So e,Condiments,"Sweet and savory sauces, relishes, spreads, and seasonings",10.4,13,5,0,52.0,11-28-1996,1-9-1997,12-30-1996,10.14,Galer a del gastron mo,"Rambla de Catalu a, 23",Barcelona,,8022,Spain,12 boxes,32,0,15,0,GALED,Galer a del gastr nomo,Eduardo Saavedra,Marketing Manager,"Rambla de Catalu a, 23",Barcelona,,08022,Spain,(93) 203 4560,8,Laura Callahan,Inside Sales Coordinator,3-5-1994,Seattle,USA,2,United Package,(503) 555-3199,12,Plutzer Lebensmittelgro m rkte AG,Martin Bein,Germany
10367,34,Sasquatch Ale,Beverages,"Soft drinks, coffees, teas, beers, and ales",11.2,14,36,0,403.2,11-28-1996,12-26-1996,12-2-1996,13.55,Vaffeljernet,Smagsloget 45,rhus,,8200,Denmark,24 - 12 oz bottles,111,0,15,0,VAFFE,Vaffeljernet,Palle Ibsen,Sales Manager,Smagsloget 45,rhus,,8200,Denmark,86 21 32 43,7,Robert King,Sales Representative,1-2-1994,London,UK,3,Federal Shipping,(503) 555-9931,16,Bigfoot Breweries,Cheryl Saylor,USA
10367,54,Tourti re,Meat/Poultry,Prepared meats,5.9,7.45,18,0,106.2,11-28-1996,12-26-1996,12-2-1996,13.55,Vaffeljernet,Smagsloget 45,rhus,,8200,Denmark,16 pies,21,0,10,0,VAFFE,Vaffeljernet,Palle Ibsen,Sales Manager,Smagsloget 45,rhus,,8200,Denmark,86 21 32 43,7,Robert King,Sales Representative,1-2-1994,London,UK,3,Federal Shipping,(503) 555-9931,25,Ma Maison,Jean-Guy Lauzon,Canada
10367,65,Louisiana Fiery Hot Pepper Sauce,Condiments,"Sweet and savory sauces, relishes, spreads, and seasonings",16.8,21.05,15,0,252.0,11-28-1996,12-26-1996,12-2-1996,13.55,Vaffeljernet,Smagsloget 45,rhus,,8200,Denmark,32 - 8 oz bottles,76,0,0,0,VAFFE,Vaffeljernet,Palle Ibsen,Sales Manager,Smagsloget 45,rhus,,8200,Denmark,86 21 32 43,7,Robert King,Sales Representative,1-2-1994,London,UK,3,Federal Shipping,(503) 555-9931,2,New Orleans Cajun Delights,Shelley Burke,USA
10367,77,Original Frankfurter gr ne So e,Condiments,"Sweet and savory sauces, relishes, spreads, and seasonings",10.4,13,7,0,72.8,11-28-1996,12-26-1996,12-2-1996,13.55,Vaffeljernet,Smagsloget 45,rhus,,8200,Denmark,12 boxes,32,0,15,0,VAFFE,Vaffeljernet,Palle Ibsen,Sales Manager,Smagsloget 45,rhus,,8200,Denmark,86 21 32 43,7,Robert King,Sales Representative,1-2-1994,London,UK,3,Federal Shipping,(503) 555-9931,12,Plutzer Lebensmittelgro m rkte AG,Martin Bein,Germany
10368,21,Sir Rodney's Scones,Confections,"Desserts, candies, and sweet breads",8,10,5,0.1,36.0,11-29-1996,12-27-1996,12-2-1996,101.95,Ernst Handel,Kirchgasse 6,Graz,,8010,Austria,24 pkgs. x 4 pieces,3,40,5,0,ERNSH,Ernst Handel,Roland Mendel,Sales Manager,Kirchgasse 6,Graz,,8010,Austria,7675-3425,2,Andrew Fuller,"Vice President, Sales",8-14-1992,Tacoma,USA,2,United Package,(503) 555-3199,8,"Specialty Biscuits, Ltd.",Peter Wilson,UK
10368,28,R ssle Sauerkraut,Produce,Dried fruit and bean curd,36.4,45.6,13,0.1,425.88,11-29-1996,12-27-1996,12-2-1996,101.95,Ernst Handel,Kirchgasse 6,Graz,,8010,Austria,25 - 825 g cans,26,0,0,1,ERNSH,Ernst Handel,Roland Mendel,Sales Manager,Kirchgasse 6,Graz,,8010,Austria,7675-3425,2,Andrew Fuller,"Vice President, Sales",8-14-1992,Tacoma,USA,2,United Package,(503) 555-3199,12,Plutzer Lebensmittelgro m rkte AG,Martin Bein,Germany
10368,57,Ravioli Angelo,Grains/Cereals,"Breads, crackers, pasta, and cereal",15.6,19.5,25,0,390.0,11-29-1996,12-27-1996,12-2-1996,101.95,Ernst Handel,Kirchgasse 6,Graz,,8010,Austria,24 - 250 g pkgs.,36,0,20,0,ERNSH,Ernst Handel,Roland Mendel,Sales Manager,Kirchgasse 6,Graz,,8010,Austria,7675-3425,2,Andrew Fuller,"Vice President, Sales",8-14-1992,Tacoma,USA,2,United Package,(503) 555-3199,26,Pasta Buttini s.r.l.,Giovanni Giudici,Italy
10368,64,Wimmers gute Semmelkn del,Grains/Cereals,"Breads, crackers, pasta, and cereal",26.6,33.25,35,0.1,837.9,11-29-1996,12-27-1996,12-2-1996,101.95,Ernst Handel,Kirchgasse 6,Graz,,8010,Austria,20 bags x 4 pieces,22,80,30,0,ERNSH,Ernst Handel,Roland Mendel,Sales Manager,Kirchgasse 6,Graz,,8010,Austria,7675-3425,2,Andrew Fuller,"Vice President, Sales",8-14-1992,Tacoma,USA,2,United Package,(503) 555-3199,12,Plutzer Lebensmittelgro m rkte AG,Martin Bein,Germany
10369,29,Th ringer Rostbratwurst,Meat/Poultry,Prepared meats,99,123.79,20,0,1980.0,12-2-1996,12-30-1996,12-9-1996,195.68,Split Rail Beer & Ale,P.O. Box 555,Lander,WY,82520,USA,50 bags x 30 sausgs.,0,0,0,1,SPLIR,Split Rail Beer & Ale,Art Braunschweiger,Sales Manager,P.O. Box 555,Lander,WY,82520,USA,(307) 555-4680,8,Laura Callahan,Inside Sales Coordinator,3-5-1994,Seattle,USA,2,United Package,(503) 555-3199,12,Plutzer Lebensmittelgro m rkte AG,Martin Bein,Germany
10369,56,Gnocchi di nonna Alice,Grains/Cereals,"Breads, crackers, pasta, and cereal",30.4,38,18,0.25,410.4,12-2-1996,12-30-1996,12-9-1996,195.68,Split Rail Beer & Ale,P.O. Box 555,Lander,WY,82520,USA,24 - 250 g pkgs.,21,10,30,0,SPLIR,Split Rail Beer & Ale,Art Braunschweiger,Sales Manager,P.O. Box 555,Lander,WY,82520,USA,(307) 555-4680,8,Laura Callahan,Inside Sales Coordinator,3-5-1994,Seattle,USA,2,United Package,(503) 555-3199,26,Pasta Buttini s.r.l.,Giovanni Giudici,Italy
10370,1,Chai,Beverages,"Soft drinks, coffees, teas, beers, and ales",14.4,18,15,0.15,183.6,12-3-1996,12-31-1996,12-27-1996,1.17,Chop-suey Chinese,Hauptstr. 31,Bern,,3012,Switzerland,10 boxes x 30 bags,39,0,10,1,CHOPS,Chop-suey Chinese,Yang Wang,Owner,Hauptstr. 29,Bern,,3012,Switzerland,0452-076545,6,Michael Suyama,Sales Representative,10-17-1993,London,UK,2,United Package,(503) 555-3199,8,"Specialty Biscuits, Ltd.",Peter Wilson,UK
10370,64,Wimmers gute Semmelkn del,Grains/Cereals,"Breads, crackers, pasta, and cereal",26.6,33.25,30,0,798.0,12-3-1996,12-31-1996,12-27-1996,1.17,Chop-suey Chinese,Hauptstr. 31,Bern,,3012,Switzerland,20 bags x 4 pieces,22,80,30,0,CHOPS,Chop-suey Chinese,Yang Wang,Owner,Hauptstr. 29,Bern,,3012,Switzerland,0452-076545,6,Michael Suyama,Sales Representative,10-17-1993,London,UK,2,United Package,(503) 555-3199,12,Plutzer Lebensmittelgro m rkte AG,Martin Bein,Germany
10370,74,Longlife Tofu,Produce,Dried fruit and bean curd,8,10,20,0.15,136.0,12-3-1996,12-31-1996,12-27-1996,1.17,Chop-suey Chinese,Hauptstr. 31,Bern,,3012,Switzerland,5 kg pkg.,4,20,5,0,CHOPS,Chop-suey Chinese,Yang Wang,Owner,Hauptstr. 29,Bern,,3012,Switzerland,0452-076545,6,Michael Suyama,Sales Representative,10-17-1993,London,UK,2,United Package,(503) 555-3199,4,Tokyo Traders,Yoshi Nagase,Japan
10371,36,Inlagd Sill,Seafood,Seaweed and fish,15.2,19,6,0.2,72.96,12-3-1996,12-31-1996,12-24-1996,0.45,La maison d'Asie,1 rue Alsace-Lorraine,Toulouse,,31000,France,24 - 250 g  jars,112,0,20,0,LAMAI,La maison d'Asie,Annette Roulet,Sales Manager,1 rue Alsace-Lorraine,Toulouse,,31000,France,61.77.61.10,1,Nancy Davolio,Sales Representative,5-1-1992,Seattle,USA,1,Speedy Express,(503) 555-9831,17,Svensk Sj f da AB,Michael Bj rn,Sweden
10372,20,Sir Rodney's Marmalade,Confections,"Desserts, candies, and sweet breads",64.8,81,12,0.25,583.2,12-4-1996,1-1-1997,12-9-1996,890.78,Queen Cozinha,"Alameda dos Can rios, 891",Sao Paulo,SP,05487-020,Brazil,30 gift boxes,40,0,0,0,QUEEN,Queen Cozinha,L cia Carvalho,Marketing Assistant,"Alameda dos Can rios, 891",Sao Paulo,SP,05487-020,Brazil,(11) 555-1189,5,Steven Buchanan,Sales Manager,10-17-1993,London,UK,2,United Package,(503) 555-3199,8,"Specialty Biscuits, Ltd.",Peter Wilson,UK
10372,38,C te de Blaye,Beverages,"Soft drinks, coffees, teas, beers, and ales",210.8,263.5,40,0.25,6324.0,12-4-1996,1-1-1997,12-9-1996,890.78,Queen Cozinha,"Alameda dos Can rios, 891",Sao Paulo,SP,05487-020,Brazil,12 - 75 cl bottles,17,0,15,0,QUEEN,Queen Cozinha,L cia Carvalho,Marketing Assistant,"Alameda dos Can rios, 891",Sao Paulo,SP,05487-020,Brazil,(11) 555-1189,5,Steven Buchanan,Sales Manager,10-17-1993,London,UK,2,United Package,(503) 555-3199,18,Aux joyeux eccl siastiques,Guyl ne Nodier,France
10372,60,Camembert Pierrot,Dairy Products,Cheeses,27.2,34,70,0.25,1428.0,12-4-1996,1-1-1997,12-9-1996,890.78,Queen Cozinha,"Alameda dos Can rios, 891",Sao Paulo,SP,05487-020,Brazil,15 - 300 g rounds,19,0,0,0,QUEEN,Queen Cozinha,L cia Carvalho,Marketing Assistant,"Alameda dos Can rios, 891",Sao Paulo,SP,05487-020,Brazil,(11) 555-1189,5,Steven Buchanan,Sales Manager,10-17-1993,London,UK,2,United Package,(503) 555-3199,28,Gai p turage,Eliane Noz,France
10372,72,Mozzarella di Giovanni,Dairy Products,Cheeses,27.8,34.8,42,0.25,875.7,12-4-1996,1-1-1997,12-9-1996,890.78,Queen Cozinha,"Alameda dos Can rios, 891",Sao Paulo,SP,05487-020,Brazil,24 - 200 g pkgs.,14,0,0,0,QUEEN,Queen Cozinha,L cia Carvalho,Marketing Assistant,"Alameda dos Can rios, 891",Sao Paulo,SP,05487-020,Brazil,(11) 555-1189,5,Steven Buchanan,Sales Manager,10-17-1993,London,UK,2,United Package,(503) 555-3199,14,Formaggi Fortini s.r.l.,Elio Rossi,Italy
10373,58,Escargots de Bourgogne,Seafood,Seaweed and fish,10.6,13.25,80,0.2,678.4,12-5-1996,1-2-1997,12-11-1996,124.12,Hungry Owl All-Night Grocers,8 Johnstown Road,Cork,Co. Cork,,Ireland,24 pieces,62,0,20,0,HUNGO,Hungry Owl All-Night Grocers,Patricia McKenna,Sales Associate,8 Johnstown Road,Cork,Co. Cork,,Ireland,2967 542,4,Margaret Peacock,Sales Representative,5-3-1993,Redmond,USA,3,Federal Shipping,(503) 555-9931,27,Escargots Nouveaux,Marie Delamare,France
10373,71,Flotemysost,Dairy Products,Cheeses,17.2,21.5,50,0.2,688.0,12-5-1996,1-2-1997,12-11-1996,124.12,Hungry Owl All-Night Grocers,8 Johnstown Road,Cork,Co. Cork,,Ireland,10 - 500 g pkgs.,26,0,0,0,HUNGO,Hungry Owl All-Night Grocers,Patricia McKenna,Sales Associate,8 Johnstown Road,Cork,Co. Cork,,Ireland,2967 542,4,Margaret Peacock,Sales Representative,5-3-1993,Redmond,USA,3,Federal Shipping,(503) 555-9931,15,Norske Meierier,Beate Vileid,Norway
10374,31,Gorgonzola Telino,Dairy Products,Cheeses,10,12.5,30,0,300.0,12-5-1996,1-2-1997,12-9-1996,3.94,Wolski Zajazd,ul. Filtrowa 68,Warszawa,,01-012,Poland,12 - 100 g pkgs,0,70,20,0,WOLZA,Wolski  Zajazd,Zbyszek Piestrzeniewicz,Owner,ul. Filtrowa 68,Warszawa,,01-012,Poland,(26) 642-7012,1,Nancy Davolio,Sales Representative,5-1-1992,Seattle,USA,3,Federal Shipping,(503) 555-9931,14,Formaggi Fortini s.r.l.,Elio Rossi,Italy
10374,58,Escargots de Bourgogne,Seafood,Seaweed and fish,10.6,13.25,15,0,159.0,12-5-1996,1-2-1997,12-9-1996,3.94,Wolski Zajazd,ul. Filtrowa 68,Warszawa,,01-012,Poland,24 pieces,62,0,20,0,WOLZA,Wolski  Zajazd,Zbyszek Piestrzeniewicz,Owner,ul. Filtrowa 68,Warszawa,,01-012,Poland,(26) 642-7012,1,Nancy Davolio,Sales Representative,5-1-1992,Seattle,USA,3,Federal Shipping,(503) 555-9931,27,Escargots Nouveaux,Marie Delamare,France
10375,14,Tofu,Produce,Dried fruit and bean curd,18.6,23.25,15,0,279.0,12-6-1996,1-3-1997,12-9-1996,20.12,Hungry Coyote Import Store,City Center Plaza 516 Main St.,Elgin,OR,97827,USA,40 - 100 g pkgs.,35,0,0,0,HUNGC,Hungry Coyote Import Store,Yoshi Latimer,Sales Representative,City Center Plaza 516 Main St.,Elgin,OR,97827,USA,(503) 555-6874,3,Janet Leverling,Sales Representative,4-1-1992,Kirkland,USA,2,United Package,(503) 555-3199,6,Mayumi's,Mayumi Ohno,Japan
10375,54,Tourti re,Meat/Poultry,Prepared meats,5.9,7.45,10,0,59.0,12-6-1996,1-3-1997,12-9-1996,20.12,Hungry Coyote Import Store,City Center Plaza 516 Main St.,Elgin,OR,97827,USA,16 pies,21,0,10,0,HUNGC,Hungry Coyote Import Store,Yoshi Latimer,Sales Representative,City Center Plaza 516 Main St.,Elgin,OR,97827,USA,(503) 555-6874,3,Janet Leverling,Sales Representative,4-1-1992,Kirkland,USA,2,United Package,(503) 555-3199,25,Ma Maison,Jean-Guy Lauzon,Canada
10376,31,Gorgonzola Telino,Dairy Products,Cheeses,10,12.5,42,0.05,399.0,12-9-1996,1-6-1997,12-13-1996,20.39,M re Paillarde,43 rue St. Laurent,Montr al,Qu bec,H1J 1C3,Canada,12 - 100 g pkgs,0,70,20,0,MEREP,M re Paillarde,Jean Fresni re,Marketing Assistant,43 rue St. Laurent,Montr al,Qu bec,H1J 1C3,Canada,(514) 555-8054,1,Nancy Davolio,Sales Representative,5-1-1992,Seattle,USA,2,United Package,(503) 555-3199,14,Formaggi Fortini s.r.l.,Elio Rossi,Italy
10377,28,R ssle Sauerkraut,Produce,Dried fruit and bean curd,36.4,45.6,20,0.15,618.8,12-9-1996,1-6-1997,12-13-1996,22.21,Seven Seas Imports,90 Wadhurst Rd.,London,,OX15 4NB,UK,25 - 825 g cans,26,0,0,1,SEVES,Seven Seas Imports,Hari Kumar,Sales Manager,90 Wadhurst Rd.,London,,OX15 4NB,UK,(171) 555-1717,1,Nancy Davolio,Sales Representative,5-1-1992,Seattle,USA,3,Federal Shipping,(503) 555-9931,12,Plutzer Lebensmittelgro m rkte AG,Martin Bein,Germany
10377,39,Chartreuse verte,Beverages,"Soft drinks, coffees, teas, beers, and ales",14.4,18,20,0.15,244.8,12-9-1996,1-6-1997,12-13-1996,22.21,Seven Seas Imports,90 Wadhurst Rd.,London,,OX15 4NB,UK,750 cc per bottle,69,0,5,0,SEVES,Seven Seas Imports,Hari Kumar,Sales Manager,90 Wadhurst Rd.,London,,OX15 4NB,UK,(171) 555-1717,1,Nancy Davolio,Sales Representative,5-1-1992,Seattle,USA,3,Federal Shipping,(503) 555-9931,18,Aux joyeux eccl siastiques,Guyl ne Nodier,France
10378,71,Flotemysost,Dairy Products,Cheeses,17.2,21.5,6,0,103.2,12-10-1996,1-7-1997,12-19-1996,5.44,Folk och f  HB,kergatan 24,Br cke,,S-844 67,Sweden,10 - 500 g pkgs.,26,0,0,0,FOLKO,Folk och f  HB,Maria Larsson,Owner,kergatan 24,Br cke,,S-844 67,Sweden,0695-34 67 21,5,Steven Buchanan,Sales Manager,10-17-1993,London,UK,3,Federal Shipping,(503) 555-9931,15,Norske Meierier,Beate Vileid,Norway
10379,41,Jack's New England Clam Chowder,Seafood,Seaweed and fish,7.7,9.65,8,0.1,55.44,12-11-1996,1-8-1997,12-13-1996,45.03,Que Del cia,"Rua da Panificadora, 12",Rio de Janeiro,RJ,02389-673,Brazil,12 - 12 oz cans,85,0,10,0,QUEDE,Que Del cia,Bernardo Batista,Accounting Manager,"Rua da Panificadora, 12",Rio de Janeiro,RJ,02389-673,Brazil,(21) 555-4252,2,Andrew Fuller,"Vice President, Sales",8-14-1992,Tacoma,USA,1,Speedy Express,(503) 555-9831,19,New England Seafood Cannery,Robb Merchant,USA
10379,63,Vegie-spread,Condiments,"Sweet and savory sauces, relishes, spreads, and seasonings",35.1,43.9,16,0.1,505.44,12-11-1996,1-8-1997,12-13-1996,45.03,Que Del cia,"Rua da Panificadora, 12",Rio de Janeiro,RJ,02389-673,Brazil,15 - 625 g jars,24,0,5,0,QUEDE,Que Del cia,Bernardo Batista,Accounting Manager,"Rua da Panificadora, 12",Rio de Janeiro,RJ,02389-673,Brazil,(21) 555-4252,2,Andrew Fuller,"Vice President, Sales",8-14-1992,Tacoma,USA,1,Speedy Express,(503) 555-9831,7,"Pavlova, Ltd.",Ian Devling,Australia
10379,65,Louisiana Fiery Hot Pepper Sauce,Condiments,"Sweet and savory sauces, relishes, spreads, and seasonings",16.8,21.05,20,0.1,302.4,12-11-1996,1-8-1997,12-13-1996,45.03,Que Del cia,"Rua da Panificadora, 12",Rio de Janeiro,RJ,02389-673,Brazil,32 - 8 oz bottles,76,0,0,0,QUEDE,Que Del cia,Bernardo Batista,Accounting Manager,"Rua da Panificadora, 12",Rio de Janeiro,RJ,02389-673,Brazil,(21) 555-4252,2,Andrew Fuller,"Vice President, Sales",8-14-1992,Tacoma,USA,1,Speedy Express,(503) 555-9831,2,New Orleans Cajun Delights,Shelley Burke,USA
10380,30,Nord-Ost Matjeshering,Seafood,Seaweed and fish,20.7,25.89,18,0.1,335.34,12-12-1996,1-9-1997,1-16-1997,35.03,Hungry Owl All-Night Grocers,8 Johnstown Road,Cork,Co. Cork,,Ireland,10 - 200 g glasses,10,0,15,0,HUNGO,Hungry Owl All-Night Grocers,Patricia McKenna,Sales Associate,8 Johnstown Road,Cork,Co. Cork,,Ireland,2967 542,8,Laura Callahan,Inside Sales Coordinator,3-5-1994,Seattle,USA,3,Federal Shipping,(503) 555-9931,13,Nord-Ost-Fisch Handelsgesellschaft mbH,Sven Petersen,Germany
10380,53,Perth Pasties,Meat/Poultry,Prepared meats,26.2,32.8,20,0.1,471.6,12-12-1996,1-9-1997,1-16-1997,35.03,Hungry Owl All-Night Grocers,8 Johnstown Road,Cork,Co. Cork,,Ireland,48 pieces,0,0,0,1,HUNGO,Hungry Owl All-Night Grocers,Patricia McKenna,Sales Associate,8 Johnstown Road,Cork,Co. Cork,,Ireland,2967 542,8,Laura Callahan,Inside Sales Coordinator,3-5-1994,Seattle,USA,3,Federal Shipping,(503) 555-9931,24,"G'day, Mate",Wendy Mackenzie,Australia
10380,60,Camembert Pierrot,Dairy Products,Cheeses,27.2,34,6,0.1,146.88,12-12-1996,1-9-1997,1-16-1997,35.03,Hungry Owl All-Night Grocers,8 Johnstown Road,Cork,Co. Cork,,Ireland,15 - 300 g rounds,19,0,0,0,HUNGO,Hungry Owl All-Night Grocers,Patricia McKenna,Sales Associate,8 Johnstown Road,Cork,Co. Cork,,Ireland,2967 542,8,Laura Callahan,Inside Sales Coordinator,3-5-1994,Seattle,USA,3,Federal Shipping,(503) 555-9931,28,Gai p turage,Eliane Noz,France
10380,70,Outback Lager,Beverages,"Soft drinks, coffees, teas, beers, and ales",12,15,30,0,360.0,12-12-1996,1-9-1997,1-16-1997,35.03,Hungry Owl All-Night Grocers,8 Johnstown Road,Cork,Co. Cork,,Ireland,24 - 355 ml bottles,15,10,30,0,HUNGO,Hungry Owl All-Night Grocers,Patricia McKenna,Sales Associate,8 Johnstown Road,Cork,Co. Cork,,Ireland,2967 542,8,Laura Callahan,Inside Sales Coordinator,3-5-1994,Seattle,USA,3,Federal Shipping,(503) 555-9931,7,"Pavlova, Ltd.",Ian Devling,Australia
10381,74,Longlife Tofu,Produce,Dried fruit and bean curd,8,10,14,0,112.0,12-12-1996,1-9-1997,12-13-1996,7.99,LILA-Supermercado,Carrera 52 con Ave. Bol var #65-98 Llano Largo,Barquisimeto,Lara,3508,Venezuela,5 kg pkg.,4,20,5,0,LILAS,LILA-Supermercado,Carlos Gonz lez,Accounting Manager,Carrera 52 con Ave. Bol var #65-98 Llano Largo,Barquisimeto,Lara,3508,Venezuela,(9) 331-6954,3,Janet Leverling,Sales Representative,4-1-1992,Kirkland,USA,3,Federal Shipping,(503) 555-9931,4,Tokyo Traders,Yoshi Nagase,Japan
10382,5,Chef Anton's Gumbo Mix,Condiments,"Sweet and savory sauces, relishes, spreads, and seasonings",17,21.35,32,0,544.0,12-13-1996,1-10-1997,12-16-1996,94.77,Ernst Handel,Kirchgasse 6,Graz,,8010,Austria,36 boxes,0,0,0,1,ERNSH,Ernst Handel,Roland Mendel,Sales Manager,Kirchgasse 6,Graz,,8010,Austria,7675-3425,4,Margaret Peacock,Sales Representative,5-3-1993,Redmond,USA,1,Speedy Express,(503) 555-9831,2,New Orleans Cajun Delights,Shelley Burke,USA
10382,18,Carnarvon Tigers,Seafood,Seaweed and fish,50,62.5,9,0,450.0,12-13-1996,1-10-1997,12-16-1996,94.77,Ernst Handel,Kirchgasse 6,Graz,,8010,Austria,16 kg pkg.,42,0,0,0,ERNSH,Ernst Handel,Roland Mendel,Sales Manager,Kirchgasse 6,Graz,,8010,Austria,7675-3425,4,Margaret Peacock,Sales Representative,5-3-1993,Redmond,USA,1,Speedy Express,(503) 555-9831,7,"Pavlova, Ltd.",Ian Devling,Australia
10382,29,Th ringer Rostbratwurst,Meat/Poultry,Prepared meats,99,123.79,14,0,1386.0,12-13-1996,1-10-1997,12-16-1996,94.77,Ernst Handel,Kirchgasse 6,Graz,,8010,Austria,50 bags x 30 sausgs.,0,0,0,1,ERNSH,Ernst Handel,Roland Mendel,Sales Manager,Kirchgasse 6,Graz,,8010,Austria,7675-3425,4,Margaret Peacock,Sales Representative,5-3-1993,Redmond,USA,1,Speedy Express,(503) 555-9831,12,Plutzer Lebensmittelgro m rkte AG,Martin Bein,Germany
10382,33,Geitost,Dairy Products,Cheeses,2,2.5,60,0,120.0,12-13-1996,1-10-1997,12-16-1996,94.77,Ernst Handel,Kirchgasse 6,Graz,,8010,Austria,500 g,112,0,20,0,ERNSH,Ernst Handel,Roland Mendel,Sales Manager,Kirchgasse 6,Graz,,8010,Austria,7675-3425,4,Margaret Peacock,Sales Representative,5-3-1993,Redmond,USA,1,Speedy Express,(503) 555-9831,15,Norske Meierier,Beate Vileid,Norway
10382,74,Longlife Tofu,Produce,Dried fruit and bean curd,8,10,50,0,400.0,12-13-1996,1-10-1997,12-16-1996,94.77,Ernst Handel,Kirchgasse 6,Graz,,8010,Austria,5 kg pkg.,4,20,5,0,ERNSH,Ernst Handel,Roland Mendel,Sales Manager,Kirchgasse 6,Graz,,8010,Austria,7675-3425,4,Margaret Peacock,Sales Representative,5-3-1993,Redmond,USA,1,Speedy Express,(503) 555-9831,4,Tokyo Traders,Yoshi Nagase,Japan
10383,13,Konbu,Seafood,Seaweed and fish,4.8,6,20,0,96.0,12-16-1996,1-13-1997,12-18-1996,34.24,Around the Horn,Brook Farm Stratford St. Mary,Colchester,Essex,CO7 6JX,UK,2 kg box,24,0,5,0,AROUT,Around the Horn,Thomas Hardy,Sales Representative,120 Hanover Sq.,London,,WA1 1DP,UK,(171) 555-7788,8,Laura Callahan,Inside Sales Coordinator,3-5-1994,Seattle,USA,3,Federal Shipping,(503) 555-9931,6,Mayumi's,Mayumi Ohno,Japan
10383,50,Valkoinen suklaa,Confections,"Desserts, candies, and sweet breads",13,16.25,15,0,195.0,12-16-1996,1-13-1997,12-18-1996,34.24,Around the Horn,Brook Farm Stratford St. Mary,Colchester,Essex,CO7 6JX,UK,12 - 100 g bars,65,0,30,0,AROUT,Around the Horn,Thomas Hardy,Sales Representative,120 Hanover Sq.,London,,WA1 1DP,UK,(171) 555-7788,8,Laura Callahan,Inside Sales Coordinator,3-5-1994,Seattle,USA,3,Federal Shipping,(503) 555-9931,23,Karkki Oy,Anne Heikkonen,Finland
10383,56,Gnocchi di nonna Alice,Grains/Cereals,"Breads, crackers, pasta, and cereal",30.4,38,20,0,608.0,12-16-1996,1-13-1997,12-18-1996,34.24,Around the Horn,Brook Farm Stratford St. Mary,Colchester,Essex,CO7 6JX,UK,24 - 250 g pkgs.,21,10,30,0,AROUT,Around the Horn,Thomas Hardy,Sales Representative,120 Hanover Sq.,London,,WA1 1DP,UK,(171) 555-7788,8,Laura Callahan,Inside Sales Coordinator,3-5-1994,Seattle,USA,3,Federal Shipping,(503) 555-9931,26,Pasta Buttini s.r.l.,Giovanni Giudici,Italy
10384,20,Sir Rodney's Marmalade,Confections,"Desserts, candies, and sweet breads",64.8,81,28,0,1814.4,12-16-1996,1-13-1997,12-20-1996,168.64,Berglunds snabbk p,Berguvsv gen  8,Lule,,S-958 22,Sweden,30 gift boxes,40,0,0,0,BERGS,Berglunds snabbk p,Christina Berglund,Order Administrator,Berguvsv gen  8,Lule,,S-958 22,Sweden,0921-12 34 65,3,Janet Leverling,Sales Representative,4-1-1992,Kirkland,USA,3,Federal Shipping,(503) 555-9931,8,"Specialty Biscuits, Ltd.",Peter Wilson,UK
10384,60,Camembert Pierrot,Dairy Products,Cheeses,27.2,34,15,0,408.0,12-16-1996,1-13-1997,12-20-1996,168.64,Berglunds snabbk p,Berguvsv gen  8,Lule,,S-958 22,Sweden,15 - 300 g rounds,19,0,0,0,BERGS,Berglunds snabbk p,Christina Berglund,Order Administrator,Berguvsv gen  8,Lule,,S-958 22,Sweden,0921-12 34 65,3,Janet Leverling,Sales Representative,4-1-1992,Kirkland,USA,3,Federal Shipping,(503) 555-9931,28,Gai p turage,Eliane Noz,France
10385,7,Uncle Bob's Organic Dried Pears,Produce,Dried fruit and bean curd,24,30,10,0.2,192.0,12-17-1996,1-14-1997,12-23-1996,30.96,Split Rail Beer & Ale,P.O. Box 555,Lander,WY,82520,USA,12 - 1 lb pkgs.,15,0,10,0,SPLIR,Split Rail Beer & Ale,Art Braunschweiger,Sales Manager,P.O. Box 555,Lander,WY,82520,USA,(307) 555-4680,1,Nancy Davolio,Sales Representative,5-1-1992,Seattle,USA,2,United Package,(503) 555-3199,3,Grandma Kelly's Homestead,Regina Murphy,USA
10385,60,Camembert Pierrot,Dairy Products,Cheeses,27.2,34,20,0.2,435.2,12-17-1996,1-14-1997,12-23-1996,30.96,Split Rail Beer & Ale,P.O. Box 555,Lander,WY,82520,USA,15 - 300 g rounds,19,0,0,0,SPLIR,Split Rail Beer & Ale,Art Braunschweiger,Sales Manager,P.O. Box 555,Lander,WY,82520,USA,(307) 555-4680,1,Nancy Davolio,Sales Representative,5-1-1992,Seattle,USA,2,United Package,(503) 555-3199,28,Gai p turage,Eliane Noz,France
10385,68,Scottish Longbreads,Confections,"Desserts, candies, and sweet breads",10,12.5,8,0.2,64.0,12-17-1996,1-14-1997,12-23-1996,30.96,Split Rail Beer & Ale,P.O. Box 555,Lander,WY,82520,USA,10 boxes x 8 pieces,6,10,15,0,SPLIR,Split Rail Beer & Ale,Art Braunschweiger,Sales Manager,P.O. Box 555,Lander,WY,82520,USA,(307) 555-4680,1,Nancy Davolio,Sales Representative,5-1-1992,Seattle,USA,2,United Package,(503) 555-3199,8,"Specialty Biscuits, Ltd.",Peter Wilson,UK
10386,24,Guaran  Fant stica,Beverages,"Soft drinks, coffees, teas, beers, and ales",3.6,4.5,15,0,54.0,12-18-1996,1-1-1997,12-25-1996,13.99,Familia Arquibaldo,"Rua Or s, 92",Sao Paulo,SP,05442-030,Brazil,12 - 355 ml cans,20,0,0,1,FAMIA,Familia Arquibaldo,Aria Cruz,Marketing Assistant,"Rua Or s, 92",Sao Paulo,SP,05442-030,Brazil,(11) 555-9857,9,Anne Dodsworth,Sales Representative,11-15-1994,London,UK,3,Federal Shipping,(503) 555-9931,10,Refrescos Americanas LTDA,Carlos Diaz,Brazil
10386,34,Sasquatch Ale,Beverages,"Soft drinks, coffees, teas, beers, and ales",11.2,14,10,0,112.0,12-18-1996,1-1-1997,12-25-1996,13.99,Familia Arquibaldo,"Rua Or s, 92",Sao Paulo,SP,05442-030,Brazil,24 - 12 oz bottles,111,0,15,0,FAMIA,Familia Arquibaldo,Aria Cruz,Marketing Assistant,"Rua Or s, 92",Sao Paulo,SP,05442-030,Brazil,(11) 555-9857,9,Anne Dodsworth,Sales Representative,11-15-1994,London,UK,3,Federal Shipping,(503) 555-9931,16,Bigfoot Breweries,Cheryl Saylor,USA
10387,24,Guaran  Fant stica,Beverages,"Soft drinks, coffees, teas, beers, and ales",3.6,4.5,15,0,54.0,12-18-1996,1-15-1997,12-20-1996,93.63,Sant  Gourmet,Erling Skakkes gate 78,Stavern,,4110,Norway,12 - 355 ml cans,20,0,0,1,SANTG,Sant  Gourmet,Jonas Bergulfsen,Owner,Erling Skakkes gate 78,Stavern,,4110,Norway,07-98 92 35,1,Nancy Davolio,Sales Representative,5-1-1992,Seattle,USA,2,United Package,(503) 555-3199,10,Refrescos Americanas LTDA,Carlos Diaz,Brazil
10387,28,R ssle Sauerkraut,Produce,Dried fruit and bean curd,36.4,45.6,6,0,218.4,12-18-1996,1-15-1997,12-20-1996,93.63,Sant  Gourmet,Erling Skakkes gate 78,Stavern,,4110,Norway,25 - 825 g cans,26,0,0,1,SANTG,Sant  Gourmet,Jonas Bergulfsen,Owner,Erling Skakkes gate 78,Stavern,,4110,Norway,07-98 92 35,1,Nancy Davolio,Sales Representative,5-1-1992,Seattle,USA,2,United Package,(503) 555-3199,12,Plutzer Lebensmittelgro m rkte AG,Martin Bein,Germany
10387,59,Raclette Courdavault,Dairy Products,Cheeses,44,55,12,0,528.0,12-18-1996,1-15-1997,12-20-1996,93.63,Sant  Gourmet,Erling Skakkes gate 78,Stavern,,4110,Norway,5 kg pkg.,79,0,0,0,SANTG,Sant  Gourmet,Jonas Bergulfsen,Owner,Erling Skakkes gate 78,Stavern,,4110,Norway,07-98 92 35,1,Nancy Davolio,Sales Representative,5-1-1992,Seattle,USA,2,United Package,(503) 555-3199,28,Gai p turage,Eliane Noz,France
10387,71,Flotemysost,Dairy Products,Cheeses,17.2,21.5,15,0,258.0,12-18-1996,1-15-1997,12-20-1996,93.63,Sant  Gourmet,Erling Skakkes gate 78,Stavern,,4110,Norway,10 - 500 g pkgs.,26,0,0,0,SANTG,Sant  Gourmet,Jonas Bergulfsen,Owner,Erling Skakkes gate 78,Stavern,,4110,Norway,07-98 92 35,1,Nancy Davolio,Sales Representative,5-1-1992,Seattle,USA,2,United Package,(503) 555-3199,15,Norske Meierier,Beate Vileid,Norway
10388,45,Rogede sild,Seafood,Seaweed and fish,7.6,9.5,15,0.2,91.2,12-19-1996,1-16-1997,12-20-1996,34.86,Seven Seas Imports,90 Wadhurst Rd.,London,,OX15 4NB,UK,1k pkg.,5,70,15,0,SEVES,Seven Seas Imports,Hari Kumar,Sales Manager,90 Wadhurst Rd.,London,,OX15 4NB,UK,(171) 555-1717,2,Andrew Fuller,"Vice President, Sales",8-14-1992,Tacoma,USA,1,Speedy Express,(503) 555-9831,21,Lyngbysild,Niels Petersen,Denmark
10388,52,Filo Mix,Grains/Cereals,"Breads, crackers, pasta, and cereal",5.6,7,20,0.2,89.6,12-19-1996,1-16-1997,12-20-1996,34.86,Seven Seas Imports,90 Wadhurst Rd.,London,,OX15 4NB,UK,16 - 2 kg boxes,38,0,25,0,SEVES,Seven Seas Imports,Hari Kumar,Sales Manager,90 Wadhurst Rd.,London,,OX15 4NB,UK,(171) 555-1717,2,Andrew Fuller,"Vice President, Sales",8-14-1992,Tacoma,USA,1,Speedy Express,(503) 555-9831,24,"G'day, Mate",Wendy Mackenzie,Australia
10388,53,Perth Pasties,Meat/Poultry,Prepared meats,26.2,32.8,40,0,1048.0,12-19-1996,1-16-1997,12-20-1996,34.86,Seven Seas Imports,90 Wadhurst Rd.,London,,OX15 4NB,UK,48 pieces,0,0,0,1,SEVES,Seven Seas Imports,Hari Kumar,Sales Manager,90 Wadhurst Rd.,London,,OX15 4NB,UK,(171) 555-1717,2,Andrew Fuller,"Vice President, Sales",8-14-1992,Tacoma,USA,1,Speedy Express,(503) 555-9831,24,"G'day, Mate",Wendy Mackenzie,Australia
10389,10,Ikura,Seafood,Seaweed and fish,24.8,31,16,0,396.8,12-20-1996,1-17-1997,12-24-1996,47.42,Bottom-Dollar Markets,23 Tsawassen Blvd.,Tsawassen,BC,T2F 8M4,Canada,12 - 200 ml jars,31,0,0,0,BOTTM,Bottom-Dollar Markets,Elizabeth Lincoln,Accounting Manager,23 Tsawassen Blvd.,Tsawassen,BC,T2F 8M4,Canada,(604) 555-4729,4,Margaret Peacock,Sales Representative,5-3-1993,Redmond,USA,2,United Package,(503) 555-3199,4,Tokyo Traders,Yoshi Nagase,Japan
10389,55,P t  chinois,Meat/Poultry,Prepared meats,19.2,24,15,0,288.0,12-20-1996,1-17-1997,12-24-1996,47.42,Bottom-Dollar Markets,23 Tsawassen Blvd.,Tsawassen,BC,T2F 8M4,Canada,24 boxes x 2 pies,115,0,20,0,BOTTM,Bottom-Dollar Markets,Elizabeth Lincoln,Accounting Manager,23 Tsawassen Blvd.,Tsawassen,BC,T2F 8M4,Canada,(604) 555-4729,4,Margaret Peacock,Sales Representative,5-3-1993,Redmond,USA,2,United Package,(503) 555-3199,25,Ma Maison,Jean-Guy Lauzon,Canada
10389,62,Tarte au sucre,Confections,"Desserts, candies, and sweet breads",39.4,49.3,20,0,788.0,12-20-1996,1-17-1997,12-24-1996,47.42,Bottom-Dollar Markets,23 Tsawassen Blvd.,Tsawassen,BC,T2F 8M4,Canada,48 pies,17,0,0,0,BOTTM,Bottom-Dollar Markets,Elizabeth Lincoln,Accounting Manager,23 Tsawassen Blvd.,Tsawassen,BC,T2F 8M4,Canada,(604) 555-4729,4,Margaret Peacock,Sales Representative,5-3-1993,Redmond,USA,2,United Package,(503) 555-3199,29,For ts d' rables,Chantal Goulet,Canada
10389,70,Outback Lager,Beverages,"Soft drinks, coffees, teas, beers, and ales",12,15,30,0,360.0,12-20-1996,1-17-1997,12-24-1996,47.42,Bottom-Dollar Markets,23 Tsawassen Blvd.,Tsawassen,BC,T2F 8M4,Canada,24 - 355 ml bottles,15,10,30,0,BOTTM,Bottom-Dollar Markets,Elizabeth Lincoln,Accounting Manager,23 Tsawassen Blvd.,Tsawassen,BC,T2F 8M4,Canada,(604) 555-4729,4,Margaret Peacock,Sales Representative,5-3-1993,Redmond,USA,2,United Package,(503) 555-3199,7,"Pavlova, Ltd.",Ian Devling,Australia
10390,31,Gorgonzola Telino,Dairy Products,Cheeses,10,12.5,60,0.1,540.0,12-23-1996,1-20-1997,12-26-1996,126.38,Ernst Handel,Kirchgasse 6,Graz,,8010,Austria,12 - 100 g pkgs,0,70,20,0,ERNSH,Ernst Handel,Roland Mendel,Sales Manager,Kirchgasse 6,Graz,,8010,Austria,7675-3425,6,Michael Suyama,Sales Representative,10-17-1993,London,UK,1,Speedy Express,(503) 555-9831,14,Formaggi Fortini s.r.l.,Elio Rossi,Italy
10390,35,Steeleye Stout,Beverages,"Soft drinks, coffees, teas, beers, and ales",14.4,18,40,0.1,518.4,12-23-1996,1-20-1997,12-26-1996,126.38,Ernst Handel,Kirchgasse 6,Graz,,8010,Austria,24 - 12 oz bottles,20,0,15,0,ERNSH,Ernst Handel,Roland Mendel,Sales Manager,Kirchgasse 6,Graz,,8010,Austria,7675-3425,6,Michael Suyama,Sales Representative,10-17-1993,London,UK,1,Speedy Express,(503) 555-9831,16,Bigfoot Breweries,Cheryl Saylor,USA
10390,46,Spegesild,Seafood,Seaweed and fish,9.6,12,45,0,432.0,12-23-1996,1-20-1997,12-26-1996,126.38,Ernst Handel,Kirchgasse 6,Graz,,8010,Austria,4 - 450 g glasses,95,0,0,0,ERNSH,Ernst Handel,Roland Mendel,Sales Manager,Kirchgasse 6,Graz,,8010,Austria,7675-3425,6,Michael Suyama,Sales Representative,10-17-1993,London,UK,1,Speedy Express,(503) 555-9831,21,Lyngbysild,Niels Petersen,Denmark
10390,72,Mozzarella di Giovanni,Dairy Products,Cheeses,27.8,34.8,24,0.1,600.48,12-23-1996,1-20-1997,12-26-1996,126.38,Ernst Handel,Kirchgasse 6,Graz,,8010,Austria,24 - 200 g pkgs.,14,0,0,0,ERNSH,Ernst Handel,Roland Mendel,Sales Manager,Kirchgasse 6,Graz,,8010,Austria,7675-3425,6,Michael Suyama,Sales Representative,10-17-1993,London,UK,1,Speedy Express,(503) 555-9831,14,Formaggi Fortini s.r.l.,Elio Rossi,Italy
10391,13,Konbu,Seafood,Seaweed and fish,4.8,6,18,0,86.4,12-23-1996,1-20-1997,12-31-1996,5.45,Drachenblut Delikatessen,Walserweg 21,Aachen,,52066,Germany,2 kg box,24,0,5,0,DRACD,Drachenblut Delikatessen,Sven Ottlieb,Order Administrator,Walserweg 21,Aachen,,52066,Germany,0241-039123,3,Janet Leverling,Sales Representative,4-1-1992,Kirkland,USA,3,Federal Shipping,(503) 555-9931,6,Mayumi's,Mayumi Ohno,Japan
10392,69,Gudbrandsdalsost,Dairy Products,Cheeses,28.8,36,50,0,1440.0,12-24-1996,1-21-1997,1-1-1997,122.46,Piccolo und mehr,Geislweg 14,Salzburg,,5020,Austria,10 kg pkg.,26,0,15,0,PICCO,Piccolo und mehr,Georg Pipps,Sales Manager,Geislweg 14,Salzburg,,5020,Austria,6562-9722,2,Andrew Fuller,"Vice President, Sales",8-14-1992,Tacoma,USA,3,Federal Shipping,(503) 555-9931,15,Norske Meierier,Beate Vileid,Norway
10393,2,Chang,Beverages,"Soft drinks, coffees, teas, beers, and ales",15.2,19,25,0.25,285.0,12-25-1996,1-22-1997,1-3-1997,126.56,Save-a-lot Markets,187 Suffolk Ln.,Boise,ID,83720,USA,24 - 12 oz bottles,17,40,25,1,SAVEA,Save-a-lot Markets,Jose Pavarotti,Sales Representative,187 Suffolk Ln.,Boise,ID,83720,USA,(208) 555-8097,1,Nancy Davolio,Sales Representative,5-1-1992,Seattle,USA,3,Federal Shipping,(503) 555-9931,1,Exotic Liquids,Charlotte Cooper,UK
10393,14,Tofu,Produce,Dried fruit and bean curd,18.6,23.25,42,0.25,585.9,12-25-1996,1-22-1997,1-3-1997,126.56,Save-a-lot Markets,187 Suffolk Ln.,Boise,ID,83720,USA,40 - 100 g pkgs.,35,0,0,0,SAVEA,Save-a-lot Markets,Jose Pavarotti,Sales Representative,187 Suffolk Ln.,Boise,ID,83720,USA,(208) 555-8097,1,Nancy Davolio,Sales Representative,5-1-1992,Seattle,USA,3,Federal Shipping,(503) 555-9931,6,Mayumi's,Mayumi Ohno,Japan
10393,25,NuNuCa Nu -Nougat-Creme,Confections,"Desserts, candies, and sweet breads",11.2,14,7,0.25,58.8,12-25-1996,1-22-1997,1-3-1997,126.56,Save-a-lot Markets,187 Suffolk Ln.,Boise,ID,83720,USA,20 - 450 g glasses,76,0,30,0,SAVEA,Save-a-lot Markets,Jose Pavarotti,Sales Representative,187 Suffolk Ln.,Boise,ID,83720,USA,(208) 555-8097,1,Nancy Davolio,Sales Representative,5-1-1992,Seattle,USA,3,Federal Shipping,(503) 555-9931,11,Heli S  waren GmbH & Co. KG,Petra Winkler,Germany
10393,26,Gumb r Gummib rchen,Confections,"Desserts, candies, and sweet breads",24.9,31.23,70,0.25,1307.25,12-25-1996,1-22-1997,1-3-1997,126.56,Save-a-lot Markets,187 Suffolk Ln.,Boise,ID,83720,USA,100 - 250 g bags,15,0,0,0,SAVEA,Save-a-lot Markets,Jose Pavarotti,Sales Representative,187 Suffolk Ln.,Boise,ID,83720,USA,(208) 555-8097,1,Nancy Davolio,Sales Representative,5-1-1992,Seattle,USA,3,Federal Shipping,(503) 555-9931,11,Heli S  waren GmbH & Co. KG,Petra Winkler,Germany
10393,31,Gorgonzola Telino,Dairy Products,Cheeses,10,12.5,32,0,320.0,12-25-1996,1-22-1997,1-3-1997,126.56,Save-a-lot Markets,187 Suffolk Ln.,Boise,ID,83720,USA,12 - 100 g pkgs,0,70,20,0,SAVEA,Save-a-lot Markets,Jose Pavarotti,Sales Representative,187 Suffolk Ln.,Boise,ID,83720,USA,(208) 555-8097,1,Nancy Davolio,Sales Representative,5-1-1992,Seattle,USA,3,Federal Shipping,(503) 555-9931,14,Formaggi Fortini s.r.l.,Elio Rossi,Italy
10394,13,Konbu,Seafood,Seaweed and fish,4.8,6,10,0,48.0,12-25-1996,1-22-1997,1-3-1997,30.34,Hungry Coyote Import Store,City Center Plaza 516 Main St.,Elgin,OR,97827,USA,2 kg box,24,0,5,0,HUNGC,Hungry Coyote Import Store,Yoshi Latimer,Sales Representative,City Center Plaza 516 Main St.,Elgin,OR,97827,USA,(503) 555-6874,1,Nancy Davolio,Sales Representative,5-1-1992,Seattle,USA,3,Federal Shipping,(503) 555-9931,6,Mayumi's,Mayumi Ohno,Japan
10394,62,Tarte au sucre,Confections,"Desserts, candies, and sweet breads",39.4,49.3,10,0,394.0,12-25-1996,1-22-1997,1-3-1997,30.34,Hungry Coyote Import Store,City Center Plaza 516 Main St.,Elgin,OR,97827,USA,48 pies,17,0,0,0,HUNGC,Hungry Coyote Import Store,Yoshi Latimer,Sales Representative,City Center Plaza 516 Main St.,Elgin,OR,97827,USA,(503) 555-6874,1,Nancy Davolio,Sales Representative,5-1-1992,Seattle,USA,3,Federal Shipping,(503) 555-9931,29,For ts d' rables,Chantal Goulet,Canada
10395,46,Spegesild,Seafood,Seaweed and fish,9.6,12,28,0.1,241.92,12-26-1996,1-23-1997,1-3-1997,184.41,HILARION-Abastos,Carrera 22 con Ave. Carlos Soublette #8-35,San Crist bal,T chira,5022,Venezuela,4 - 450 g glasses,95,0,0,0,HILAA,HILARION-Abastos,Carlos Hern ndez,Sales Representative,Carrera 22 con Ave. Carlos Soublette #8-35,San Crist bal,T chira,5022,Venezuela,(5) 555-1340,6,Michael Suyama,Sales Representative,10-17-1993,London,UK,1,Speedy Express,(503) 555-9831,21,Lyngbysild,Niels Petersen,Denmark
10395,53,Perth Pasties,Meat/Poultry,Prepared meats,26.2,32.8,70,0.1,1650.6,12-26-1996,1-23-1997,1-3-1997,184.41,HILARION-Abastos,Carrera 22 con Ave. Carlos Soublette #8-35,San Crist bal,T chira,5022,Venezuela,48 pieces,0,0,0,1,HILAA,HILARION-Abastos,Carlos Hern ndez,Sales Representative,Carrera 22 con Ave. Carlos Soublette #8-35,San Crist bal,T chira,5022,Venezuela,(5) 555-1340,6,Michael Suyama,Sales Representative,10-17-1993,London,UK,1,Speedy Express,(503) 555-9831,24,"G'day, Mate",Wendy Mackenzie,Australia
10395,69,Gudbrandsdalsost,Dairy Products,Cheeses,28.8,36,8,0,230.4,12-26-1996,1-23-1997,1-3-1997,184.41,HILARION-Abastos,Carrera 22 con Ave. Carlos Soublette #8-35,San Crist bal,T chira,5022,Venezuela,10 kg pkg.,26,0,15,0,HILAA,HILARION-Abastos,Carlos Hern ndez,Sales Representative,Carrera 22 con Ave. Carlos Soublette #8-35,San Crist bal,T chira,5022,Venezuela,(5) 555-1340,6,Michael Suyama,Sales Representative,10-17-1993,London,UK,1,Speedy Express,(503) 555-9831,15,Norske Meierier,Beate Vileid,Norway
10396,23,Tunnbr d,Grains/Cereals,"Breads, crackers, pasta, and cereal",7.2,9,40,0,288.0,12-27-1996,1-10-1997,1-6-1997,135.35,Frankenversand,Berliner Platz 43,M nchen,,80805,Germany,12 - 250 g pkgs.,61,0,25,0,FRANK,Frankenversand,Peter Franken,Marketing Manager,Berliner Platz 43,M nchen,,80805,Germany,089-0877310,1,Nancy Davolio,Sales Representative,5-1-1992,Seattle,USA,3,Federal Shipping,(503) 555-9931,9,PB Kn ckebr d AB,Lars Peterson,Sweden
10396,71,Flotemysost,Dairy Products,Cheeses,17.2,21.5,60,0,1032.0,12-27-1996,1-10-1997,1-6-1997,135.35,Frankenversand,Berliner Platz 43,M nchen,,80805,Germany,10 - 500 g pkgs.,26,0,0,0,FRANK,Frankenversand,Peter Franken,Marketing Manager,Berliner Platz 43,M nchen,,80805,Germany,089-0877310,1,Nancy Davolio,Sales Representative,5-1-1992,Seattle,USA,3,Federal Shipping,(503) 555-9931,15,Norske Meierier,Beate Vileid,Norway
10396,72,Mozzarella di Giovanni,Dairy Products,Cheeses,27.8,34.8,21,0,583.8,12-27-1996,1-10-1997,1-6-1997,135.35,Frankenversand,Berliner Platz 43,M nchen,,80805,Germany,24 - 200 g pkgs.,14,0,0,0,FRANK,Frankenversand,Peter Franken,Marketing Manager,Berliner Platz 43,M nchen,,80805,Germany,089-0877310,1,Nancy Davolio,Sales Representative,5-1-1992,Seattle,USA,3,Federal Shipping,(503) 555-9931,14,Formaggi Fortini s.r.l.,Elio Rossi,Italy
10397,21,Sir Rodney's Scones,Confections,"Desserts, candies, and sweet breads",8,10,10,0.15,68.0,12-27-1996,1-24-1997,1-2-1997,60.26,Princesa Isabel Vinhos,Estrada da sa de n. 58,Lisboa,,1756,Portugal,24 pkgs. x 4 pieces,3,40,5,0,PRINI,Princesa Isabel Vinhos,Isabel de Castro,Sales Representative,Estrada da sa de n. 58,Lisboa,,1756,Portugal,(1) 356-5634,5,Steven Buchanan,Sales Manager,10-17-1993,London,UK,1,Speedy Express,(503) 555-9831,8,"Specialty Biscuits, Ltd.",Peter Wilson,UK
10397,51,Manjimup Dried Apples,Produce,Dried fruit and bean curd,42.4,53,18,0.15,648.72,12-27-1996,1-24-1997,1-2-1997,60.26,Princesa Isabel Vinhos,Estrada da sa de n. 58,Lisboa,,1756,Portugal,50 - 300 g pkgs.,20,0,10,0,PRINI,Princesa Isabel Vinhos,Isabel de Castro,Sales Representative,Estrada da sa de n. 58,Lisboa,,1756,Portugal,(1) 356-5634,5,Steven Buchanan,Sales Manager,10-17-1993,London,UK,1,Speedy Express,(503) 555-9831,24,"G'day, Mate",Wendy Mackenzie,Australia
10398,35,Steeleye Stout,Beverages,"Soft drinks, coffees, teas, beers, and ales",14.4,18,30,0,432.0,12-30-1996,1-27-1997,1-9-1997,89.16,Save-a-lot Markets,187 Suffolk Ln.,Boise,ID,83720,USA,24 - 12 oz bottles,20,0,15,0,SAVEA,Save-a-lot Markets,Jose Pavarotti,Sales Representative,187 Suffolk Ln.,Boise,ID,83720,USA,(208) 555-8097,2,Andrew Fuller,"Vice President, Sales",8-14-1992,Tacoma,USA,3,Federal Shipping,(503) 555-9931,16,Bigfoot Breweries,Cheryl Saylor,USA
10398,55,P t  chinois,Meat/Poultry,Prepared meats,19.2,24,120,0.1,2073.6,12-30-1996,1-27-1997,1-9-1997,89.16,Save-a-lot Markets,187 Suffolk Ln.,Boise,ID,83720,USA,24 boxes x 2 pies,115,0,20,0,SAVEA,Save-a-lot Markets,Jose Pavarotti,Sales Representative,187 Suffolk Ln.,Boise,ID,83720,USA,(208) 555-8097,2,Andrew Fuller,"Vice President, Sales",8-14-1992,Tacoma,USA,3,Federal Shipping,(503) 555-9931,25,Ma Maison,Jean-Guy Lauzon,Canada
10399,68,Scottish Longbreads,Confections,"Desserts, candies, and sweet breads",10,12.5,60,0,600.0,12-31-1996,1-14-1997,1-8-1997,27.36,Vaffeljernet,Smagsloget 45,rhus,,8200,Denmark,10 boxes x 8 pieces,6,10,15,0,VAFFE,Vaffeljernet,Palle Ibsen,Sales Manager,Smagsloget 45,rhus,,8200,Denmark,86 21 32 43,8,Laura Callahan,Inside Sales Coordinator,3-5-1994,Seattle,USA,3,Federal Shipping,(503) 555-9931,8,"Specialty Biscuits, Ltd.",Peter Wilson,UK
10399,71,Flotemysost,Dairy Products,Cheeses,17.2,21.5,30,0,516.0,12-31-1996,1-14-1997,1-8-1997,27.36,Vaffeljernet,Smagsloget 45,rhus,,8200,Denmark,10 - 500 g pkgs.,26,0,0,0,VAFFE,Vaffeljernet,Palle Ibsen,Sales Manager,Smagsloget 45,rhus,,8200,Denmark,86 21 32 43,8,Laura Callahan,Inside Sales Coordinator,3-5-1994,Seattle,USA,3,Federal Shipping,(503) 555-9931,15,Norske Meierier,Beate Vileid,Norway
10399,76,Lakkalik  ri,Beverages,"Soft drinks, coffees, teas, beers, and ales",14.4,18,35,0,504.0,12-31-1996,1-14-1997,1-8-1997,27.36,Vaffeljernet,Smagsloget 45,rhus,,8200,Denmark,500 ml,57,0,20,0,VAFFE,Vaffeljernet,Palle Ibsen,Sales Manager,Smagsloget 45,rhus,,8200,Denmark,86 21 32 43,8,Laura Callahan,Inside Sales Coordinator,3-5-1994,Seattle,USA,3,Federal Shipping,(503) 555-9931,23,Karkki Oy,Anne Heikkonen,Finland
10399,77,Original Frankfurter gr ne So e,Condiments,"Sweet and savory sauces, relishes, spreads, and seasonings",10.4,13,14,0,145.6,12-31-1996,1-14-1997,1-8-1997,27.36,Vaffeljernet,Smagsloget 45,rhus,,8200,Denmark,12 boxes,32,0,15,0,VAFFE,Vaffeljernet,Palle Ibsen,Sales Manager,Smagsloget 45,rhus,,8200,Denmark,86 21 32 43,8,Laura Callahan,Inside Sales Coordinator,3-5-1994,Seattle,USA,3,Federal Shipping,(503) 555-9931,12,Plutzer Lebensmittelgro m rkte AG,Martin Bein,Germany
10400,29,Th ringer Rostbratwurst,Meat/Poultry,Prepared meats,99,123.79,21,0,2079.0,1-1-1997,1-29-1997,1-16-1997,83.93,Eastern Connection,35 King George,London,,WX3 6FW,UK,50 bags x 30 sausgs.,0,0,0,1,EASTC,Eastern Connection,Ann Devon,Sales Agent,35 King George,London,,WX3 6FW,UK,(171) 555-0297,1,Nancy Davolio,Sales Representative,5-1-1992,Seattle,USA,3,Federal Shipping,(503) 555-9931,12,Plutzer Lebensmittelgro m rkte AG,Martin Bein,Germany
10400,35,Steeleye Stout,Beverages,"Soft drinks, coffees, teas, beers, and ales",14.4,18,35,0,504.0,1-1-1997,1-29-1997,1-16-1997,83.93,Eastern Connection,35 King George,London,,WX3 6FW,UK,24 - 12 oz bottles,20,0,15,0,EASTC,Eastern Connection,Ann Devon,Sales Agent,35 King George,London,,WX3 6FW,UK,(171) 555-0297,1,Nancy Davolio,Sales Representative,5-1-1992,Seattle,USA,3,Federal Shipping,(503) 555-9931,16,Bigfoot Breweries,Cheryl Saylor,USA
10400,49,Maxilaku,Confections,"Desserts, candies, and sweet breads",16,20,30,0,480.0,1-1-1997,1-29-1997,1-16-1997,83.93,Eastern Connection,35 King George,London,,WX3 6FW,UK,24 - 50 g pkgs.,10,60,15,0,EASTC,Eastern Connection,Ann Devon,Sales Agent,35 King George,London,,WX3 6FW,UK,(171) 555-0297,1,Nancy Davolio,Sales Representative,5-1-1992,Seattle,USA,3,Federal Shipping,(503) 555-9931,23,Karkki Oy,Anne Heikkonen,Finland
10401,30,Nord-Ost Matjeshering,Seafood,Seaweed and fish,20.7,25.89,18,0,372.6,1-1-1997,1-29-1997,1-10-1997,12.51,Rattlesnake Canyon Grocery,2817 Milton Dr.,Albuquerque,NM,87110,USA,10 - 200 g glasses,10,0,15,0,RATTC,Rattlesnake Canyon Grocery,Paula Wilson,Assistant Sales Representative,2817 Milton Dr.,Albuquerque,NM,87110,USA,(505) 555-5939,1,Nancy Davolio,Sales Representative,5-1-1992,Seattle,USA,1,Speedy Express,(503) 555-9831,13,Nord-Ost-Fisch Handelsgesellschaft mbH,Sven Petersen,Germany
10401,56,Gnocchi di nonna Alice,Grains/Cereals,"Breads, crackers, pasta, and cereal",30.4,38,70,0,2128.0,1-1-1997,1-29-1997,1-10-1997,12.51,Rattlesnake Canyon Grocery,2817 Milton Dr.,Albuquerque,NM,87110,USA,24 - 250 g pkgs.,21,10,30,0,RATTC,Rattlesnake Canyon Grocery,Paula Wilson,Assistant Sales Representative,2817 Milton Dr.,Albuquerque,NM,87110,USA,(505) 555-5939,1,Nancy Davolio,Sales Representative,5-1-1992,Seattle,USA,1,Speedy Express,(503) 555-9831,26,Pasta Buttini s.r.l.,Giovanni Giudici,Italy
10401,65,Louisiana Fiery Hot Pepper Sauce,Condiments,"Sweet and savory sauces, relishes, spreads, and seasonings",16.8,21.05,20,0,336.0,1-1-1997,1-29-1997,1-10-1997,12.51,Rattlesnake Canyon Grocery,2817 Milton Dr.,Albuquerque,NM,87110,USA,32 - 8 oz bottles,76,0,0,0,RATTC,Rattlesnake Canyon Grocery,Paula Wilson,Assistant Sales Representative,2817 Milton Dr.,Albuquerque,NM,87110,USA,(505) 555-5939,1,Nancy Davolio,Sales Representative,5-1-1992,Seattle,USA,1,Speedy Express,(503) 555-9831,2,New Orleans Cajun Delights,Shelley Burke,USA
10401,71,Flotemysost,Dairy Products,Cheeses,17.2,21.5,60,0,1032.0,1-1-1997,1-29-1997,1-10-1997,12.51,Rattlesnake Canyon Grocery,2817 Milton Dr.,Albuquerque,NM,87110,USA,10 - 500 g pkgs.,26,0,0,0,RATTC,Rattlesnake Canyon Grocery,Paula Wilson,Assistant Sales Representative,2817 Milton Dr.,Albuquerque,NM,87110,USA,(505) 555-5939,1,Nancy Davolio,Sales Representative,5-1-1992,Seattle,USA,1,Speedy Express,(503) 555-9831,15,Norske Meierier,Beate Vileid,Norway
10402,23,Tunnbr d,Grains/Cereals,"Breads, crackers, pasta, and cereal",7.2,9,60,0,432.0,1-2-1997,2-13-1997,1-10-1997,67.88,Ernst Handel,Kirchgasse 6,Graz,,8010,Austria,12 - 250 g pkgs.,61,0,25,0,ERNSH,Ernst Handel,Roland Mendel,Sales Manager,Kirchgasse 6,Graz,,8010,Austria,7675-3425,8,Laura Callahan,Inside Sales Coordinator,3-5-1994,Seattle,USA,2,United Package,(503) 555-3199,9,PB Kn ckebr d AB,Lars Peterson,Sweden
10402,63,Vegie-spread,Condiments,"Sweet and savory sauces, relishes, spreads, and seasonings",35.1,43.9,65,0,2281.5,1-2-1997,2-13-1997,1-10-1997,67.88,Ernst Handel,Kirchgasse 6,Graz,,8010,Austria,15 - 625 g jars,24,0,5,0,ERNSH,Ernst Handel,Roland Mendel,Sales Manager,Kirchgasse 6,Graz,,8010,Austria,7675-3425,8,Laura Callahan,Inside Sales Coordinator,3-5-1994,Seattle,USA,2,United Package,(503) 555-3199,7,"Pavlova, Ltd.",Ian Devling,Australia
10403,16,Pavlova,Confections,"Desserts, candies, and sweet breads",13.9,17.45,21,0.15,248.12,1-3-1997,1-31-1997,1-9-1997,73.79,Ernst Handel,Kirchgasse 6,Graz,,8010,Austria,32 - 500 g boxes,29,0,10,0,ERNSH,Ernst Handel,Roland Mendel,Sales Manager,Kirchgasse 6,Graz,,8010,Austria,7675-3425,4,Margaret Peacock,Sales Representative,5-3-1993,Redmond,USA,3,Federal Shipping,(503) 555-9931,7,"Pavlova, Ltd.",Ian Devling,Australia
10403,48,Chocolade,Confections,"Desserts, candies, and sweet breads",10.2,12.75,70,0.15,606.9,1-3-1997,1-31-1997,1-9-1997,73.79,Ernst Handel,Kirchgasse 6,Graz,,8010,Austria,10 pkgs.,15,70,25,0,ERNSH,Ernst Handel,Roland Mendel,Sales Manager,Kirchgasse 6,Graz,,8010,Austria,7675-3425,4,Margaret Peacock,Sales Representative,5-3-1993,Redmond,USA,3,Federal Shipping,(503) 555-9931,22,Zaanse Snoepfabriek,Dirk Luchte,Netherlands
10404,26,Gumb r Gummib rchen,Confections,"Desserts, candies, and sweet breads",24.9,31.23,30,0.05,709.65,1-3-1997,1-31-1997,1-8-1997,155.97,Magazzini Alimentari Riuniti,Via Ludovico il Moro 22,Bergamo,,24100,Italy,100 - 250 g bags,15,0,0,0,MAGAA,Magazzini Alimentari Riuniti,Giovanni Rovelli,Marketing Manager,Via Ludovico il Moro 22,Bergamo,,24100,Italy,035-640230,2,Andrew Fuller,"Vice President, Sales",8-14-1992,Tacoma,USA,1,Speedy Express,(503) 555-9831,11,Heli S  waren GmbH & Co. KG,Petra Winkler,Germany
10404,42,Singaporean Hokkien Fried Mee,Grains/Cereals,"Breads, crackers, pasta, and cereal",11.2,14,40,0.05,425.6,1-3-1997,1-31-1997,1-8-1997,155.97,Magazzini Alimentari Riuniti,Via Ludovico il Moro 22,Bergamo,,24100,Italy,32 - 1 kg pkgs.,26,0,0,1,MAGAA,Magazzini Alimentari Riuniti,Giovanni Rovelli,Marketing Manager,Via Ludovico il Moro 22,Bergamo,,24100,Italy,035-640230,2,Andrew Fuller,"Vice President, Sales",8-14-1992,Tacoma,USA,1,Speedy Express,(503) 555-9831,20,Leka Trading,Chandra Leka,Singapore
10404,49,Maxilaku,Confections,"Desserts, candies, and sweet breads",16,20,30,0.05,456.0,1-3-1997,1-31-1997,1-8-1997,155.97,Magazzini Alimentari Riuniti,Via Ludovico il Moro 22,Bergamo,,24100,Italy,24 - 50 g pkgs.,10,60,15,0,MAGAA,Magazzini Alimentari Riuniti,Giovanni Rovelli,Marketing Manager,Via Ludovico il Moro 22,Bergamo,,24100,Italy,035-640230,2,Andrew Fuller,"Vice President, Sales",8-14-1992,Tacoma,USA,1,Speedy Express,(503) 555-9831,23,Karkki Oy,Anne Heikkonen,Finland
10405,3,Aniseed Syrup,Condiments,"Sweet and savory sauces, relishes, spreads, and seasonings",8,10,50,0,400.0,1-6-1997,2-3-1997,1-22-1997,34.82,LINO-Delicateses,Ave. 5 de Mayo Porlamar,I. de Margarita,Nueva Esparta,4980,Venezuela,12 - 550 ml bottles,13,70,25,0,LINOD,LINO-Delicateses,Felipe Izquierdo,Owner,Ave. 5 de Mayo Porlamar,I. de Margarita,Nueva Esparta,4980,Venezuela,(8) 34-56-12,1,Nancy Davolio,Sales Representative,5-1-1992,Seattle,USA,1,Speedy Express,(503) 555-9831,1,Exotic Liquids,Charlotte Cooper,UK
10406,1,Chai,Beverages,"Soft drinks, coffees, teas, beers, and ales",14.4,18,10,0,144.0,1-7-1997,2-18-1997,1-13-1997,108.04,Queen Cozinha,"Alameda dos Can rios, 891",Sao Paulo,SP,05487-020,Brazil,10 boxes x 30 bags,39,0,10,1,QUEEN,Queen Cozinha,L cia Carvalho,Marketing Assistant,"Alameda dos Can rios, 891",Sao Paulo,SP,05487-020,Brazil,(11) 555-1189,7,Robert King,Sales Representative,1-2-1994,London,UK,1,Speedy Express,(503) 555-9831,8,"Specialty Biscuits, Ltd.",Peter Wilson,UK
10406,21,Sir Rodney's Scones,Confections,"Desserts, candies, and sweet breads",8,10,30,0.1,216.0,1-7-1997,2-18-1997,1-13-1997,108.04,Queen Cozinha,"Alameda dos Can rios, 891",Sao Paulo,SP,05487-020,Brazil,24 pkgs. x 4 pieces,3,40,5,0,QUEEN,Queen Cozinha,L cia Carvalho,Marketing Assistant,"Alameda dos Can rios, 891",Sao Paulo,SP,05487-020,Brazil,(11) 555-1189,7,Robert King,Sales Representative,1-2-1994,London,UK,1,Speedy Express,(503) 555-9831,8,"Specialty Biscuits, Ltd.",Peter Wilson,UK
10406,28,R ssle Sauerkraut,Produce,Dried fruit and bean curd,36.4,45.6,42,0.1,1375.92,1-7-1997,2-18-1997,1-13-1997,108.04,Queen Cozinha,"Alameda dos Can rios, 891",Sao Paulo,SP,05487-020,Brazil,25 - 825 g cans,26,0,0,1,QUEEN,Queen Cozinha,L cia Carvalho,Marketing Assistant,"Alameda dos Can rios, 891",Sao Paulo,SP,05487-020,Brazil,(11) 555-1189,7,Robert King,Sales Representative,1-2-1994,London,UK,1,Speedy Express,(503) 555-9831,12,Plutzer Lebensmittelgro m rkte AG,Martin Bein,Germany
10406,36,Inlagd Sill,Seafood,Seaweed and fish,15.2,19,5,0.1,68.4,1-7-1997,2-18-1997,1-13-1997,108.04,Queen Cozinha,"Alameda dos Can rios, 891",Sao Paulo,SP,05487-020,Brazil,24 - 250 g  jars,112,0,20,0,QUEEN,Queen Cozinha,L cia Carvalho,Marketing Assistant,"Alameda dos Can rios, 891",Sao Paulo,SP,05487-020,Brazil,(11) 555-1189,7,Robert King,Sales Representative,1-2-1994,London,UK,1,Speedy Express,(503) 555-9831,17,Svensk Sj f da AB,Michael Bj rn,Sweden
10406,40,Boston Crab Meat,Seafood,Seaweed and fish,14.7,18.4,2,0.1,26.46,1-7-1997,2-18-1997,1-13-1997,108.04,Queen Cozinha,"Alameda dos Can rios, 891",Sao Paulo,SP,05487-020,Brazil,24 - 4 oz tins,123,0,30,0,QUEEN,Queen Cozinha,L cia Carvalho,Marketing Assistant,"Alameda dos Can rios, 891",Sao Paulo,SP,05487-020,Brazil,(11) 555-1189,7,Robert King,Sales Representative,1-2-1994,London,UK,1,Speedy Express,(503) 555-9831,19,New England Seafood Cannery,Robb Merchant,USA
10407,11,Queso Cabrales,Dairy Products,Cheeses,16.8,21,30,0,504.0,1-7-1997,2-4-1997,1-30-1997,91.48,Ottilies K seladen,Mehrheimerstr. 369,K ln,,50739,Germany,1 kg pkg.,22,30,30,0,OTTIK,Ottilies K seladen,Henriette Pfalzheim,Owner,Mehrheimerstr. 369,K ln,,50739,Germany,0221-0644327,2,Andrew Fuller,"Vice President, Sales",8-14-1992,Tacoma,USA,2,United Package,(503) 555-3199,5,Cooperativa de Quesos 'Las Cabras',Antonio del Valle Saavedra,Spain
10407,69,Gudbrandsdalsost,Dairy Products,Cheeses,28.8,36,15,0,432.0,1-7-1997,2-4-1997,1-30-1997,91.48,Ottilies K seladen,Mehrheimerstr. 369,K ln,,50739,Germany,10 kg pkg.,26,0,15,0,OTTIK,Ottilies K seladen,Henriette Pfalzheim,Owner,Mehrheimerstr. 369,K ln,,50739,Germany,0221-0644327,2,Andrew Fuller,"Vice President, Sales",8-14-1992,Tacoma,USA,2,United Package,(503) 555-3199,15,Norske Meierier,Beate Vileid,Norway
10407,71,Flotemysost,Dairy Products,Cheeses,17.2,21.5,15,0,258.0,1-7-1997,2-4-1997,1-30-1997,91.48,Ottilies K seladen,Mehrheimerstr. 369,K ln,,50739,Germany,10 - 500 g pkgs.,26,0,0,0,OTTIK,Ottilies K seladen,Henriette Pfalzheim,Owner,Mehrheimerstr. 369,K ln,,50739,Germany,0221-0644327,2,Andrew Fuller,"Vice President, Sales",8-14-1992,Tacoma,USA,2,United Package,(503) 555-3199,15,Norske Meierier,Beate Vileid,Norway
10408,37,Gravad lax,Seafood,Seaweed and fish,20.8,26,10,0,208.0,1-8-1997,2-5-1997,1-14-1997,11.26,Folies gourmandes,"184, chauss e de Tournai",Lille,,59000,France,12 - 500 g pkgs.,11,50,25,0,FOLIG,Folies gourmandes,Martine Ranc,Assistant Sales Agent,"184, chauss e de Tournai",Lille,,59000,France,20.16.10.16,8,Laura Callahan,Inside Sales Coordinator,3-5-1994,Seattle,USA,1,Speedy Express,(503) 555-9831,17,Svensk Sj f da AB,Michael Bj rn,Sweden
10408,54,Tourti re,Meat/Poultry,Prepared meats,5.9,7.45,6,0,35.4,1-8-1997,2-5-1997,1-14-1997,11.26,Folies gourmandes,"184, chauss e de Tournai",Lille,,59000,France,16 pies,21,0,10,0,FOLIG,Folies gourmandes,Martine Ranc,Assistant Sales Agent,"184, chauss e de Tournai",Lille,,59000,France,20.16.10.16,8,Laura Callahan,Inside Sales Coordinator,3-5-1994,Seattle,USA,1,Speedy Express,(503) 555-9831,25,Ma Maison,Jean-Guy Lauzon,Canada
10408,62,Tarte au sucre,Confections,"Desserts, candies, and sweet breads",39.4,49.3,35,0,1379.0,1-8-1997,2-5-1997,1-14-1997,11.26,Folies gourmandes,"184, chauss e de Tournai",Lille,,59000,France,48 pies,17,0,0,0,FOLIG,Folies gourmandes,Martine Ranc,Assistant Sales Agent,"184, chauss e de Tournai",Lille,,59000,France,20.16.10.16,8,Laura Callahan,Inside Sales Coordinator,3-5-1994,Seattle,USA,1,Speedy Express,(503) 555-9831,29,For ts d' rables,Chantal Goulet,Canada
10409,14,Tofu,Produce,Dried fruit and bean curd,18.6,23.25,12,0,223.2,1-9-1997,2-6-1997,1-14-1997,29.83,Oc ano Atl ntico Ltda.,Ing. Gustavo Moncada 8585 Piso 20-A,Buenos Aires,,1010,Argentina,40 - 100 g pkgs.,35,0,0,0,OCEAN,Oc ano Atl ntico Ltda.,Yvonne Moncada,Sales Agent,Ing. Gustavo Moncada 8585 Piso 20-A,Buenos Aires,,1010,Argentina,(1) 135-5333,3,Janet Leverling,Sales Representative,4-1-1992,Kirkland,USA,1,Speedy Express,(503) 555-9831,6,Mayumi's,Mayumi Ohno,Japan
10409,21,Sir Rodney's Scones,Confections,"Desserts, candies, and sweet breads",8,10,12,0,96.0,1-9-1997,2-6-1997,1-14-1997,29.83,Oc ano Atl ntico Ltda.,Ing. Gustavo Moncada 8585 Piso 20-A,Buenos Aires,,1010,Argentina,24 pkgs. x 4 pieces,3,40,5,0,OCEAN,Oc ano Atl ntico Ltda.,Yvonne Moncada,Sales Agent,Ing. Gustavo Moncada 8585 Piso 20-A,Buenos Aires,,1010,Argentina,(1) 135-5333,3,Janet Leverling,Sales Representative,4-1-1992,Kirkland,USA,1,Speedy Express,(503) 555-9831,8,"Specialty Biscuits, Ltd.",Peter Wilson,UK
10410,33,Geitost,Dairy Products,Cheeses,2,2.5,49,0,98.0,1-10-1997,2-7-1997,1-15-1997,2.4,Bottom-Dollar Markets,23 Tsawassen Blvd.,Tsawassen,BC,T2F 8M4,Canada,500 g,112,0,20,0,BOTTM,Bottom-Dollar Markets,Elizabeth Lincoln,Accounting Manager,23 Tsawassen Blvd.,Tsawassen,BC,T2F 8M4,Canada,(604) 555-4729,3,Janet Leverling,Sales Representative,4-1-1992,Kirkland,USA,3,Federal Shipping,(503) 555-9931,15,Norske Meierier,Beate Vileid,Norway
10410,59,Raclette Courdavault,Dairy Products,Cheeses,44,55,16,0,704.0,1-10-1997,2-7-1997,1-15-1997,2.4,Bottom-Dollar Markets,23 Tsawassen Blvd.,Tsawassen,BC,T2F 8M4,Canada,5 kg pkg.,79,0,0,0,BOTTM,Bottom-Dollar Markets,Elizabeth Lincoln,Accounting Manager,23 Tsawassen Blvd.,Tsawassen,BC,T2F 8M4,Canada,(604) 555-4729,3,Janet Leverling,Sales Representative,4-1-1992,Kirkland,USA,3,Federal Shipping,(503) 555-9931,28,Gai p turage,Eliane Noz,France
10411,41,Jack's New England Clam Chowder,Seafood,Seaweed and fish,7.7,9.65,25,0.2,154.0,1-10-1997,2-7-1997,1-21-1997,23.65,Bottom-Dollar Markets,23 Tsawassen Blvd.,Tsawassen,BC,T2F 8M4,Canada,12 - 12 oz cans,85,0,10,0,BOTTM,Bottom-Dollar Markets,Elizabeth Lincoln,Accounting Manager,23 Tsawassen Blvd.,Tsawassen,BC,T2F 8M4,Canada,(604) 555-4729,9,Anne Dodsworth,Sales Representative,11-15-1994,London,UK,3,Federal Shipping,(503) 555-9931,19,New England Seafood Cannery,Robb Merchant,USA
10411,44,Gula Malacca,Condiments,"Sweet and savory sauces, relishes, spreads, and seasonings",15.5,19.45,40,0.2,496.0,1-10-1997,2-7-1997,1-21-1997,23.65,Bottom-Dollar Markets,23 Tsawassen Blvd.,Tsawassen,BC,T2F 8M4,Canada,20 - 2 kg bags,27,0,15,0,BOTTM,Bottom-Dollar Markets,Elizabeth Lincoln,Accounting Manager,23 Tsawassen Blvd.,Tsawassen,BC,T2F 8M4,Canada,(604) 555-4729,9,Anne Dodsworth,Sales Representative,11-15-1994,London,UK,3,Federal Shipping,(503) 555-9931,20,Leka Trading,Chandra Leka,Singapore
10411,59,Raclette Courdavault,Dairy Products,Cheeses,44,55,9,0.2,316.8,1-10-1997,2-7-1997,1-21-1997,23.65,Bottom-Dollar Markets,23 Tsawassen Blvd.,Tsawassen,BC,T2F 8M4,Canada,5 kg pkg.,79,0,0,0,BOTTM,Bottom-Dollar Markets,Elizabeth Lincoln,Accounting Manager,23 Tsawassen Blvd.,Tsawassen,BC,T2F 8M4,Canada,(604) 555-4729,9,Anne Dodsworth,Sales Representative,11-15-1994,London,UK,3,Federal Shipping,(503) 555-9931,28,Gai p turage,Eliane Noz,France
10412,14,Tofu,Produce,Dried fruit and bean curd,18.6,23.25,20,0.1,334.8,1-13-1997,2-10-1997,1-15-1997,3.77,Wartian Herkku,Torikatu 38,Oulu,,90110,Finland,40 - 100 g pkgs.,35,0,0,0,WARTH,Wartian Herkku,Pirkko Koskitalo,Accounting Manager,Torikatu 38,Oulu,,90110,Finland,981-443655,8,Laura Callahan,Inside Sales Coordinator,3-5-1994,Seattle,USA,2,United Package,(503) 555-3199,6,Mayumi's,Mayumi Ohno,Japan
10413,1,Chai,Beverages,"Soft drinks, coffees, teas, beers, and ales",14.4,18,24,0,345.6,1-14-1997,2-11-1997,1-16-1997,95.66,La maison d'Asie,1 rue Alsace-Lorraine,Toulouse,,31000,France,10 boxes x 30 bags,39,0,10,1,LAMAI,La maison d'Asie,Annette Roulet,Sales Manager,1 rue Alsace-Lorraine,Toulouse,,31000,France,61.77.61.10,3,Janet Leverling,Sales Representative,4-1-1992,Kirkland,USA,2,United Package,(503) 555-3199,8,"Specialty Biscuits, Ltd.",Peter Wilson,UK
10413,62,Tarte au sucre,Confections,"Desserts, candies, and sweet breads",39.4,49.3,40,0,1576.0,1-14-1997,2-11-1997,1-16-1997,95.66,La maison d'Asie,1 rue Alsace-Lorraine,Toulouse,,31000,France,48 pies,17,0,0,0,LAMAI,La maison d'Asie,Annette Roulet,Sales Manager,1 rue Alsace-Lorraine,Toulouse,,31000,France,61.77.61.10,3,Janet Leverling,Sales Representative,4-1-1992,Kirkland,USA,2,United Package,(503) 555-3199,29,For ts d' rables,Chantal Goulet,Canada
10413,76,Lakkalik  ri,Beverages,"Soft drinks, coffees, teas, beers, and ales",14.4,18,14,0,201.6,1-14-1997,2-11-1997,1-16-1997,95.66,La maison d'Asie,1 rue Alsace-Lorraine,Toulouse,,31000,France,500 ml,57,0,20,0,LAMAI,La maison d'Asie,Annette Roulet,Sales Manager,1 rue Alsace-Lorraine,Toulouse,,31000,France,61.77.61.10,3,Janet Leverling,Sales Representative,4-1-1992,Kirkland,USA,2,United Package,(503) 555-3199,23,Karkki Oy,Anne Heikkonen,Finland
10414,19,Teatime Chocolate Biscuits,Confections,"Desserts, candies, and sweet breads",7.3,9.2,18,0.05,124.83,1-14-1997,2-11-1997,1-17-1997,21.48,Familia Arquibaldo,"Rua Or s, 92",Sao Paulo,SP,05442-030,Brazil,10 boxes x 12 pieces,25,0,5,0,FAMIA,Familia Arquibaldo,Aria Cruz,Marketing Assistant,"Rua Or s, 92",Sao Paulo,SP,05442-030,Brazil,(11) 555-9857,2,Andrew Fuller,"Vice President, Sales",8-14-1992,Tacoma,USA,3,Federal Shipping,(503) 555-9931,8,"Specialty Biscuits, Ltd.",Peter Wilson,UK
10414,33,Geitost,Dairy Products,Cheeses,2,2.5,50,0,100.0,1-14-1997,2-11-1997,1-17-1997,21.48,Familia Arquibaldo,"Rua Or s, 92",Sao Paulo,SP,05442-030,Brazil,500 g,112,0,20,0,FAMIA,Familia Arquibaldo,Aria Cruz,Marketing Assistant,"Rua Or s, 92",Sao Paulo,SP,05442-030,Brazil,(11) 555-9857,2,Andrew Fuller,"Vice President, Sales",8-14-1992,Tacoma,USA,3,Federal Shipping,(503) 555-9931,15,Norske Meierier,Beate Vileid,Norway
10415,17,Alice Mutton,Meat/Poultry,Prepared meats,31.2,39,2,0,62.4,1-15-1997,2-12-1997,1-24-1997,0.2,Hungry Coyote Import Store,City Center Plaza 516 Main St.,Elgin,OR,97827,USA,20 - 1 kg tins,0,0,0,1,HUNGC,Hungry Coyote Import Store,Yoshi Latimer,Sales Representative,City Center Plaza 516 Main St.,Elgin,OR,97827,USA,(503) 555-6874,3,Janet Leverling,Sales Representative,4-1-1992,Kirkland,USA,1,Speedy Express,(503) 555-9831,7,"Pavlova, Ltd.",Ian Devling,Australia
10415,33,Geitost,Dairy Products,Cheeses,2,2.5,20,0,40.0,1-15-1997,2-12-1997,1-24-1997,0.2,Hungry Coyote Import Store,City Center Plaza 516 Main St.,Elgin,OR,97827,USA,500 g,112,0,20,0,HUNGC,Hungry Coyote Import Store,Yoshi Latimer,Sales Representative,City Center Plaza 516 Main St.,Elgin,OR,97827,USA,(503) 555-6874,3,Janet Leverling,Sales Representative,4-1-1992,Kirkland,USA,1,Speedy Express,(503) 555-9831,15,Norske Meierier,Beate Vileid,Norway
10416,19,Teatime Chocolate Biscuits,Confections,"Desserts, candies, and sweet breads",7.3,9.2,20,0,146.0,1-16-1997,2-13-1997,1-27-1997,22.72,Wartian Herkku,Torikatu 38,Oulu,,90110,Finland,10 boxes x 12 pieces,25,0,5,0,WARTH,Wartian Herkku,Pirkko Koskitalo,Accounting Manager,Torikatu 38,Oulu,,90110,Finland,981-443655,8,Laura Callahan,Inside Sales Coordinator,3-5-1994,Seattle,USA,3,Federal Shipping,(503) 555-9931,8,"Specialty Biscuits, Ltd.",Peter Wilson,UK
10416,53,Perth Pasties,Meat/Poultry,Prepared meats,26.2,32.8,10,0,262.0,1-16-1997,2-13-1997,1-27-1997,22.72,Wartian Herkku,Torikatu 38,Oulu,,90110,Finland,48 pieces,0,0,0,1,WARTH,Wartian Herkku,Pirkko Koskitalo,Accounting Manager,Torikatu 38,Oulu,,90110,Finland,981-443655,8,Laura Callahan,Inside Sales Coordinator,3-5-1994,Seattle,USA,3,Federal Shipping,(503) 555-9931,24,"G'day, Mate",Wendy Mackenzie,Australia
10416,57,Ravioli Angelo,Grains/Cereals,"Breads, crackers, pasta, and cereal",15.6,19.5,20,0,312.0,1-16-1997,2-13-1997,1-27-1997,22.72,Wartian Herkku,Torikatu 38,Oulu,,90110,Finland,24 - 250 g pkgs.,36,0,20,0,WARTH,Wartian Herkku,Pirkko Koskitalo,Accounting Manager,Torikatu 38,Oulu,,90110,Finland,981-443655,8,Laura Callahan,Inside Sales Coordinator,3-5-1994,Seattle,USA,3,Federal Shipping,(503) 555-9931,26,Pasta Buttini s.r.l.,Giovanni Giudici,Italy
10417,38,C te de Blaye,Beverages,"Soft drinks, coffees, teas, beers, and ales",210.8,263.5,50,0,10540.0,1-16-1997,2-13-1997,1-28-1997,70.29,Simons bistro,Vinb ltet 34,Kobenhavn,,1734,Denmark,12 - 75 cl bottles,17,0,15,0,SIMOB,Simons bistro,Jytte Petersen,Owner,Vinb ltet 34,Kobenhavn,,1734,Denmark,31 12 34 56,4,Margaret Peacock,Sales Representative,5-3-1993,Redmond,USA,3,Federal Shipping,(503) 555-9931,18,Aux joyeux eccl siastiques,Guyl ne Nodier,France
10417,46,Spegesild,Seafood,Seaweed and fish,9.6,12,2,0.25,14.4,1-16-1997,2-13-1997,1-28-1997,70.29,Simons bistro,Vinb ltet 34,Kobenhavn,,1734,Denmark,4 - 450 g glasses,95,0,0,0,SIMOB,Simons bistro,Jytte Petersen,Owner,Vinb ltet 34,Kobenhavn,,1734,Denmark,31 12 34 56,4,Margaret Peacock,Sales Representative,5-3-1993,Redmond,USA,3,Federal Shipping,(503) 555-9931,21,Lyngbysild,Niels Petersen,Denmark
10417,68,Scottish Longbreads,Confections,"Desserts, candies, and sweet breads",10,12.5,36,0.25,270.0,1-16-1997,2-13-1997,1-28-1997,70.29,Simons bistro,Vinb ltet 34,Kobenhavn,,1734,Denmark,10 boxes x 8 pieces,6,10,15,0,SIMOB,Simons bistro,Jytte Petersen,Owner,Vinb ltet 34,Kobenhavn,,1734,Denmark,31 12 34 56,4,Margaret Peacock,Sales Representative,5-3-1993,Redmond,USA,3,Federal Shipping,(503) 555-9931,8,"Specialty Biscuits, Ltd.",Peter Wilson,UK
10417,77,Original Frankfurter gr ne So e,Condiments,"Sweet and savory sauces, relishes, spreads, and seasonings",10.4,13,35,0,364.0,1-16-1997,2-13-1997,1-28-1997,70.29,Simons bistro,Vinb ltet 34,Kobenhavn,,1734,Denmark,12 boxes,32,0,15,0,SIMOB,Simons bistro,Jytte Petersen,Owner,Vinb ltet 34,Kobenhavn,,1734,Denmark,31 12 34 56,4,Margaret Peacock,Sales Representative,5-3-1993,Redmond,USA,3,Federal Shipping,(503) 555-9931,12,Plutzer Lebensmittelgro m rkte AG,Martin Bein,Germany
10418,2,Chang,Beverages,"Soft drinks, coffees, teas, beers, and ales",15.2,19,60,0,912.0,1-17-1997,2-14-1997,1-24-1997,17.55,QUICK-Stop,Taucherstra e 10,Cunewalde,,01307,Germany,24 - 12 oz bottles,17,40,25,1,QUICK,QUICK-Stop,Horst Kloss,Accounting Manager,Taucherstra e 10,Cunewalde,,01307,Germany,0372-035188,4,Margaret Peacock,Sales Representative,5-3-1993,Redmond,USA,1,Speedy Express,(503) 555-9831,1,Exotic Liquids,Charlotte Cooper,UK
10418,47,Zaanse koeken,Confections,"Desserts, candies, and sweet breads",7.6,9.5,55,0,418.0,1-17-1997,2-14-1997,1-24-1997,17.55,QUICK-Stop,Taucherstra e 10,Cunewalde,,01307,Germany,10 - 4 oz boxes,36,0,0,0,QUICK,QUICK-Stop,Horst Kloss,Accounting Manager,Taucherstra e 10,Cunewalde,,01307,Germany,0372-035188,4,Margaret Peacock,Sales Representative,5-3-1993,Redmond,USA,1,Speedy Express,(503) 555-9831,22,Zaanse Snoepfabriek,Dirk Luchte,Netherlands
10418,61,Sirop d' rable,Condiments,"Sweet and savory sauces, relishes, spreads, and seasonings",22.8,28.5,16,0,364.8,1-17-1997,2-14-1997,1-24-1997,17.55,QUICK-Stop,Taucherstra e 10,Cunewalde,,01307,Germany,24 - 500 ml bottles,113,0,25,0,QUICK,QUICK-Stop,Horst Kloss,Accounting Manager,Taucherstra e 10,Cunewalde,,01307,Germany,0372-035188,4,Margaret Peacock,Sales Representative,5-3-1993,Redmond,USA,1,Speedy Express,(503) 555-9831,29,For ts d' rables,Chantal Goulet,Canada
10418,74,Longlife Tofu,Produce,Dried fruit and bean curd,8,10,15,0,120.0,1-17-1997,2-14-1997,1-24-1997,17.55,QUICK-Stop,Taucherstra e 10,Cunewalde,,01307,Germany,5 kg pkg.,4,20,5,0,QUICK,QUICK-Stop,Horst Kloss,Accounting Manager,Taucherstra e 10,Cunewalde,,01307,Germany,0372-035188,4,Margaret Peacock,Sales Representative,5-3-1993,Redmond,USA,1,Speedy Express,(503) 555-9831,4,Tokyo Traders,Yoshi Nagase,Japan
10419,60,Camembert Pierrot,Dairy Products,Cheeses,27.2,34,60,0.05,1550.4,1-20-1997,2-17-1997,1-30-1997,137.35,Richter Supermarkt,Starenweg 5,Gen ve,,1204,Switzerland,15 - 300 g rounds,19,0,0,0,RICSU,Richter Supermarkt,Michael Holz,Sales Manager,Grenzacherweg 237,Gen ve,,1203,Switzerland,0897-034214,4,Margaret Peacock,Sales Representative,5-3-1993,Redmond,USA,2,United Package,(503) 555-3199,28,Gai p turage,Eliane Noz,France
10419,69,Gudbrandsdalsost,Dairy Products,Cheeses,28.8,36,20,0.05,547.2,1-20-1997,2-17-1997,1-30-1997,137.35,Richter Supermarkt,Starenweg 5,Gen ve,,1204,Switzerland,10 kg pkg.,26,0,15,0,RICSU,Richter Supermarkt,Michael Holz,Sales Manager,Grenzacherweg 237,Gen ve,,1203,Switzerland,0897-034214,4,Margaret Peacock,Sales Representative,5-3-1993,Redmond,USA,2,United Package,(503) 555-3199,15,Norske Meierier,Beate Vileid,Norway
10420,9,Mishi Kobe Niku,Meat/Poultry,Prepared meats,77.6,97,20,0.1,1396.8,1-21-1997,2-18-1997,1-27-1997,44.12,Wellington Importadora,"Rua do Mercado, 12",Resende,SP,08737-363,Brazil,18 - 500 g pkgs.,29,0,0,1,WELLI,Wellington Importadora,Paula Parente,Sales Manager,"Rua do Mercado, 12",Resende,SP,08737-363,Brazil,(14) 555-8122,3,Janet Leverling,Sales Representative,4-1-1992,Kirkland,USA,1,Speedy Express,(503) 555-9831,4,Tokyo Traders,Yoshi Nagase,Japan
10420,13,Konbu,Seafood,Seaweed and fish,4.8,6,2,0.1,8.64,1-21-1997,2-18-1997,1-27-1997,44.12,Wellington Importadora,"Rua do Mercado, 12",Resende,SP,08737-363,Brazil,2 kg box,24,0,5,0,WELLI,Wellington Importadora,Paula Parente,Sales Manager,"Rua do Mercado, 12",Resende,SP,08737-363,Brazil,(14) 555-8122,3,Janet Leverling,Sales Representative,4-1-1992,Kirkland,USA,1,Speedy Express,(503) 555-9831,6,Mayumi's,Mayumi Ohno,Japan
10420,70,Outback Lager,Beverages,"Soft drinks, coffees, teas, beers, and ales",12,15,8,0.1,86.4,1-21-1997,2-18-1997,1-27-1997,44.12,Wellington Importadora,"Rua do Mercado, 12",Resende,SP,08737-363,Brazil,24 - 355 ml bottles,15,10,30,0,WELLI,Wellington Importadora,Paula Parente,Sales Manager,"Rua do Mercado, 12",Resende,SP,08737-363,Brazil,(14) 555-8122,3,Janet Leverling,Sales Representative,4-1-1992,Kirkland,USA,1,Speedy Express,(503) 555-9831,7,"Pavlova, Ltd.",Ian Devling,Australia
10420,73,R d Kaviar,Seafood,Seaweed and fish,12,15,20,0.1,216.0,1-21-1997,2-18-1997,1-27-1997,44.12,Wellington Importadora,"Rua do Mercado, 12",Resende,SP,08737-363,Brazil,24 - 150 g jars,101,0,5,0,WELLI,Wellington Importadora,Paula Parente,Sales Manager,"Rua do Mercado, 12",Resende,SP,08737-363,Brazil,(14) 555-8122,3,Janet Leverling,Sales Representative,4-1-1992,Kirkland,USA,1,Speedy Express,(503) 555-9831,17,Svensk Sj f da AB,Michael Bj rn,Sweden
10421,19,Teatime Chocolate Biscuits,Confections,"Desserts, candies, and sweet breads",7.3,9.2,4,0.15,24.82,1-21-1997,3-4-1997,1-27-1997,99.23,Que Del cia,"Rua da Panificadora, 12",Rio de Janeiro,RJ,02389-673,Brazil,10 boxes x 12 pieces,25,0,5,0,QUEDE,Que Del cia,Bernardo Batista,Accounting Manager,"Rua da Panificadora, 12",Rio de Janeiro,RJ,02389-673,Brazil,(21) 555-4252,8,Laura Callahan,Inside Sales Coordinator,3-5-1994,Seattle,USA,1,Speedy Express,(503) 555-9831,8,"Specialty Biscuits, Ltd.",Peter Wilson,UK
10421,26,Gumb r Gummib rchen,Confections,"Desserts, candies, and sweet breads",24.9,31.23,30,0,747.0,1-21-1997,3-4-1997,1-27-1997,99.23,Que Del cia,"Rua da Panificadora, 12",Rio de Janeiro,RJ,02389-673,Brazil,100 - 250 g bags,15,0,0,0,QUEDE,Que Del cia,Bernardo Batista,Accounting Manager,"Rua da Panificadora, 12",Rio de Janeiro,RJ,02389-673,Brazil,(21) 555-4252,8,Laura Callahan,Inside Sales Coordinator,3-5-1994,Seattle,USA,1,Speedy Express,(503) 555-9831,11,Heli S  waren GmbH & Co. KG,Petra Winkler,Germany
10421,53,Perth Pasties,Meat/Poultry,Prepared meats,26.2,32.8,15,0.15,334.05,1-21-1997,3-4-1997,1-27-1997,99.23,Que Del cia,"Rua da Panificadora, 12",Rio de Janeiro,RJ,02389-673,Brazil,48 pieces,0,0,0,1,QUEDE,Que Del cia,Bernardo Batista,Accounting Manager,"Rua da Panificadora, 12",Rio de Janeiro,RJ,02389-673,Brazil,(21) 555-4252,8,Laura Callahan,Inside Sales Coordinator,3-5-1994,Seattle,USA,1,Speedy Express,(503) 555-9831,24,"G'day, Mate",Wendy Mackenzie,Australia
10421,77,Original Frankfurter gr ne So e,Condiments,"Sweet and savory sauces, relishes, spreads, and seasonings",10.4,13,10,0.15,88.4,1-21-1997,3-4-1997,1-27-1997,99.23,Que Del cia,"Rua da Panificadora, 12",Rio de Janeiro,RJ,02389-673,Brazil,12 boxes,32,0,15,0,QUEDE,Que Del cia,Bernardo Batista,Accounting Manager,"Rua da Panificadora, 12",Rio de Janeiro,RJ,02389-673,Brazil,(21) 555-4252,8,Laura Callahan,Inside Sales Coordinator,3-5-1994,Seattle,USA,1,Speedy Express,(503) 555-9831,12,Plutzer Lebensmittelgro m rkte AG,Martin Bein,Germany
10422,26,Gumb r Gummib rchen,Confections,"Desserts, candies, and sweet breads",24.9,31.23,2,0,49.8,1-22-1997,2-19-1997,1-31-1997,3.02,Franchi S.p.A.,Via Monte Bianco 34,Torino,,10100,Italy,100 - 250 g bags,15,0,0,0,FRANS,Franchi S.p.A.,Paolo Accorti,Sales Representative,Via Monte Bianco 34,Torino,,10100,Italy,011-4988260,2,Andrew Fuller,"Vice President, Sales",8-14-1992,Tacoma,USA,1,Speedy Express,(503) 555-9831,11,Heli S  waren GmbH & Co. KG,Petra Winkler,Germany
10423,31,Gorgonzola Telino,Dairy Products,Cheeses,10,12.5,14,0,140.0,1-23-1997,2-6-1997,2-24-1997,24.5,Gourmet Lanchonetes,"Av. Brasil, 442",Campinas,SP,04876-786,Brazil,12 - 100 g pkgs,0,70,20,0,GOURL,Gourmet Lanchonetes,Andr  Fonseca,Sales Associate,"Av. Brasil, 442",Campinas,SP,04876-786,Brazil,(11) 555-9482,6,Michael Suyama,Sales Representative,10-17-1993,London,UK,3,Federal Shipping,(503) 555-9931,14,Formaggi Fortini s.r.l.,Elio Rossi,Italy
10423,59,Raclette Courdavault,Dairy Products,Cheeses,44,55,20,0,880.0,1-23-1997,2-6-1997,2-24-1997,24.5,Gourmet Lanchonetes,"Av. Brasil, 442",Campinas,SP,04876-786,Brazil,5 kg pkg.,79,0,0,0,GOURL,Gourmet Lanchonetes,Andr  Fonseca,Sales Associate,"Av. Brasil, 442",Campinas,SP,04876-786,Brazil,(11) 555-9482,6,Michael Suyama,Sales Representative,10-17-1993,London,UK,3,Federal Shipping,(503) 555-9931,28,Gai p turage,Eliane Noz,France
10424,35,Steeleye Stout,Beverages,"Soft drinks, coffees, teas, beers, and ales",14.4,18,60,0.2,691.2,1-23-1997,2-20-1997,1-27-1997,370.61,M re Paillarde,43 rue St. Laurent,Montr al,Qu bec,H1J 1C3,Canada,24 - 12 oz bottles,20,0,15,0,MEREP,M re Paillarde,Jean Fresni re,Marketing Assistant,43 rue St. Laurent,Montr al,Qu bec,H1J 1C3,Canada,(514) 555-8054,7,Robert King,Sales Representative,1-2-1994,London,UK,2,United Package,(503) 555-3199,16,Bigfoot Breweries,Cheryl Saylor,USA
10424,38,C te de Blaye,Beverages,"Soft drinks, coffees, teas, beers, and ales",210.8,263.5,49,0.2,8263.36,1-23-1997,2-20-1997,1-27-1997,370.61,M re Paillarde,43 rue St. Laurent,Montr al,Qu bec,H1J 1C3,Canada,12 - 75 cl bottles,17,0,15,0,MEREP,M re Paillarde,Jean Fresni re,Marketing Assistant,43 rue St. Laurent,Montr al,Qu bec,H1J 1C3,Canada,(514) 555-8054,7,Robert King,Sales Representative,1-2-1994,London,UK,2,United Package,(503) 555-3199,18,Aux joyeux eccl siastiques,Guyl ne Nodier,France
10424,68,Scottish Longbreads,Confections,"Desserts, candies, and sweet breads",10,12.5,30,0.2,240.0,1-23-1997,2-20-1997,1-27-1997,370.61,M re Paillarde,43 rue St. Laurent,Montr al,Qu bec,H1J 1C3,Canada,10 boxes x 8 pieces,6,10,15,0,MEREP,M re Paillarde,Jean Fresni re,Marketing Assistant,43 rue St. Laurent,Montr al,Qu bec,H1J 1C3,Canada,(514) 555-8054,7,Robert King,Sales Representative,1-2-1994,London,UK,2,United Package,(503) 555-3199,8,"Specialty Biscuits, Ltd.",Peter Wilson,UK
10425,55,P t  chinois,Meat/Poultry,Prepared meats,19.2,24,10,0.25,144.0,1-24-1997,2-21-1997,2-14-1997,7.93,La maison d'Asie,1 rue Alsace-Lorraine,Toulouse,,31000,France,24 boxes x 2 pies,115,0,20,0,LAMAI,La maison d'Asie,Annette Roulet,Sales Manager,1 rue Alsace-Lorraine,Toulouse,,31000,France,61.77.61.10,6,Michael Suyama,Sales Representative,10-17-1993,London,UK,2,United Package,(503) 555-3199,25,Ma Maison,Jean-Guy Lauzon,Canada
10425,76,Lakkalik  ri,Beverages,"Soft drinks, coffees, teas, beers, and ales",14.4,18,20,0.25,216.0,1-24-1997,2-21-1997,2-14-1997,7.93,La maison d'Asie,1 rue Alsace-Lorraine,Toulouse,,31000,France,500 ml,57,0,20,0,LAMAI,La maison d'Asie,Annette Roulet,Sales Manager,1 rue Alsace-Lorraine,Toulouse,,31000,France,61.77.61.10,6,Michael Suyama,Sales Representative,10-17-1993,London,UK,2,United Package,(503) 555-3199,23,Karkki Oy,Anne Heikkonen,Finland
10426,56,Gnocchi di nonna Alice,Grains/Cereals,"Breads, crackers, pasta, and cereal",30.4,38,5,0,152.0,1-27-1997,2-24-1997,2-6-1997,18.69,Galer a del gastron mo,"Rambla de Catalu a, 23",Barcelona,,8022,Spain,24 - 250 g pkgs.,21,10,30,0,GALED,Galer a del gastr nomo,Eduardo Saavedra,Marketing Manager,"Rambla de Catalu a, 23",Barcelona,,08022,Spain,(93) 203 4560,4,Margaret Peacock,Sales Representative,5-3-1993,Redmond,USA,1,Speedy Express,(503) 555-9831,26,Pasta Buttini s.r.l.,Giovanni Giudici,Italy
10426,64,Wimmers gute Semmelkn del,Grains/Cereals,"Breads, crackers, pasta, and cereal",26.6,33.25,7,0,186.2,1-27-1997,2-24-1997,2-6-1997,18.69,Galer a del gastron mo,"Rambla de Catalu a, 23",Barcelona,,8022,Spain,20 bags x 4 pieces,22,80,30,0,GALED,Galer a del gastr nomo,Eduardo Saavedra,Marketing Manager,"Rambla de Catalu a, 23",Barcelona,,08022,Spain,(93) 203 4560,4,Margaret Peacock,Sales Representative,5-3-1993,Redmond,USA,1,Speedy Express,(503) 555-9831,12,Plutzer Lebensmittelgro m rkte AG,Martin Bein,Germany
10427,14,Tofu,Produce,Dried fruit and bean curd,18.6,23.25,35,0,651.0,1-27-1997,2-24-1997,3-3-1997,31.29,Piccolo und mehr,Geislweg 14,Salzburg,,5020,Austria,40 - 100 g pkgs.,35,0,0,0,PICCO,Piccolo und mehr,Georg Pipps,Sales Manager,Geislweg 14,Salzburg,,5020,Austria,6562-9722,4,Margaret Peacock,Sales Representative,5-3-1993,Redmond,USA,2,United Package,(503) 555-3199,6,Mayumi's,Mayumi Ohno,Japan
10428,46,Spegesild,Seafood,Seaweed and fish,9.6,12,20,0,192.0,1-28-1997,2-25-1997,2-4-1997,11.09,Reggiani Caseifici,Strada Provinciale 124,Reggio Emilia,,42100,Italy,4 - 450 g glasses,95,0,0,0,REGGC,Reggiani Caseifici,Maurizio Moroni,Sales Associate,Strada Provinciale 124,Reggio Emilia,,42100,Italy,0522-556721,7,Robert King,Sales Representative,1-2-1994,London,UK,1,Speedy Express,(503) 555-9831,21,Lyngbysild,Niels Petersen,Denmark
10429,50,Valkoinen suklaa,Confections,"Desserts, candies, and sweet breads",13,16.25,40,0,520.0,1-29-1997,3-12-1997,2-7-1997,56.63,Hungry Owl All-Night Grocers,8 Johnstown Road,Cork,Co. Cork,,Ireland,12 - 100 g bars,65,0,30,0,HUNGO,Hungry Owl All-Night Grocers,Patricia McKenna,Sales Associate,8 Johnstown Road,Cork,Co. Cork,,Ireland,2967 542,3,Janet Leverling,Sales Representative,4-1-1992,Kirkland,USA,2,United Package,(503) 555-3199,23,Karkki Oy,Anne Heikkonen,Finland
10429,63,Vegie-spread,Condiments,"Sweet and savory sauces, relishes, spreads, and seasonings",35.1,43.9,35,0.25,921.38,1-29-1997,3-12-1997,2-7-1997,56.63,Hungry Owl All-Night Grocers,8 Johnstown Road,Cork,Co. Cork,,Ireland,15 - 625 g jars,24,0,5,0,HUNGO,Hungry Owl All-Night Grocers,Patricia McKenna,Sales Associate,8 Johnstown Road,Cork,Co. Cork,,Ireland,2967 542,3,Janet Leverling,Sales Representative,4-1-1992,Kirkland,USA,2,United Package,(503) 555-3199,7,"Pavlova, Ltd.",Ian Devling,Australia
10430,17,Alice Mutton,Meat/Poultry,Prepared meats,31.2,39,45,0.2,1123.2,1-30-1997,2-13-1997,2-3-1997,458.78,Ernst Handel,Kirchgasse 6,Graz,,8010,Austria,20 - 1 kg tins,0,0,0,1,ERNSH,Ernst Handel,Roland Mendel,Sales Manager,Kirchgasse 6,Graz,,8010,Austria,7675-3425,4,Margaret Peacock,Sales Representative,5-3-1993,Redmond,USA,1,Speedy Express,(503) 555-9831,7,"Pavlova, Ltd.",Ian Devling,Australia
10430,21,Sir Rodney's Scones,Confections,"Desserts, candies, and sweet breads",8,10,50,0,400.0,1-30-1997,2-13-1997,2-3-1997,458.78,Ernst Handel,Kirchgasse 6,Graz,,8010,Austria,24 pkgs. x 4 pieces,3,40,5,0,ERNSH,Ernst Handel,Roland Mendel,Sales Manager,Kirchgasse 6,Graz,,8010,Austria,7675-3425,4,Margaret Peacock,Sales Representative,5-3-1993,Redmond,USA,1,Speedy Express,(503) 555-9831,8,"Specialty Biscuits, Ltd.",Peter Wilson,UK
10430,56,Gnocchi di nonna Alice,Grains/Cereals,"Breads, crackers, pasta, and cereal",30.4,38,30,0,912.0,1-30-1997,2-13-1997,2-3-1997,458.78,Ernst Handel,Kirchgasse 6,Graz,,8010,Austria,24 - 250 g pkgs.,21,10,30,0,ERNSH,Ernst Handel,Roland Mendel,Sales Manager,Kirchgasse 6,Graz,,8010,Austria,7675-3425,4,Margaret Peacock,Sales Representative,5-3-1993,Redmond,USA,1,Speedy Express,(503) 555-9831,26,Pasta Buttini s.r.l.,Giovanni Giudici,Italy
10430,59,Raclette Courdavault,Dairy Products,Cheeses,44,55,70,0.2,2464.0,1-30-1997,2-13-1997,2-3-1997,458.78,Ernst Handel,Kirchgasse 6,Graz,,8010,Austria,5 kg pkg.,79,0,0,0,ERNSH,Ernst Handel,Roland Mendel,Sales Manager,Kirchgasse 6,Graz,,8010,Austria,7675-3425,4,Margaret Peacock,Sales Representative,5-3-1993,Redmond,USA,1,Speedy Express,(503) 555-9831,28,Gai p turage,Eliane Noz,France
10431,17,Alice Mutton,Meat/Poultry,Prepared meats,31.2,39,50,0.25,1170.0,1-30-1997,2-13-1997,2-7-1997,44.17,Bottom-Dollar Markets,23 Tsawassen Blvd.,Tsawassen,BC,T2F 8M4,Canada,20 - 1 kg tins,0,0,0,1,BOTTM,Bottom-Dollar Markets,Elizabeth Lincoln,Accounting Manager,23 Tsawassen Blvd.,Tsawassen,BC,T2F 8M4,Canada,(604) 555-4729,4,Margaret Peacock,Sales Representative,5-3-1993,Redmond,USA,2,United Package,(503) 555-3199,7,"Pavlova, Ltd.",Ian Devling,Australia
10431,40,Boston Crab Meat,Seafood,Seaweed and fish,14.7,18.4,50,0.25,551.25,1-30-1997,2-13-1997,2-7-1997,44.17,Bottom-Dollar Markets,23 Tsawassen Blvd.,Tsawassen,BC,T2F 8M4,Canada,24 - 4 oz tins,123,0,30,0,BOTTM,Bottom-Dollar Markets,Elizabeth Lincoln,Accounting Manager,23 Tsawassen Blvd.,Tsawassen,BC,T2F 8M4,Canada,(604) 555-4729,4,Margaret Peacock,Sales Representative,5-3-1993,Redmond,USA,2,United Package,(503) 555-3199,19,New England Seafood Cannery,Robb Merchant,USA
10431,47,Zaanse koeken,Confections,"Desserts, candies, and sweet breads",7.6,9.5,30,0.25,171.0,1-30-1997,2-13-1997,2-7-1997,44.17,Bottom-Dollar Markets,23 Tsawassen Blvd.,Tsawassen,BC,T2F 8M4,Canada,10 - 4 oz boxes,36,0,0,0,BOTTM,Bottom-Dollar Markets,Elizabeth Lincoln,Accounting Manager,23 Tsawassen Blvd.,Tsawassen,BC,T2F 8M4,Canada,(604) 555-4729,4,Margaret Peacock,Sales Representative,5-3-1993,Redmond,USA,2,United Package,(503) 555-3199,22,Zaanse Snoepfabriek,Dirk Luchte,Netherlands
10432,26,Gumb r Gummib rchen,Confections,"Desserts, candies, and sweet breads",24.9,31.23,10,0,249.0,1-31-1997,2-14-1997,2-7-1997,4.34,Split Rail Beer & Ale,P.O. Box 555,Lander,WY,82520,USA,100 - 250 g bags,15,0,0,0,SPLIR,Split Rail Beer & Ale,Art Braunschweiger,Sales Manager,P.O. Box 555,Lander,WY,82520,USA,(307) 555-4680,3,Janet Leverling,Sales Representative,4-1-1992,Kirkland,USA,2,United Package,(503) 555-3199,11,Heli S  waren GmbH & Co. KG,Petra Winkler,Germany
10432,54,Tourti re,Meat/Poultry,Prepared meats,5.9,7.45,40,0,236.0,1-31-1997,2-14-1997,2-7-1997,4.34,Split Rail Beer & Ale,P.O. Box 555,Lander,WY,82520,USA,16 pies,21,0,10,0,SPLIR,Split Rail Beer & Ale,Art Braunschweiger,Sales Manager,P.O. Box 555,Lander,WY,82520,USA,(307) 555-4680,3,Janet Leverling,Sales Representative,4-1-1992,Kirkland,USA,2,United Package,(503) 555-3199,25,Ma Maison,Jean-Guy Lauzon,Canada
10433,56,Gnocchi di nonna Alice,Grains/Cereals,"Breads, crackers, pasta, and cereal",30.4,38,28,0,851.2,2-3-1997,3-3-1997,3-4-1997,73.83,Princesa Isabel Vinhos,Estrada da sa de n. 58,Lisboa,,1756,Portugal,24 - 250 g pkgs.,21,10,30,0,PRINI,Princesa Isabel Vinhos,Isabel de Castro,Sales Representative,Estrada da sa de n. 58,Lisboa,,1756,Portugal,(1) 356-5634,3,Janet Leverling,Sales Representative,4-1-1992,Kirkland,USA,3,Federal Shipping,(503) 555-9931,26,Pasta Buttini s.r.l.,Giovanni Giudici,Italy
10434,11,Queso Cabrales,Dairy Products,Cheeses,16.8,21,6,0,100.8,2-3-1997,3-3-1997,2-13-1997,17.92,Folk och f  HB,kergatan 24,Br cke,,S-844 67,Sweden,1 kg pkg.,22,30,30,0,FOLKO,Folk och f  HB,Maria Larsson,Owner,kergatan 24,Br cke,,S-844 67,Sweden,0695-34 67 21,3,Janet Leverling,Sales Representative,4-1-1992,Kirkland,USA,2,United Package,(503) 555-3199,5,Cooperativa de Quesos 'Las Cabras',Antonio del Valle Saavedra,Spain
10434,76,Lakkalik  ri,Beverages,"Soft drinks, coffees, teas, beers, and ales",14.4,18,18,0.15,220.32,2-3-1997,3-3-1997,2-13-1997,17.92,Folk och f  HB,kergatan 24,Br cke,,S-844 67,Sweden,500 ml,57,0,20,0,FOLKO,Folk och f  HB,Maria Larsson,Owner,kergatan 24,Br cke,,S-844 67,Sweden,0695-34 67 21,3,Janet Leverling,Sales Representative,4-1-1992,Kirkland,USA,2,United Package,(503) 555-3199,23,Karkki Oy,Anne Heikkonen,Finland
10435,2,Chang,Beverages,"Soft drinks, coffees, teas, beers, and ales",15.2,19,10,0,152.0,2-4-1997,3-18-1997,2-7-1997,9.21,Consolidated Holdings,Berkeley Gardens 12  Brewery,London,,WX1 6LT,UK,24 - 12 oz bottles,17,40,25,1,CONSH,Consolidated Holdings,Elizabeth Brown,Sales Representative,Berkeley Gardens 12  Brewery,London,,WX1 6LT,UK,(171) 555-2282,8,Laura Callahan,Inside Sales Coordinator,3-5-1994,Seattle,USA,2,United Package,(503) 555-3199,1,Exotic Liquids,Charlotte Cooper,UK
10435,22,Gustaf's Kn ckebr d,Grains/Cereals,"Breads, crackers, pasta, and cereal",16.8,21,12,0,201.6,2-4-1997,3-18-1997,2-7-1997,9.21,Consolidated Holdings,Berkeley Gardens 12  Brewery,London,,WX1 6LT,UK,24 - 500 g pkgs.,104,0,25,0,CONSH,Consolidated Holdings,Elizabeth Brown,Sales Representative,Berkeley Gardens 12  Brewery,London,,WX1 6LT,UK,(171) 555-2282,8,Laura Callahan,Inside Sales Coordinator,3-5-1994,Seattle,USA,2,United Package,(503) 555-3199,9,PB Kn ckebr d AB,Lars Peterson,Sweden
10435,72,Mozzarella di Giovanni,Dairy Products,Cheeses,27.8,34.8,10,0,278.0,2-4-1997,3-18-1997,2-7-1997,9.21,Consolidated Holdings,Berkeley Gardens 12  Brewery,London,,WX1 6LT,UK,24 - 200 g pkgs.,14,0,0,0,CONSH,Consolidated Holdings,Elizabeth Brown,Sales Representative,Berkeley Gardens 12  Brewery,London,,WX1 6LT,UK,(171) 555-2282,8,Laura Callahan,Inside Sales Coordinator,3-5-1994,Seattle,USA,2,United Package,(503) 555-3199,14,Formaggi Fortini s.r.l.,Elio Rossi,Italy
10436,46,Spegesild,Seafood,Seaweed and fish,9.6,12,5,0,48.0,2-5-1997,3-5-1997,2-11-1997,156.66,Blondel p re et fils,"24, place Kl ber",Strasbourg,,67000,France,4 - 450 g glasses,95,0,0,0,BLONP,Blondesddsl p re et fils,Fr d rique Citeaux,Marketing Manager,"24, place Kl ber",Strasbourg,,67000,France,88.60.15.31,3,Janet Leverling,Sales Representative,4-1-1992,Kirkland,USA,2,United Package,(503) 555-3199,21,Lyngbysild,Niels Petersen,Denmark
10436,56,Gnocchi di nonna Alice,Grains/Cereals,"Breads, crackers, pasta, and cereal",30.4,38,40,0.1,1094.4,2-5-1997,3-5-1997,2-11-1997,156.66,Blondel p re et fils,"24, place Kl ber",Strasbourg,,67000,France,24 - 250 g pkgs.,21,10,30,0,BLONP,Blondesddsl p re et fils,Fr d rique Citeaux,Marketing Manager,"24, place Kl ber",Strasbourg,,67000,France,88.60.15.31,3,Janet Leverling,Sales Representative,4-1-1992,Kirkland,USA,2,United Package,(503) 555-3199,26,Pasta Buttini s.r.l.,Giovanni Giudici,Italy
10436,64,Wimmers gute Semmelkn del,Grains/Cereals,"Breads, crackers, pasta, and cereal",26.6,33.25,30,0.1,718.2,2-5-1997,3-5-1997,2-11-1997,156.66,Blondel p re et fils,"24, place Kl ber",Strasbourg,,67000,France,20 bags x 4 pieces,22,80,30,0,BLONP,Blondesddsl p re et fils,Fr d rique Citeaux,Marketing Manager,"24, place Kl ber",Strasbourg,,67000,France,88.60.15.31,3,Janet Leverling,Sales Representative,4-1-1992,Kirkland,USA,2,United Package,(503) 555-3199,12,Plutzer Lebensmittelgro m rkte AG,Martin Bein,Germany
10436,75,Rh nbr u Klosterbier,Beverages,"Soft drinks, coffees, teas, beers, and ales",6.2,7.75,24,0.1,133.92,2-5-1997,3-5-1997,2-11-1997,156.66,Blondel p re et fils,"24, place Kl ber",Strasbourg,,67000,France,24 - 0.5 l bottles,125,0,25,0,BLONP,Blondesddsl p re et fils,Fr d rique Citeaux,Marketing Manager,"24, place Kl ber",Strasbourg,,67000,France,88.60.15.31,3,Janet Leverling,Sales Representative,4-1-1992,Kirkland,USA,2,United Package,(503) 555-3199,12,Plutzer Lebensmittelgro m rkte AG,Martin Bein,Germany
10437,53,Perth Pasties,Meat/Poultry,Prepared meats,26.2,32.8,15,0,393.0,2-5-1997,3-5-1997,2-12-1997,19.97,Wartian Herkku,Torikatu 38,Oulu,,90110,Finland,48 pieces,0,0,0,1,WARTH,Wartian Herkku,Pirkko Koskitalo,Accounting Manager,Torikatu 38,Oulu,,90110,Finland,981-443655,8,Laura Callahan,Inside Sales Coordinator,3-5-1994,Seattle,USA,1,Speedy Express,(503) 555-9831,24,"G'day, Mate",Wendy Mackenzie,Australia
10438,19,Teatime Chocolate Biscuits,Confections,"Desserts, candies, and sweet breads",7.3,9.2,15,0.2,87.6,2-6-1997,3-6-1997,2-14-1997,8.24,Toms Spezialit ten,Luisenstr. 48,M nster,,44087,Germany,10 boxes x 12 pieces,25,0,5,0,TOMSP,Toms Spezialit ten,Karin Josephs,Marketing Manager,Luisenstr. 48,M nster,,44087,Germany,0251-031259,3,Janet Leverling,Sales Representative,4-1-1992,Kirkland,USA,2,United Package,(503) 555-3199,8,"Specialty Biscuits, Ltd.",Peter Wilson,UK
10438,34,Sasquatch Ale,Beverages,"Soft drinks, coffees, teas, beers, and ales",11.2,14,20,0.2,179.2,2-6-1997,3-6-1997,2-14-1997,8.24,Toms Spezialit ten,Luisenstr. 48,M nster,,44087,Germany,24 - 12 oz bottles,111,0,15,0,TOMSP,Toms Spezialit ten,Karin Josephs,Marketing Manager,Luisenstr. 48,M nster,,44087,Germany,0251-031259,3,Janet Leverling,Sales Representative,4-1-1992,Kirkland,USA,2,United Package,(503) 555-3199,16,Bigfoot Breweries,Cheryl Saylor,USA
10438,57,Ravioli Angelo,Grains/Cereals,"Breads, crackers, pasta, and cereal",15.6,19.5,15,0.2,187.2,2-6-1997,3-6-1997,2-14-1997,8.24,Toms Spezialit ten,Luisenstr. 48,M nster,,44087,Germany,24 - 250 g pkgs.,36,0,20,0,TOMSP,Toms Spezialit ten,Karin Josephs,Marketing Manager,Luisenstr. 48,M nster,,44087,Germany,0251-031259,3,Janet Leverling,Sales Representative,4-1-1992,Kirkland,USA,2,United Package,(503) 555-3199,26,Pasta Buttini s.r.l.,Giovanni Giudici,Italy
10439,12,Queso Manchego La Pastora,Dairy Products,Cheeses,30.4,38,15,0,456.0,2-7-1997,3-7-1997,2-10-1997,4.07,M re Paillarde,43 rue St. Laurent,Montr al,Qu bec,H1J 1C3,Canada,10 - 500 g pkgs.,86,0,0,0,MEREP,M re Paillarde,Jean Fresni re,Marketing Assistant,43 rue St. Laurent,Montr al,Qu bec,H1J 1C3,Canada,(514) 555-8054,6,Michael Suyama,Sales Representative,10-17-1993,London,UK,3,Federal Shipping,(503) 555-9931,5,Cooperativa de Quesos 'Las Cabras',Antonio del Valle Saavedra,Spain
10439,16,Pavlova,Confections,"Desserts, candies, and sweet breads",13.9,17.45,16,0,222.4,2-7-1997,3-7-1997,2-10-1997,4.07,M re Paillarde,43 rue St. Laurent,Montr al,Qu bec,H1J 1C3,Canada,32 - 500 g boxes,29,0,10,0,MEREP,M re Paillarde,Jean Fresni re,Marketing Assistant,43 rue St. Laurent,Montr al,Qu bec,H1J 1C3,Canada,(514) 555-8054,6,Michael Suyama,Sales Representative,10-17-1993,London,UK,3,Federal Shipping,(503) 555-9931,7,"Pavlova, Ltd.",Ian Devling,Australia
10439,64,Wimmers gute Semmelkn del,Grains/Cereals,"Breads, crackers, pasta, and cereal",26.6,33.25,6,0,159.6,2-7-1997,3-7-1997,2-10-1997,4.07,M re Paillarde,43 rue St. Laurent,Montr al,Qu bec,H1J 1C3,Canada,20 bags x 4 pieces,22,80,30,0,MEREP,M re Paillarde,Jean Fresni re,Marketing Assistant,43 rue St. Laurent,Montr al,Qu bec,H1J 1C3,Canada,(514) 555-8054,6,Michael Suyama,Sales Representative,10-17-1993,London,UK,3,Federal Shipping,(503) 555-9931,12,Plutzer Lebensmittelgro m rkte AG,Martin Bein,Germany
10439,74,Longlife Tofu,Produce,Dried fruit and bean curd,8,10,30,0,240.0,2-7-1997,3-7-1997,2-10-1997,4.07,M re Paillarde,43 rue St. Laurent,Montr al,Qu bec,H1J 1C3,Canada,5 kg pkg.,4,20,5,0,MEREP,M re Paillarde,Jean Fresni re,Marketing Assistant,43 rue St. Laurent,Montr al,Qu bec,H1J 1C3,Canada,(514) 555-8054,6,Michael Suyama,Sales Representative,10-17-1993,London,UK,3,Federal Shipping,(503) 555-9931,4,Tokyo Traders,Yoshi Nagase,Japan
10440,2,Chang,Beverages,"Soft drinks, coffees, teas, beers, and ales",15.2,19,45,0.15,581.4,2-10-1997,3-10-1997,2-28-1997,86.53,Save-a-lot Markets,187 Suffolk Ln.,Boise,ID,83720,USA,24 - 12 oz bottles,17,40,25,1,SAVEA,Save-a-lot Markets,Jose Pavarotti,Sales Representative,187 Suffolk Ln.,Boise,ID,83720,USA,(208) 555-8097,4,Margaret Peacock,Sales Representative,5-3-1993,Redmond,USA,2,United Package,(503) 555-3199,1,Exotic Liquids,Charlotte Cooper,UK
10440,16,Pavlova,Confections,"Desserts, candies, and sweet breads",13.9,17.45,49,0.15,578.94,2-10-1997,3-10-1997,2-28-1997,86.53,Save-a-lot Markets,187 Suffolk Ln.,Boise,ID,83720,USA,32 - 500 g boxes,29,0,10,0,SAVEA,Save-a-lot Markets,Jose Pavarotti,Sales Representative,187 Suffolk Ln.,Boise,ID,83720,USA,(208) 555-8097,4,Margaret Peacock,Sales Representative,5-3-1993,Redmond,USA,2,United Package,(503) 555-3199,7,"Pavlova, Ltd.",Ian Devling,Australia
10440,29,Th ringer Rostbratwurst,Meat/Poultry,Prepared meats,99,123.79,24,0.15,2019.6,2-10-1997,3-10-1997,2-28-1997,86.53,Save-a-lot Markets,187 Suffolk Ln.,Boise,ID,83720,USA,50 bags x 30 sausgs.,0,0,0,1,SAVEA,Save-a-lot Markets,Jose Pavarotti,Sales Representative,187 Suffolk Ln.,Boise,ID,83720,USA,(208) 555-8097,4,Margaret Peacock,Sales Representative,5-3-1993,Redmond,USA,2,United Package,(503) 555-3199,12,Plutzer Lebensmittelgro m rkte AG,Martin Bein,Germany
10440,61,Sirop d' rable,Condiments,"Sweet and savory sauces, relishes, spreads, and seasonings",22.8,28.5,90,0.15,1744.2,2-10-1997,3-10-1997,2-28-1997,86.53,Save-a-lot Markets,187 Suffolk Ln.,Boise,ID,83720,USA,24 - 500 ml bottles,113,0,25,0,SAVEA,Save-a-lot Markets,Jose Pavarotti,Sales Representative,187 Suffolk Ln.,Boise,ID,83720,USA,(208) 555-8097,4,Margaret Peacock,Sales Representative,5-3-1993,Redmond,USA,2,United Package,(503) 555-3199,29,For ts d' rables,Chantal Goulet,Canada
10441,27,Schoggi Schokolade,Confections,"Desserts, candies, and sweet breads",35.1,43.9,50,0,1755.0,2-10-1997,3-24-1997,3-14-1997,73.02,Old World Delicatessen,2743 Bering St.,Anchorage,AK,99508,USA,100 - 100 g pieces,49,0,30,0,OLDWO,Old World Delicatessen,Rene Phillips,Sales Representative,2743 Bering St.,Anchorage,AK,99508,USA,(907) 555-7584,3,Janet Leverling,Sales Representative,4-1-1992,Kirkland,USA,2,United Package,(503) 555-3199,11,Heli S  waren GmbH & Co. KG,Petra Winkler,Germany
10442,11,Queso Cabrales,Dairy Products,Cheeses,16.8,21,30,0,504.0,2-11-1997,3-11-1997,2-18-1997,47.94,Ernst Handel,Kirchgasse 6,Graz,,8010,Austria,1 kg pkg.,22,30,30,0,ERNSH,Ernst Handel,Roland Mendel,Sales Manager,Kirchgasse 6,Graz,,8010,Austria,7675-3425,3,Janet Leverling,Sales Representative,4-1-1992,Kirkland,USA,2,United Package,(503) 555-3199,5,Cooperativa de Quesos 'Las Cabras',Antonio del Valle Saavedra,Spain
10442,54,Tourti re,Meat/Poultry,Prepared meats,5.9,7.45,80,0,472.0,2-11-1997,3-11-1997,2-18-1997,47.94,Ernst Handel,Kirchgasse 6,Graz,,8010,Austria,16 pies,21,0,10,0,ERNSH,Ernst Handel,Roland Mendel,Sales Manager,Kirchgasse 6,Graz,,8010,Austria,7675-3425,3,Janet Leverling,Sales Representative,4-1-1992,Kirkland,USA,2,United Package,(503) 555-3199,25,Ma Maison,Jean-Guy Lauzon,Canada
10442,66,Louisiana Hot Spiced Okra,Condiments,"Sweet and savory sauces, relishes, spreads, and seasonings",13.6,17,60,0,816.0,2-11-1997,3-11-1997,2-18-1997,47.94,Ernst Handel,Kirchgasse 6,Graz,,8010,Austria,24 - 8 oz jars,4,100,20,0,ERNSH,Ernst Handel,Roland Mendel,Sales Manager,Kirchgasse 6,Graz,,8010,Austria,7675-3425,3,Janet Leverling,Sales Representative,4-1-1992,Kirkland,USA,2,United Package,(503) 555-3199,2,New Orleans Cajun Delights,Shelley Burke,USA
10443,11,Queso Cabrales,Dairy Products,Cheeses,16.8,21,6,0.2,80.64,2-12-1997,3-12-1997,2-14-1997,13.95,Reggiani Caseifici,Strada Provinciale 124,Reggio Emilia,,42100,Italy,1 kg pkg.,22,30,30,0,REGGC,Reggiani Caseifici,Maurizio Moroni,Sales Associate,Strada Provinciale 124,Reggio Emilia,,42100,Italy,0522-556721,8,Laura Callahan,Inside Sales Coordinator,3-5-1994,Seattle,USA,1,Speedy Express,(503) 555-9831,5,Cooperativa de Quesos 'Las Cabras',Antonio del Valle Saavedra,Spain
10443,28,R ssle Sauerkraut,Produce,Dried fruit and bean curd,36.4,45.6,12,0,436.8,2-12-1997,3-12-1997,2-14-1997,13.95,Reggiani Caseifici,Strada Provinciale 124,Reggio Emilia,,42100,Italy,25 - 825 g cans,26,0,0,1,REGGC,Reggiani Caseifici,Maurizio Moroni,Sales Associate,Strada Provinciale 124,Reggio Emilia,,42100,Italy,0522-556721,8,Laura Callahan,Inside Sales Coordinator,3-5-1994,Seattle,USA,1,Speedy Express,(503) 555-9831,12,Plutzer Lebensmittelgro m rkte AG,Martin Bein,Germany
10444,17,Alice Mutton,Meat/Poultry,Prepared meats,31.2,39,10,0,312.0,2-12-1997,3-12-1997,2-21-1997,3.5,Berglunds snabbk p,Berguvsv gen  8,Lule,,S-958 22,Sweden,20 - 1 kg tins,0,0,0,1,BERGS,Berglunds snabbk p,Christina Berglund,Order Administrator,Berguvsv gen  8,Lule,,S-958 22,Sweden,0921-12 34 65,3,Janet Leverling,Sales Representative,4-1-1992,Kirkland,USA,3,Federal Shipping,(503) 555-9931,7,"Pavlova, Ltd.",Ian Devling,Australia
10444,26,Gumb r Gummib rchen,Confections,"Desserts, candies, and sweet breads",24.9,31.23,15,0,373.5,2-12-1997,3-12-1997,2-21-1997,3.5,Berglunds snabbk p,Berguvsv gen  8,Lule,,S-958 22,Sweden,100 - 250 g bags,15,0,0,0,BERGS,Berglunds snabbk p,Christina Berglund,Order Administrator,Berguvsv gen  8,Lule,,S-958 22,Sweden,0921-12 34 65,3,Janet Leverling,Sales Representative,4-1-1992,Kirkland,USA,3,Federal Shipping,(503) 555-9931,11,Heli S  waren GmbH & Co. KG,Petra Winkler,Germany
10444,35,Steeleye Stout,Beverages,"Soft drinks, coffees, teas, beers, and ales",14.4,18,8,0,115.2,2-12-1997,3-12-1997,2-21-1997,3.5,Berglunds snabbk p,Berguvsv gen  8,Lule,,S-958 22,Sweden,24 - 12 oz bottles,20,0,15,0,BERGS,Berglunds snabbk p,Christina Berglund,Order Administrator,Berguvsv gen  8,Lule,,S-958 22,Sweden,0921-12 34 65,3,Janet Leverling,Sales Representative,4-1-1992,Kirkland,USA,3,Federal Shipping,(503) 555-9931,16,Bigfoot Breweries,Cheryl Saylor,USA
10444,41,Jack's New England Clam Chowder,Seafood,Seaweed and fish,7.7,9.65,30,0,231.0,2-12-1997,3-12-1997,2-21-1997,3.5,Berglunds snabbk p,Berguvsv gen  8,Lule,,S-958 22,Sweden,12 - 12 oz cans,85,0,10,0,BERGS,Berglunds snabbk p,Christina Berglund,Order Administrator,Berguvsv gen  8,Lule,,S-958 22,Sweden,0921-12 34 65,3,Janet Leverling,Sales Representative,4-1-1992,Kirkland,USA,3,Federal Shipping,(503) 555-9931,19,New England Seafood Cannery,Robb Merchant,USA
10445,39,Chartreuse verte,Beverages,"Soft drinks, coffees, teas, beers, and ales",14.4,18,6,0,86.4,2-13-1997,3-13-1997,2-20-1997,9.3,Berglunds snabbk p,Berguvsv gen  8,Lule,,S-958 22,Sweden,750 cc per bottle,69,0,5,0,BERGS,Berglunds snabbk p,Christina Berglund,Order Administrator,Berguvsv gen  8,Lule,,S-958 22,Sweden,0921-12 34 65,3,Janet Leverling,Sales Representative,4-1-1992,Kirkland,USA,1,Speedy Express,(503) 555-9831,18,Aux joyeux eccl siastiques,Guyl ne Nodier,France
10445,54,Tourti re,Meat/Poultry,Prepared meats,5.9,7.45,15,0,88.5,2-13-1997,3-13-1997,2-20-1997,9.3,Berglunds snabbk p,Berguvsv gen  8,Lule,,S-958 22,Sweden,16 pies,21,0,10,0,BERGS,Berglunds snabbk p,Christina Berglund,Order Administrator,Berguvsv gen  8,Lule,,S-958 22,Sweden,0921-12 34 65,3,Janet Leverling,Sales Representative,4-1-1992,Kirkland,USA,1,Speedy Express,(503) 555-9831,25,Ma Maison,Jean-Guy Lauzon,Canada
10446,19,Teatime Chocolate Biscuits,Confections,"Desserts, candies, and sweet breads",7.3,9.2,12,0.1,78.84,2-14-1997,3-14-1997,2-19-1997,14.68,Toms Spezialit ten,Luisenstr. 48,M nster,,44087,Germany,10 boxes x 12 pieces,25,0,5,0,TOMSP,Toms Spezialit ten,Karin Josephs,Marketing Manager,Luisenstr. 48,M nster,,44087,Germany,0251-031259,6,Michael Suyama,Sales Representative,10-17-1993,London,UK,1,Speedy Express,(503) 555-9831,8,"Specialty Biscuits, Ltd.",Peter Wilson,UK
10446,24,Guaran  Fant stica,Beverages,"Soft drinks, coffees, teas, beers, and ales",3.6,4.5,20,0.1,64.8,2-14-1997,3-14-1997,2-19-1997,14.68,Toms Spezialit ten,Luisenstr. 48,M nster,,44087,Germany,12 - 355 ml cans,20,0,0,1,TOMSP,Toms Spezialit ten,Karin Josephs,Marketing Manager,Luisenstr. 48,M nster,,44087,Germany,0251-031259,6,Michael Suyama,Sales Representative,10-17-1993,London,UK,1,Speedy Express,(503) 555-9831,10,Refrescos Americanas LTDA,Carlos Diaz,Brazil
10446,31,Gorgonzola Telino,Dairy Products,Cheeses,10,12.5,3,0.1,27.0,2-14-1997,3-14-1997,2-19-1997,14.68,Toms Spezialit ten,Luisenstr. 48,M nster,,44087,Germany,12 - 100 g pkgs,0,70,20,0,TOMSP,Toms Spezialit ten,Karin Josephs,Marketing Manager,Luisenstr. 48,M nster,,44087,Germany,0251-031259,6,Michael Suyama,Sales Representative,10-17-1993,London,UK,1,Speedy Express,(503) 555-9831,14,Formaggi Fortini s.r.l.,Elio Rossi,Italy
10446,52,Filo Mix,Grains/Cereals,"Breads, crackers, pasta, and cereal",5.6,7,15,0.1,75.6,2-14-1997,3-14-1997,2-19-1997,14.68,Toms Spezialit ten,Luisenstr. 48,M nster,,44087,Germany,16 - 2 kg boxes,38,0,25,0,TOMSP,Toms Spezialit ten,Karin Josephs,Marketing Manager,Luisenstr. 48,M nster,,44087,Germany,0251-031259,6,Michael Suyama,Sales Representative,10-17-1993,London,UK,1,Speedy Express,(503) 555-9831,24,"G'day, Mate",Wendy Mackenzie,Australia
10447,19,Teatime Chocolate Biscuits,Confections,"Desserts, candies, and sweet breads",7.3,9.2,40,0,292.0,2-14-1997,3-14-1997,3-7-1997,68.66,Ricardo Adocicados,"Av. Copacabana, 267",Rio de Janeiro,RJ,02389-890,Brazil,10 boxes x 12 pieces,25,0,5,0,RICAR,Ricardo Adocicados,Janete Limeira,Assistant Sales Agent,"Av. Copacabana, 267",Rio de Janeiro,RJ,02389-890,Brazil,(21) 555-3412,4,Margaret Peacock,Sales Representative,5-3-1993,Redmond,USA,2,United Package,(503) 555-3199,8,"Specialty Biscuits, Ltd.",Peter Wilson,UK
10447,65,Louisiana Fiery Hot Pepper Sauce,Condiments,"Sweet and savory sauces, relishes, spreads, and seasonings",16.8,21.05,35,0,588.0,2-14-1997,3-14-1997,3-7-1997,68.66,Ricardo Adocicados,"Av. Copacabana, 267",Rio de Janeiro,RJ,02389-890,Brazil,32 - 8 oz bottles,76,0,0,0,RICAR,Ricardo Adocicados,Janete Limeira,Assistant Sales Agent,"Av. Copacabana, 267",Rio de Janeiro,RJ,02389-890,Brazil,(21) 555-3412,4,Margaret Peacock,Sales Representative,5-3-1993,Redmond,USA,2,United Package,(503) 555-3199,2,New Orleans Cajun Delights,Shelley Burke,USA
10447,71,Flotemysost,Dairy Products,Cheeses,17.2,21.5,2,0,34.4,2-14-1997,3-14-1997,3-7-1997,68.66,Ricardo Adocicados,"Av. Copacabana, 267",Rio de Janeiro,RJ,02389-890,Brazil,10 - 500 g pkgs.,26,0,0,0,RICAR,Ricardo Adocicados,Janete Limeira,Assistant Sales Agent,"Av. Copacabana, 267",Rio de Janeiro,RJ,02389-890,Brazil,(21) 555-3412,4,Margaret Peacock,Sales Representative,5-3-1993,Redmond,USA,2,United Package,(503) 555-3199,15,Norske Meierier,Beate Vileid,Norway
10448,26,Gumb r Gummib rchen,Confections,"Desserts, candies, and sweet breads",24.9,31.23,6,0,149.4,2-17-1997,3-17-1997,2-24-1997,38.82,Rancho grande,Av. del Libertador 900,Buenos Aires,,1010,Argentina,100 - 250 g bags,15,0,0,0,RANCH,Rancho grande,Sergio Guti rrez,Sales Representative,Av. del Libertador 900,Buenos Aires,,1010,Argentina,(1) 123-5555,4,Margaret Peacock,Sales Representative,5-3-1993,Redmond,USA,2,United Package,(503) 555-3199,11,Heli S  waren GmbH & Co. KG,Petra Winkler,Germany
10448,40,Boston Crab Meat,Seafood,Seaweed and fish,14.7,18.4,20,0,294.0,2-17-1997,3-17-1997,2-24-1997,38.82,Rancho grande,Av. del Libertador 900,Buenos Aires,,1010,Argentina,24 - 4 oz tins,123,0,30,0,RANCH,Rancho grande,Sergio Guti rrez,Sales Representative,Av. del Libertador 900,Buenos Aires,,1010,Argentina,(1) 123-5555,4,Margaret Peacock,Sales Representative,5-3-1993,Redmond,USA,2,United Package,(503) 555-3199,19,New England Seafood Cannery,Robb Merchant,USA
10449,10,Ikura,Seafood,Seaweed and fish,24.8,31,14,0,347.2,2-18-1997,3-18-1997,2-27-1997,53.3,Blondel p re et fils,"24, place Kl ber",Strasbourg,,67000,France,12 - 200 ml jars,31,0,0,0,BLONP,Blondesddsl p re et fils,Fr d rique Citeaux,Marketing Manager,"24, place Kl ber",Strasbourg,,67000,France,88.60.15.31,3,Janet Leverling,Sales Representative,4-1-1992,Kirkland,USA,2,United Package,(503) 555-3199,4,Tokyo Traders,Yoshi Nagase,Japan
10449,52,Filo Mix,Grains/Cereals,"Breads, crackers, pasta, and cereal",5.6,7,20,0,112.0,2-18-1997,3-18-1997,2-27-1997,53.3,Blondel p re et fils,"24, place Kl ber",Strasbourg,,67000,France,16 - 2 kg boxes,38,0,25,0,BLONP,Blondesddsl p re et fils,Fr d rique Citeaux,Marketing Manager,"24, place Kl ber",Strasbourg,,67000,France,88.60.15.31,3,Janet Leverling,Sales Representative,4-1-1992,Kirkland,USA,2,United Package,(503) 555-3199,24,"G'day, Mate",Wendy Mackenzie,Australia
10449,62,Tarte au sucre,Confections,"Desserts, candies, and sweet breads",39.4,49.3,35,0,1379.0,2-18-1997,3-18-1997,2-27-1997,53.3,Blondel p re et fils,"24, place Kl ber",Strasbourg,,67000,France,48 pies,17,0,0,0,BLONP,Blondesddsl p re et fils,Fr d rique Citeaux,Marketing Manager,"24, place Kl ber",Strasbourg,,67000,France,88.60.15.31,3,Janet Leverling,Sales Representative,4-1-1992,Kirkland,USA,2,United Package,(503) 555-3199,29,For ts d' rables,Chantal Goulet,Canada
10450,10,Ikura,Seafood,Seaweed and fish,24.8,31,20,0.2,396.8,2-19-1997,3-19-1997,3-11-1997,7.23,Victuailles en stock,"2, rue du Commerce",Lyon,,69004,France,12 - 200 ml jars,31,0,0,0,VICTE,Victuailles en stock,Mary Saveley,Sales Agent,"2, rue du Commerce",Lyon,,69004,France,78.32.54.86,8,Laura Callahan,Inside Sales Coordinator,3-5-1994,Seattle,USA,2,United Package,(503) 555-3199,4,Tokyo Traders,Yoshi Nagase,Japan
10450,54,Tourti re,Meat/Poultry,Prepared meats,5.9,7.45,6,0.2,28.32,2-19-1997,3-19-1997,3-11-1997,7.23,Victuailles en stock,"2, rue du Commerce",Lyon,,69004,France,16 pies,21,0,10,0,VICTE,Victuailles en stock,Mary Saveley,Sales Agent,"2, rue du Commerce",Lyon,,69004,France,78.32.54.86,8,Laura Callahan,Inside Sales Coordinator,3-5-1994,Seattle,USA,2,United Package,(503) 555-3199,25,Ma Maison,Jean-Guy Lauzon,Canada
10451,55,P t  chinois,Meat/Poultry,Prepared meats,19.2,24,120,0.1,2073.6,2-19-1997,3-5-1997,3-12-1997,189.09,QUICK-Stop,Taucherstra e 10,Cunewalde,,01307,Germany,24 boxes x 2 pies,115,0,20,0,QUICK,QUICK-Stop,Horst Kloss,Accounting Manager,Taucherstra e 10,Cunewalde,,01307,Germany,0372-035188,4,Margaret Peacock,Sales Representative,5-3-1993,Redmond,USA,3,Federal Shipping,(503) 555-9931,25,Ma Maison,Jean-Guy Lauzon,Canada
10451,64,Wimmers gute Semmelkn del,Grains/Cereals,"Breads, crackers, pasta, and cereal",26.6,33.25,35,0.1,837.9,2-19-1997,3-5-1997,3-12-1997,189.09,QUICK-Stop,Taucherstra e 10,Cunewalde,,01307,Germany,20 bags x 4 pieces,22,80,30,0,QUICK,QUICK-Stop,Horst Kloss,Accounting Manager,Taucherstra e 10,Cunewalde,,01307,Germany,0372-035188,4,Margaret Peacock,Sales Representative,5-3-1993,Redmond,USA,3,Federal Shipping,(503) 555-9931,12,Plutzer Lebensmittelgro m rkte AG,Martin Bein,Germany
10451,65,Louisiana Fiery Hot Pepper Sauce,Condiments,"Sweet and savory sauces, relishes, spreads, and seasonings",16.8,21.05,28,0.1,423.36,2-19-1997,3-5-1997,3-12-1997,189.09,QUICK-Stop,Taucherstra e 10,Cunewalde,,01307,Germany,32 - 8 oz bottles,76,0,0,0,QUICK,QUICK-Stop,Horst Kloss,Accounting Manager,Taucherstra e 10,Cunewalde,,01307,Germany,0372-035188,4,Margaret Peacock,Sales Representative,5-3-1993,Redmond,USA,3,Federal Shipping,(503) 555-9931,2,New Orleans Cajun Delights,Shelley Burke,USA
10451,77,Original Frankfurter gr ne So e,Condiments,"Sweet and savory sauces, relishes, spreads, and seasonings",10.4,13,55,0.1,514.8,2-19-1997,3-5-1997,3-12-1997,189.09,QUICK-Stop,Taucherstra e 10,Cunewalde,,01307,Germany,12 boxes,32,0,15,0,QUICK,QUICK-Stop,Horst Kloss,Accounting Manager,Taucherstra e 10,Cunewalde,,01307,Germany,0372-035188,4,Margaret Peacock,Sales Representative,5-3-1993,Redmond,USA,3,Federal Shipping,(503) 555-9931,12,Plutzer Lebensmittelgro m rkte AG,Martin Bein,Germany
10452,28,R ssle Sauerkraut,Produce,Dried fruit and bean curd,36.4,45.6,15,0,546.0,2-20-1997,3-20-1997,2-26-1997,140.26,Save-a-lot Markets,187 Suffolk Ln.,Boise,ID,83720,USA,25 - 825 g cans,26,0,0,1,SAVEA,Save-a-lot Markets,Jose Pavarotti,Sales Representative,187 Suffolk Ln.,Boise,ID,83720,USA,(208) 555-8097,8,Laura Callahan,Inside Sales Coordinator,3-5-1994,Seattle,USA,1,Speedy Express,(503) 555-9831,12,Plutzer Lebensmittelgro m rkte AG,Martin Bein,Germany
10452,44,Gula Malacca,Condiments,"Sweet and savory sauces, relishes, spreads, and seasonings",15.5,19.45,100,0.05,1472.5,2-20-1997,3-20-1997,2-26-1997,140.26,Save-a-lot Markets,187 Suffolk Ln.,Boise,ID,83720,USA,20 - 2 kg bags,27,0,15,0,SAVEA,Save-a-lot Markets,Jose Pavarotti,Sales Representative,187 Suffolk Ln.,Boise,ID,83720,USA,(208) 555-8097,8,Laura Callahan,Inside Sales Coordinator,3-5-1994,Seattle,USA,1,Speedy Express,(503) 555-9831,20,Leka Trading,Chandra Leka,Singapore
10453,48,Chocolade,Confections,"Desserts, candies, and sweet breads",10.2,12.75,15,0.1,137.7,2-21-1997,3-21-1997,2-26-1997,25.36,Around the Horn,Brook Farm Stratford St. Mary,Colchester,Essex,CO7 6JX,UK,10 pkgs.,15,70,25,0,AROUT,Around the Horn,Thomas Hardy,Sales Representative,120 Hanover Sq.,London,,WA1 1DP,UK,(171) 555-7788,1,Nancy Davolio,Sales Representative,5-1-1992,Seattle,USA,2,United Package,(503) 555-3199,22,Zaanse Snoepfabriek,Dirk Luchte,Netherlands
10453,70,Outback Lager,Beverages,"Soft drinks, coffees, teas, beers, and ales",12,15,25,0.1,270.0,2-21-1997,3-21-1997,2-26-1997,25.36,Around the Horn,Brook Farm Stratford St. Mary,Colchester,Essex,CO7 6JX,UK,24 - 355 ml bottles,15,10,30,0,AROUT,Around the Horn,Thomas Hardy,Sales Representative,120 Hanover Sq.,London,,WA1 1DP,UK,(171) 555-7788,1,Nancy Davolio,Sales Representative,5-1-1992,Seattle,USA,2,United Package,(503) 555-3199,7,"Pavlova, Ltd.",Ian Devling,Australia
10454,16,Pavlova,Confections,"Desserts, candies, and sweet breads",13.9,17.45,20,0.2,222.4,2-21-1997,3-21-1997,2-25-1997,2.74,La maison d'Asie,1 rue Alsace-Lorraine,Toulouse,,31000,France,32 - 500 g boxes,29,0,10,0,LAMAI,La maison d'Asie,Annette Roulet,Sales Manager,1 rue Alsace-Lorraine,Toulouse,,31000,France,61.77.61.10,4,Margaret Peacock,Sales Representative,5-3-1993,Redmond,USA,3,Federal Shipping,(503) 555-9931,7,"Pavlova, Ltd.",Ian Devling,Australia
10454,33,Geitost,Dairy Products,Cheeses,2,2.5,20,0.2,32.0,2-21-1997,3-21-1997,2-25-1997,2.74,La maison d'Asie,1 rue Alsace-Lorraine,Toulouse,,31000,France,500 g,112,0,20,0,LAMAI,La maison d'Asie,Annette Roulet,Sales Manager,1 rue Alsace-Lorraine,Toulouse,,31000,France,61.77.61.10,4,Margaret Peacock,Sales Representative,5-3-1993,Redmond,USA,3,Federal Shipping,(503) 555-9931,15,Norske Meierier,Beate Vileid,Norway
10454,46,Spegesild,Seafood,Seaweed and fish,9.6,12,10,0.2,76.8,2-21-1997,3-21-1997,2-25-1997,2.74,La maison d'Asie,1 rue Alsace-Lorraine,Toulouse,,31000,France,4 - 450 g glasses,95,0,0,0,LAMAI,La maison d'Asie,Annette Roulet,Sales Manager,1 rue Alsace-Lorraine,Toulouse,,31000,France,61.77.61.10,4,Margaret Peacock,Sales Representative,5-3-1993,Redmond,USA,3,Federal Shipping,(503) 555-9931,21,Lyngbysild,Niels Petersen,Denmark
10455,39,Chartreuse verte,Beverages,"Soft drinks, coffees, teas, beers, and ales",14.4,18,20,0,288.0,2-24-1997,4-7-1997,3-3-1997,180.45,Wartian Herkku,Torikatu 38,Oulu,,90110,Finland,750 cc per bottle,69,0,5,0,WARTH,Wartian Herkku,Pirkko Koskitalo,Accounting Manager,Torikatu 38,Oulu,,90110,Finland,981-443655,8,Laura Callahan,Inside Sales Coordinator,3-5-1994,Seattle,USA,2,United Package,(503) 555-3199,18,Aux joyeux eccl siastiques,Guyl ne Nodier,France
10455,53,Perth Pasties,Meat/Poultry,Prepared meats,26.2,32.8,50,0,1310.0,2-24-1997,4-7-1997,3-3-1997,180.45,Wartian Herkku,Torikatu 38,Oulu,,90110,Finland,48 pieces,0,0,0,1,WARTH,Wartian Herkku,Pirkko Koskitalo,Accounting Manager,Torikatu 38,Oulu,,90110,Finland,981-443655,8,Laura Callahan,Inside Sales Coordinator,3-5-1994,Seattle,USA,2,United Package,(503) 555-3199,24,"G'day, Mate",Wendy Mackenzie,Australia
10455,61,Sirop d' rable,Condiments,"Sweet and savory sauces, relishes, spreads, and seasonings",22.8,28.5,25,0,570.0,2-24-1997,4-7-1997,3-3-1997,180.45,Wartian Herkku,Torikatu 38,Oulu,,90110,Finland,24 - 500 ml bottles,113,0,25,0,WARTH,Wartian Herkku,Pirkko Koskitalo,Accounting Manager,Torikatu 38,Oulu,,90110,Finland,981-443655,8,Laura Callahan,Inside Sales Coordinator,3-5-1994,Seattle,USA,2,United Package,(503) 555-3199,29,For ts d' rables,Chantal Goulet,Canada
10455,71,Flotemysost,Dairy Products,Cheeses,17.2,21.5,30,0,516.0,2-24-1997,4-7-1997,3-3-1997,180.45,Wartian Herkku,Torikatu 38,Oulu,,90110,Finland,10 - 500 g pkgs.,26,0,0,0,WARTH,Wartian Herkku,Pirkko Koskitalo,Accounting Manager,Torikatu 38,Oulu,,90110,Finland,981-443655,8,Laura Callahan,Inside Sales Coordinator,3-5-1994,Seattle,USA,2,United Package,(503) 555-3199,15,Norske Meierier,Beate Vileid,Norway
10456,21,Sir Rodney's Scones,Confections,"Desserts, candies, and sweet breads",8,10,40,0.15,272.0,2-25-1997,4-8-1997,2-28-1997,8.12,K niglich Essen,Maubelstr. 90,Brandenburg,,14776,Germany,24 pkgs. x 4 pieces,3,40,5,0,KOENE,K niglich Essen,Philip Cramer,Sales Associate,Maubelstr. 90,Brandenburg,,14776,Germany,0555-09876,8,Laura Callahan,Inside Sales Coordinator,3-5-1994,Seattle,USA,2,United Package,(503) 555-3199,8,"Specialty Biscuits, Ltd.",Peter Wilson,UK
10456,49,Maxilaku,Confections,"Desserts, candies, and sweet breads",16,20,21,0.15,285.6,2-25-1997,4-8-1997,2-28-1997,8.12,K niglich Essen,Maubelstr. 90,Brandenburg,,14776,Germany,24 - 50 g pkgs.,10,60,15,0,KOENE,K niglich Essen,Philip Cramer,Sales Associate,Maubelstr. 90,Brandenburg,,14776,Germany,0555-09876,8,Laura Callahan,Inside Sales Coordinator,3-5-1994,Seattle,USA,2,United Package,(503) 555-3199,23,Karkki Oy,Anne Heikkonen,Finland
10457,59,Raclette Courdavault,Dairy Products,Cheeses,44,55,36,0,1584.0,2-25-1997,3-25-1997,3-3-1997,11.57,K niglich Essen,Maubelstr. 90,Brandenburg,,14776,Germany,5 kg pkg.,79,0,0,0,KOENE,K niglich Essen,Philip Cramer,Sales Associate,Maubelstr. 90,Brandenburg,,14776,Germany,0555-09876,2,Andrew Fuller,"Vice President, Sales",8-14-1992,Tacoma,USA,1,Speedy Express,(503) 555-9831,28,Gai p turage,Eliane Noz,France
10458,26,Gumb r Gummib rchen,Confections,"Desserts, candies, and sweet breads",24.9,31.23,30,0,747.0,2-26-1997,3-26-1997,3-4-1997,147.06,Supr mes d lices,"Boulevard Tirou, 255",Charleroi,,B-6000,Belgium,100 - 250 g bags,15,0,0,0,SUPRD,Supr mes d lices,Pascale Cartrain,Accounting Manager,"Boulevard Tirou, 255",Charleroi,,B-6000,Belgium,(071) 23 67 22 20,7,Robert King,Sales Representative,1-2-1994,London,UK,3,Federal Shipping,(503) 555-9931,11,Heli S  waren GmbH & Co. KG,Petra Winkler,Germany
10458,28,R ssle Sauerkraut,Produce,Dried fruit and bean curd,36.4,45.6,30,0,1092.0,2-26-1997,3-26-1997,3-4-1997,147.06,Supr mes d lices,"Boulevard Tirou, 255",Charleroi,,B-6000,Belgium,25 - 825 g cans,26,0,0,1,SUPRD,Supr mes d lices,Pascale Cartrain,Accounting Manager,"Boulevard Tirou, 255",Charleroi,,B-6000,Belgium,(071) 23 67 22 20,7,Robert King,Sales Representative,1-2-1994,London,UK,3,Federal Shipping,(503) 555-9931,12,Plutzer Lebensmittelgro m rkte AG,Martin Bein,Germany
10458,43,Ipoh Coffee,Beverages,"Soft drinks, coffees, teas, beers, and ales",36.8,46,20,0,736.0,2-26-1997,3-26-1997,3-4-1997,147.06,Supr mes d lices,"Boulevard Tirou, 255",Charleroi,,B-6000,Belgium,16 - 500 g tins,17,10,25,0,SUPRD,Supr mes d lices,Pascale Cartrain,Accounting Manager,"Boulevard Tirou, 255",Charleroi,,B-6000,Belgium,(071) 23 67 22 20,7,Robert King,Sales Representative,1-2-1994,London,UK,3,Federal Shipping,(503) 555-9931,20,Leka Trading,Chandra Leka,Singapore
10458,56,Gnocchi di nonna Alice,Grains/Cereals,"Breads, crackers, pasta, and cereal",30.4,38,15,0,456.0,2-26-1997,3-26-1997,3-4-1997,147.06,Supr mes d lices,"Boulevard Tirou, 255",Charleroi,,B-6000,Belgium,24 - 250 g pkgs.,21,10,30,0,SUPRD,Supr mes d lices,Pascale Cartrain,Accounting Manager,"Boulevard Tirou, 255",Charleroi,,B-6000,Belgium,(071) 23 67 22 20,7,Robert King,Sales Representative,1-2-1994,London,UK,3,Federal Shipping,(503) 555-9931,26,Pasta Buttini s.r.l.,Giovanni Giudici,Italy
10458,71,Flotemysost,Dairy Products,Cheeses,17.2,21.5,50,0,860.0,2-26-1997,3-26-1997,3-4-1997,147.06,Supr mes d lices,"Boulevard Tirou, 255",Charleroi,,B-6000,Belgium,10 - 500 g pkgs.,26,0,0,0,SUPRD,Supr mes d lices,Pascale Cartrain,Accounting Manager,"Boulevard Tirou, 255",Charleroi,,B-6000,Belgium,(071) 23 67 22 20,7,Robert King,Sales Representative,1-2-1994,London,UK,3,Federal Shipping,(503) 555-9931,15,Norske Meierier,Beate Vileid,Norway
10459,7,Uncle Bob's Organic Dried Pears,Produce,Dried fruit and bean curd,24,30,16,0.05,364.8,2-27-1997,3-27-1997,2-28-1997,25.09,Victuailles en stock,"2, rue du Commerce",Lyon,,69004,France,12 - 1 lb pkgs.,15,0,10,0,VICTE,Victuailles en stock,Mary Saveley,Sales Agent,"2, rue du Commerce",Lyon,,69004,France,78.32.54.86,4,Margaret Peacock,Sales Representative,5-3-1993,Redmond,USA,2,United Package,(503) 555-3199,3,Grandma Kelly's Homestead,Regina Murphy,USA
10459,46,Spegesild,Seafood,Seaweed and fish,9.6,12,20,0.05,182.4,2-27-1997,3-27-1997,2-28-1997,25.09,Victuailles en stock,"2, rue du Commerce",Lyon,,69004,France,4 - 450 g glasses,95,0,0,0,VICTE,Victuailles en stock,Mary Saveley,Sales Agent,"2, rue du Commerce",Lyon,,69004,France,78.32.54.86,4,Margaret Peacock,Sales Representative,5-3-1993,Redmond,USA,2,United Package,(503) 555-3199,21,Lyngbysild,Niels Petersen,Denmark
10459,72,Mozzarella di Giovanni,Dairy Products,Cheeses,27.8,34.8,40,0,1112.0,2-27-1997,3-27-1997,2-28-1997,25.09,Victuailles en stock,"2, rue du Commerce",Lyon,,69004,France,24 - 200 g pkgs.,14,0,0,0,VICTE,Victuailles en stock,Mary Saveley,Sales Agent,"2, rue du Commerce",Lyon,,69004,France,78.32.54.86,4,Margaret Peacock,Sales Representative,5-3-1993,Redmond,USA,2,United Package,(503) 555-3199,14,Formaggi Fortini s.r.l.,Elio Rossi,Italy
10460,68,Scottish Longbreads,Confections,"Desserts, candies, and sweet breads",10,12.5,21,0.25,157.5,2-28-1997,3-28-1997,3-3-1997,16.27,Folk och f  HB,kergatan 24,Br cke,,S-844 67,Sweden,10 boxes x 8 pieces,6,10,15,0,FOLKO,Folk och f  HB,Maria Larsson,Owner,kergatan 24,Br cke,,S-844 67,Sweden,0695-34 67 21,8,Laura Callahan,Inside Sales Coordinator,3-5-1994,Seattle,USA,1,Speedy Express,(503) 555-9831,8,"Specialty Biscuits, Ltd.",Peter Wilson,UK
10460,75,Rh nbr u Klosterbier,Beverages,"Soft drinks, coffees, teas, beers, and ales",6.2,7.75,4,0.25,18.6,2-28-1997,3-28-1997,3-3-1997,16.27,Folk och f  HB,kergatan 24,Br cke,,S-844 67,Sweden,24 - 0.5 l bottles,125,0,25,0,FOLKO,Folk och f  HB,Maria Larsson,Owner,kergatan 24,Br cke,,S-844 67,Sweden,0695-34 67 21,8,Laura Callahan,Inside Sales Coordinator,3-5-1994,Seattle,USA,1,Speedy Express,(503) 555-9831,12,Plutzer Lebensmittelgro m rkte AG,Martin Bein,Germany
10461,21,Sir Rodney's Scones,Confections,"Desserts, candies, and sweet breads",8,10,40,0.25,240.0,2-28-1997,3-28-1997,3-5-1997,148.61,LILA-Supermercado,Carrera 52 con Ave. Bol var #65-98 Llano Largo,Barquisimeto,Lara,3508,Venezuela,24 pkgs. x 4 pieces,3,40,5,0,LILAS,LILA-Supermercado,Carlos Gonz lez,Accounting Manager,Carrera 52 con Ave. Bol var #65-98 Llano Largo,Barquisimeto,Lara,3508,Venezuela,(9) 331-6954,1,Nancy Davolio,Sales Representative,5-1-1992,Seattle,USA,3,Federal Shipping,(503) 555-9931,8,"Specialty Biscuits, Ltd.",Peter Wilson,UK
10461,30,Nord-Ost Matjeshering,Seafood,Seaweed and fish,20.7,25.89,28,0.25,434.7,2-28-1997,3-28-1997,3-5-1997,148.61,LILA-Supermercado,Carrera 52 con Ave. Bol var #65-98 Llano Largo,Barquisimeto,Lara,3508,Venezuela,10 - 200 g glasses,10,0,15,0,LILAS,LILA-Supermercado,Carlos Gonz lez,Accounting Manager,Carrera 52 con Ave. Bol var #65-98 Llano Largo,Barquisimeto,Lara,3508,Venezuela,(9) 331-6954,1,Nancy Davolio,Sales Representative,5-1-1992,Seattle,USA,3,Federal Shipping,(503) 555-9931,13,Nord-Ost-Fisch Handelsgesellschaft mbH,Sven Petersen,Germany
10461,55,P t  chinois,Meat/Poultry,Prepared meats,19.2,24,60,0.25,864.0,2-28-1997,3-28-1997,3-5-1997,148.61,LILA-Supermercado,Carrera 52 con Ave. Bol var #65-98 Llano Largo,Barquisimeto,Lara,3508,Venezuela,24 boxes x 2 pies,115,0,20,0,LILAS,LILA-Supermercado,Carlos Gonz lez,Accounting Manager,Carrera 52 con Ave. Bol var #65-98 Llano Largo,Barquisimeto,Lara,3508,Venezuela,(9) 331-6954,1,Nancy Davolio,Sales Representative,5-1-1992,Seattle,USA,3,Federal Shipping,(503) 555-9931,25,Ma Maison,Jean-Guy Lauzon,Canada
10462,13,Konbu,Seafood,Seaweed and fish,4.8,6,1,0,4.8,3-3-1997,3-31-1997,3-18-1997,6.17,Consolidated Holdings,Berkeley Gardens 12  Brewery,London,,WX1 6LT,UK,2 kg box,24,0,5,0,CONSH,Consolidated Holdings,Elizabeth Brown,Sales Representative,Berkeley Gardens 12  Brewery,London,,WX1 6LT,UK,(171) 555-2282,2,Andrew Fuller,"Vice President, Sales",8-14-1992,Tacoma,USA,1,Speedy Express,(503) 555-9831,6,Mayumi's,Mayumi Ohno,Japan
10462,23,Tunnbr d,Grains/Cereals,"Breads, crackers, pasta, and cereal",7.2,9,21,0,151.2,3-3-1997,3-31-1997,3-18-1997,6.17,Consolidated Holdings,Berkeley Gardens 12  Brewery,London,,WX1 6LT,UK,12 - 250 g pkgs.,61,0,25,0,CONSH,Consolidated Holdings,Elizabeth Brown,Sales Representative,Berkeley Gardens 12  Brewery,London,,WX1 6LT,UK,(171) 555-2282,2,Andrew Fuller,"Vice President, Sales",8-14-1992,Tacoma,USA,1,Speedy Express,(503) 555-9831,9,PB Kn ckebr d AB,Lars Peterson,Sweden
10463,19,Teatime Chocolate Biscuits,Confections,"Desserts, candies, and sweet breads",7.3,9.2,21,0,153.3,3-4-1997,4-1-1997,3-6-1997,14.78,Supr mes d lices,"Boulevard Tirou, 255",Charleroi,,B-6000,Belgium,10 boxes x 12 pieces,25,0,5,0,SUPRD,Supr mes d lices,Pascale Cartrain,Accounting Manager,"Boulevard Tirou, 255",Charleroi,,B-6000,Belgium,(071) 23 67 22 20,5,Steven Buchanan,Sales Manager,10-17-1993,London,UK,3,Federal Shipping,(503) 555-9931,8,"Specialty Biscuits, Ltd.",Peter Wilson,UK
10463,42,Singaporean Hokkien Fried Mee,Grains/Cereals,"Breads, crackers, pasta, and cereal",11.2,14,50,0,560.0,3-4-1997,4-1-1997,3-6-1997,14.78,Supr mes d lices,"Boulevard Tirou, 255",Charleroi,,B-6000,Belgium,32 - 1 kg pkgs.,26,0,0,1,SUPRD,Supr mes d lices,Pascale Cartrain,Accounting Manager,"Boulevard Tirou, 255",Charleroi,,B-6000,Belgium,(071) 23 67 22 20,5,Steven Buchanan,Sales Manager,10-17-1993,London,UK,3,Federal Shipping,(503) 555-9931,20,Leka Trading,Chandra Leka,Singapore
10464,4,Chef Anton's Cajun Seasoning,Condiments,"Sweet and savory sauces, relishes, spreads, and seasonings",17.6,22,16,0.2,225.28,3-4-1997,4-1-1997,3-14-1997,89,Furia Bacalhau e Frutos do Mar,Jardim das rosas n. 32,Lisboa,,1675,Portugal,48 - 6 oz jars,53,0,0,0,FURIB,Furia Bacalhau e Frutos do Mar,Lino Rodriguez,Sales Manager,Jardim das rosas n. 32,Lisboa,,1675,Portugal,(1) 354-2534,4,Margaret Peacock,Sales Representative,5-3-1993,Redmond,USA,2,United Package,(503) 555-3199,2,New Orleans Cajun Delights,Shelley Burke,USA
10464,43,Ipoh Coffee,Beverages,"Soft drinks, coffees, teas, beers, and ales",36.8,46,3,0,110.4,3-4-1997,4-1-1997,3-14-1997,89,Furia Bacalhau e Frutos do Mar,Jardim das rosas n. 32,Lisboa,,1675,Portugal,16 - 500 g tins,17,10,25,0,FURIB,Furia Bacalhau e Frutos do Mar,Lino Rodriguez,Sales Manager,Jardim das rosas n. 32,Lisboa,,1675,Portugal,(1) 354-2534,4,Margaret Peacock,Sales Representative,5-3-1993,Redmond,USA,2,United Package,(503) 555-3199,20,Leka Trading,Chandra Leka,Singapore
10464,56,Gnocchi di nonna Alice,Grains/Cereals,"Breads, crackers, pasta, and cereal",30.4,38,30,0.2,729.6,3-4-1997,4-1-1997,3-14-1997,89,Furia Bacalhau e Frutos do Mar,Jardim das rosas n. 32,Lisboa,,1675,Portugal,24 - 250 g pkgs.,21,10,30,0,FURIB,Furia Bacalhau e Frutos do Mar,Lino Rodriguez,Sales Manager,Jardim das rosas n. 32,Lisboa,,1675,Portugal,(1) 354-2534,4,Margaret Peacock,Sales Representative,5-3-1993,Redmond,USA,2,United Package,(503) 555-3199,26,Pasta Buttini s.r.l.,Giovanni Giudici,Italy
10464,60,Camembert Pierrot,Dairy Products,Cheeses,27.2,34,20,0,544.0,3-4-1997,4-1-1997,3-14-1997,89,Furia Bacalhau e Frutos do Mar,Jardim das rosas n. 32,Lisboa,,1675,Portugal,15 - 300 g rounds,19,0,0,0,FURIB,Furia Bacalhau e Frutos do Mar,Lino Rodriguez,Sales Manager,Jardim das rosas n. 32,Lisboa,,1675,Portugal,(1) 354-2534,4,Margaret Peacock,Sales Representative,5-3-1993,Redmond,USA,2,United Package,(503) 555-3199,28,Gai p turage,Eliane Noz,France
10465,24,Guaran  Fant stica,Beverages,"Soft drinks, coffees, teas, beers, and ales",3.6,4.5,25,0,90.0,3-5-1997,4-2-1997,3-14-1997,145.04,Vaffeljernet,Smagsloget 45,rhus,,8200,Denmark,12 - 355 ml cans,20,0,0,1,VAFFE,Vaffeljernet,Palle Ibsen,Sales Manager,Smagsloget 45,rhus,,8200,Denmark,86 21 32 43,1,Nancy Davolio,Sales Representative,5-1-1992,Seattle,USA,3,Federal Shipping,(503) 555-9931,10,Refrescos Americanas LTDA,Carlos Diaz,Brazil
10465,29,Th ringer Rostbratwurst,Meat/Poultry,Prepared meats,99,123.79,18,0.1,1603.8,3-5-1997,4-2-1997,3-14-1997,145.04,Vaffeljernet,Smagsloget 45,rhus,,8200,Denmark,50 bags x 30 sausgs.,0,0,0,1,VAFFE,Vaffeljernet,Palle Ibsen,Sales Manager,Smagsloget 45,rhus,,8200,Denmark,86 21 32 43,1,Nancy Davolio,Sales Representative,5-1-1992,Seattle,USA,3,Federal Shipping,(503) 555-9931,12,Plutzer Lebensmittelgro m rkte AG,Martin Bein,Germany
10465,40,Boston Crab Meat,Seafood,Seaweed and fish,14.7,18.4,20,0,294.0,3-5-1997,4-2-1997,3-14-1997,145.04,Vaffeljernet,Smagsloget 45,rhus,,8200,Denmark,24 - 4 oz tins,123,0,30,0,VAFFE,Vaffeljernet,Palle Ibsen,Sales Manager,Smagsloget 45,rhus,,8200,Denmark,86 21 32 43,1,Nancy Davolio,Sales Representative,5-1-1992,Seattle,USA,3,Federal Shipping,(503) 555-9931,19,New England Seafood Cannery,Robb Merchant,USA
10465,45,Rogede sild,Seafood,Seaweed and fish,7.6,9.5,30,0.1,205.2,3-5-1997,4-2-1997,3-14-1997,145.04,Vaffeljernet,Smagsloget 45,rhus,,8200,Denmark,1k pkg.,5,70,15,0,VAFFE,Vaffeljernet,Palle Ibsen,Sales Manager,Smagsloget 45,rhus,,8200,Denmark,86 21 32 43,1,Nancy Davolio,Sales Representative,5-1-1992,Seattle,USA,3,Federal Shipping,(503) 555-9931,21,Lyngbysild,Niels Petersen,Denmark
10465,50,Valkoinen suklaa,Confections,"Desserts, candies, and sweet breads",13,16.25,25,0,325.0,3-5-1997,4-2-1997,3-14-1997,145.04,Vaffeljernet,Smagsloget 45,rhus,,8200,Denmark,12 - 100 g bars,65,0,30,0,VAFFE,Vaffeljernet,Palle Ibsen,Sales Manager,Smagsloget 45,rhus,,8200,Denmark,86 21 32 43,1,Nancy Davolio,Sales Representative,5-1-1992,Seattle,USA,3,Federal Shipping,(503) 555-9931,23,Karkki Oy,Anne Heikkonen,Finland
10466,11,Queso Cabrales,Dairy Products,Cheeses,16.8,21,10,0,168.0,3-6-1997,4-3-1997,3-13-1997,11.93,Com rcio Mineiro,"Av. dos Lus adas, 23",Sao Paulo,SP,05432-043,Brazil,1 kg pkg.,22,30,30,0,COMMI,Com rcio Mineiro,Pedro Afonso,Sales Associate,"Av. dos Lus adas, 23",Sao Paulo,SP,05432-043,Brazil,(11) 555-7647,4,Margaret Peacock,Sales Representative,5-3-1993,Redmond,USA,1,Speedy Express,(503) 555-9831,5,Cooperativa de Quesos 'Las Cabras',Antonio del Valle Saavedra,Spain
10466,46,Spegesild,Seafood,Seaweed and fish,9.6,12,5,0,48.0,3-6-1997,4-3-1997,3-13-1997,11.93,Com rcio Mineiro,"Av. dos Lus adas, 23",Sao Paulo,SP,05432-043,Brazil,4 - 450 g glasses,95,0,0,0,COMMI,Com rcio Mineiro,Pedro Afonso,Sales Associate,"Av. dos Lus adas, 23",Sao Paulo,SP,05432-043,Brazil,(11) 555-7647,4,Margaret Peacock,Sales Representative,5-3-1993,Redmond,USA,1,Speedy Express,(503) 555-9831,21,Lyngbysild,Niels Petersen,Denmark
10467,24,Guaran  Fant stica,Beverages,"Soft drinks, coffees, teas, beers, and ales",3.6,4.5,28,0,100.8,3-6-1997,4-3-1997,3-11-1997,4.93,Magazzini Alimentari Riuniti,Via Ludovico il Moro 22,Bergamo,,24100,Italy,12 - 355 ml cans,20,0,0,1,MAGAA,Magazzini Alimentari Riuniti,Giovanni Rovelli,Marketing Manager,Via Ludovico il Moro 22,Bergamo,,24100,Italy,035-640230,8,Laura Callahan,Inside Sales Coordinator,3-5-1994,Seattle,USA,2,United Package,(503) 555-3199,10,Refrescos Americanas LTDA,Carlos Diaz,Brazil
10467,25,NuNuCa Nu -Nougat-Creme,Confections,"Desserts, candies, and sweet breads",11.2,14,12,0,134.4,3-6-1997,4-3-1997,3-11-1997,4.93,Magazzini Alimentari Riuniti,Via Ludovico il Moro 22,Bergamo,,24100,Italy,20 - 450 g glasses,76,0,30,0,MAGAA,Magazzini Alimentari Riuniti,Giovanni Rovelli,Marketing Manager,Via Ludovico il Moro 22,Bergamo,,24100,Italy,035-640230,8,Laura Callahan,Inside Sales Coordinator,3-5-1994,Seattle,USA,2,United Package,(503) 555-3199,11,Heli S  waren GmbH & Co. KG,Petra Winkler,Germany
10468,30,Nord-Ost Matjeshering,Seafood,Seaweed and fish,20.7,25.89,8,0,165.6,3-7-1997,4-4-1997,3-12-1997,44.12,K niglich Essen,Maubelstr. 90,Brandenburg,,14776,Germany,10 - 200 g glasses,10,0,15,0,KOENE,K niglich Essen,Philip Cramer,Sales Associate,Maubelstr. 90,Brandenburg,,14776,Germany,0555-09876,3,Janet Leverling,Sales Representative,4-1-1992,Kirkland,USA,3,Federal Shipping,(503) 555-9931,13,Nord-Ost-Fisch Handelsgesellschaft mbH,Sven Petersen,Germany
10468,43,Ipoh Coffee,Beverages,"Soft drinks, coffees, teas, beers, and ales",36.8,46,15,0,552.0,3-7-1997,4-4-1997,3-12-1997,44.12,K niglich Essen,Maubelstr. 90,Brandenburg,,14776,Germany,16 - 500 g tins,17,10,25,0,KOENE,K niglich Essen,Philip Cramer,Sales Associate,Maubelstr. 90,Brandenburg,,14776,Germany,0555-09876,3,Janet Leverling,Sales Representative,4-1-1992,Kirkland,USA,3,Federal Shipping,(503) 555-9931,20,Leka Trading,Chandra Leka,Singapore
10469,2,Chang,Beverages,"Soft drinks, coffees, teas, beers, and ales",15.2,19,40,0.15,516.8,3-10-1997,4-7-1997,3-14-1997,60.18,White Clover Markets,1029 - 12th Ave. S.,Seattle,WA,98124,USA,24 - 12 oz bottles,17,40,25,1,WHITC,White Clover Markets,Karl Jablonski,Owner,305 - 14th Ave. S. Suite 3B,Seattle,WA,98128,USA,(206) 555-4112,1,Nancy Davolio,Sales Representative,5-1-1992,Seattle,USA,1,Speedy Express,(503) 555-9831,1,Exotic Liquids,Charlotte Cooper,UK
10469,16,Pavlova,Confections,"Desserts, candies, and sweet breads",13.9,17.45,35,0.15,413.52,3-10-1997,4-7-1997,3-14-1997,60.18,White Clover Markets,1029 - 12th Ave. S.,Seattle,WA,98124,USA,32 - 500 g boxes,29,0,10,0,WHITC,White Clover Markets,Karl Jablonski,Owner,305 - 14th Ave. S. Suite 3B,Seattle,WA,98128,USA,(206) 555-4112,1,Nancy Davolio,Sales Representative,5-1-1992,Seattle,USA,1,Speedy Express,(503) 555-9831,7,"Pavlova, Ltd.",Ian Devling,Australia
10469,44,Gula Malacca,Condiments,"Sweet and savory sauces, relishes, spreads, and seasonings",15.5,19.45,2,0.15,26.35,3-10-1997,4-7-1997,3-14-1997,60.18,White Clover Markets,1029 - 12th Ave. S.,Seattle,WA,98124,USA,20 - 2 kg bags,27,0,15,0,WHITC,White Clover Markets,Karl Jablonski,Owner,305 - 14th Ave. S. Suite 3B,Seattle,WA,98128,USA,(206) 555-4112,1,Nancy Davolio,Sales Representative,5-1-1992,Seattle,USA,1,Speedy Express,(503) 555-9831,20,Leka Trading,Chandra Leka,Singapore
10470,18,Carnarvon Tigers,Seafood,Seaweed and fish,50,62.5,30,0,1500.0,3-11-1997,4-8-1997,3-14-1997,64.56,Bon app',"12, rue des Bouchers",Marseille,,13008,France,16 kg pkg.,42,0,0,0,BONAP,Bon app',Laurence Lebihan,Owner,"12, rue des Bouchers",Marseille,,13008,France,91.24.45.40,4,Margaret Peacock,Sales Representative,5-3-1993,Redmond,USA,2,United Package,(503) 555-3199,7,"Pavlova, Ltd.",Ian Devling,Australia
10470,23,Tunnbr d,Grains/Cereals,"Breads, crackers, pasta, and cereal",7.2,9,15,0,108.0,3-11-1997,4-8-1997,3-14-1997,64.56,Bon app',"12, rue des Bouchers",Marseille,,13008,France,12 - 250 g pkgs.,61,0,25,0,BONAP,Bon app',Laurence Lebihan,Owner,"12, rue des Bouchers",Marseille,,13008,France,91.24.45.40,4,Margaret Peacock,Sales Representative,5-3-1993,Redmond,USA,2,United Package,(503) 555-3199,9,PB Kn ckebr d AB,Lars Peterson,Sweden
10470,64,Wimmers gute Semmelkn del,Grains/Cereals,"Breads, crackers, pasta, and cereal",26.6,33.25,8,0,212.8,3-11-1997,4-8-1997,3-14-1997,64.56,Bon app',"12, rue des Bouchers",Marseille,,13008,France,20 bags x 4 pieces,22,80,30,0,BONAP,Bon app',Laurence Lebihan,Owner,"12, rue des Bouchers",Marseille,,13008,France,91.24.45.40,4,Margaret Peacock,Sales Representative,5-3-1993,Redmond,USA,2,United Package,(503) 555-3199,12,Plutzer Lebensmittelgro m rkte AG,Martin Bein,Germany
10471,7,Uncle Bob's Organic Dried Pears,Produce,Dried fruit and bean curd,24,30,30,0,720.0,3-11-1997,4-8-1997,3-18-1997,45.59,B's Beverages,Fauntleroy Circus,London,,EC2 5NT,UK,12 - 1 lb pkgs.,15,0,10,0,BSBEV,B's Beverages,Victoria Ashworth,Sales Representative,Fauntleroy Circus,London,,EC2 5NT,UK,(171) 555-1212,2,Andrew Fuller,"Vice President, Sales",8-14-1992,Tacoma,USA,3,Federal Shipping,(503) 555-9931,3,Grandma Kelly's Homestead,Regina Murphy,USA
10471,56,Gnocchi di nonna Alice,Grains/Cereals,"Breads, crackers, pasta, and cereal",30.4,38,20,0,608.0,3-11-1997,4-8-1997,3-18-1997,45.59,B's Beverages,Fauntleroy Circus,London,,EC2 5NT,UK,24 - 250 g pkgs.,21,10,30,0,BSBEV,B's Beverages,Victoria Ashworth,Sales Representative,Fauntleroy Circus,London,,EC2 5NT,UK,(171) 555-1212,2,Andrew Fuller,"Vice President, Sales",8-14-1992,Tacoma,USA,3,Federal Shipping,(503) 555-9931,26,Pasta Buttini s.r.l.,Giovanni Giudici,Italy
10472,24,Guaran  Fant stica,Beverages,"Soft drinks, coffees, teas, beers, and ales",3.6,4.5,80,0.05,273.6,3-12-1997,4-9-1997,3-19-1997,4.2,Seven Seas Imports,90 Wadhurst Rd.,London,,OX15 4NB,UK,12 - 355 ml cans,20,0,0,1,SEVES,Seven Seas Imports,Hari Kumar,Sales Manager,90 Wadhurst Rd.,London,,OX15 4NB,UK,(171) 555-1717,8,Laura Callahan,Inside Sales Coordinator,3-5-1994,Seattle,USA,1,Speedy Express,(503) 555-9831,10,Refrescos Americanas LTDA,Carlos Diaz,Brazil
10472,51,Manjimup Dried Apples,Produce,Dried fruit and bean curd,42.4,53,18,0,763.2,3-12-1997,4-9-1997,3-19-1997,4.2,Seven Seas Imports,90 Wadhurst Rd.,London,,OX15 4NB,UK,50 - 300 g pkgs.,20,0,10,0,SEVES,Seven Seas Imports,Hari Kumar,Sales Manager,90 Wadhurst Rd.,London,,OX15 4NB,UK,(171) 555-1717,8,Laura Callahan,Inside Sales Coordinator,3-5-1994,Seattle,USA,1,Speedy Express,(503) 555-9831,24,"G'day, Mate",Wendy Mackenzie,Australia
10473,33,Geitost,Dairy Products,Cheeses,2,2.5,12,0,24.0,3-13-1997,3-27-1997,3-21-1997,16.37,Island Trading,Garden House Crowther Way,Cowes,Isle of Wight,PO31 7PJ,UK,500 g,112,0,20,0,ISLAT,Island Trading,Helen Bennett,Marketing Manager,Garden House Crowther Way,Cowes,Isle of Wight,PO31 7PJ,UK,(198) 555-8888,1,Nancy Davolio,Sales Representative,5-1-1992,Seattle,USA,3,Federal Shipping,(503) 555-9931,15,Norske Meierier,Beate Vileid,Norway
10473,71,Flotemysost,Dairy Products,Cheeses,17.2,21.5,12,0,206.4,3-13-1997,3-27-1997,3-21-1997,16.37,Island Trading,Garden House Crowther Way,Cowes,Isle of Wight,PO31 7PJ,UK,10 - 500 g pkgs.,26,0,0,0,ISLAT,Island Trading,Helen Bennett,Marketing Manager,Garden House Crowther Way,Cowes,Isle of Wight,PO31 7PJ,UK,(198) 555-8888,1,Nancy Davolio,Sales Representative,5-1-1992,Seattle,USA,3,Federal Shipping,(503) 555-9931,15,Norske Meierier,Beate Vileid,Norway
10474,14,Tofu,Produce,Dried fruit and bean curd,18.6,23.25,12,0,223.2,3-13-1997,4-10-1997,3-21-1997,83.49,Pericles Comidas cl sicas,Calle Dr. Jorge Cash 321,M xico D.F.,,05033,Mexico,40 - 100 g pkgs.,35,0,0,0,PERIC,Pericles Comidas cl sicas,Guillermo Fern ndez,Sales Representative,Calle Dr. Jorge Cash 321,M xico D.F.,,05033,Mexico,(5) 552-3745,5,Steven Buchanan,Sales Manager,10-17-1993,London,UK,2,United Package,(503) 555-3199,6,Mayumi's,Mayumi Ohno,Japan
10474,28,R ssle Sauerkraut,Produce,Dried fruit and bean curd,36.4,45.6,18,0,655.2,3-13-1997,4-10-1997,3-21-1997,83.49,Pericles Comidas cl sicas,Calle Dr. Jorge Cash 321,M xico D.F.,,05033,Mexico,25 - 825 g cans,26,0,0,1,PERIC,Pericles Comidas cl sicas,Guillermo Fern ndez,Sales Representative,Calle Dr. Jorge Cash 321,M xico D.F.,,05033,Mexico,(5) 552-3745,5,Steven Buchanan,Sales Manager,10-17-1993,London,UK,2,United Package,(503) 555-3199,12,Plutzer Lebensmittelgro m rkte AG,Martin Bein,Germany
10474,40,Boston Crab Meat,Seafood,Seaweed and fish,14.7,18.4,21,0,308.7,3-13-1997,4-10-1997,3-21-1997,83.49,Pericles Comidas cl sicas,Calle Dr. Jorge Cash 321,M xico D.F.,,05033,Mexico,24 - 4 oz tins,123,0,30,0,PERIC,Pericles Comidas cl sicas,Guillermo Fern ndez,Sales Representative,Calle Dr. Jorge Cash 321,M xico D.F.,,05033,Mexico,(5) 552-3745,5,Steven Buchanan,Sales Manager,10-17-1993,London,UK,2,United Package,(503) 555-3199,19,New England Seafood Cannery,Robb Merchant,USA
10474,75,Rh nbr u Klosterbier,Beverages,"Soft drinks, coffees, teas, beers, and ales",6.2,7.75,10,0,62.0,3-13-1997,4-10-1997,3-21-1997,83.49,Pericles Comidas cl sicas,Calle Dr. Jorge Cash 321,M xico D.F.,,05033,Mexico,24 - 0.5 l bottles,125,0,25,0,PERIC,Pericles Comidas cl sicas,Guillermo Fern ndez,Sales Representative,Calle Dr. Jorge Cash 321,M xico D.F.,,05033,Mexico,(5) 552-3745,5,Steven Buchanan,Sales Manager,10-17-1993,London,UK,2,United Package,(503) 555-3199,12,Plutzer Lebensmittelgro m rkte AG,Martin Bein,Germany
10475,31,Gorgonzola Telino,Dairy Products,Cheeses,10,12.5,35,0.15,297.5,3-14-1997,4-11-1997,4-4-1997,68.52,Supr mes d lices,"Boulevard Tirou, 255",Charleroi,,B-6000,Belgium,12 - 100 g pkgs,0,70,20,0,SUPRD,Supr mes d lices,Pascale Cartrain,Accounting Manager,"Boulevard Tirou, 255",Charleroi,,B-6000,Belgium,(071) 23 67 22 20,9,Anne Dodsworth,Sales Representative,11-15-1994,London,UK,1,Speedy Express,(503) 555-9831,14,Formaggi Fortini s.r.l.,Elio Rossi,Italy
10475,66,Louisiana Hot Spiced Okra,Condiments,"Sweet and savory sauces, relishes, spreads, and seasonings",13.6,17,60,0.15,693.6,3-14-1997,4-11-1997,4-4-1997,68.52,Supr mes d lices,"Boulevard Tirou, 255",Charleroi,,B-6000,Belgium,24 - 8 oz jars,4,100,20,0,SUPRD,Supr mes d lices,Pascale Cartrain,Accounting Manager,"Boulevard Tirou, 255",Charleroi,,B-6000,Belgium,(071) 23 67 22 20,9,Anne Dodsworth,Sales Representative,11-15-1994,London,UK,1,Speedy Express,(503) 555-9831,2,New Orleans Cajun Delights,Shelley Burke,USA
10475,76,Lakkalik  ri,Beverages,"Soft drinks, coffees, teas, beers, and ales",14.4,18,42,0.15,514.08,3-14-1997,4-11-1997,4-4-1997,68.52,Supr mes d lices,"Boulevard Tirou, 255",Charleroi,,B-6000,Belgium,500 ml,57,0,20,0,SUPRD,Supr mes d lices,Pascale Cartrain,Accounting Manager,"Boulevard Tirou, 255",Charleroi,,B-6000,Belgium,(071) 23 67 22 20,9,Anne Dodsworth,Sales Representative,11-15-1994,London,UK,1,Speedy Express,(503) 555-9831,23,Karkki Oy,Anne Heikkonen,Finland
10476,55,P t  chinois,Meat/Poultry,Prepared meats,19.2,24,2,0.05,36.48,3-17-1997,4-14-1997,3-24-1997,4.41,HILARION-Abastos,Carrera 22 con Ave. Carlos Soublette #8-35,San Crist bal,T chira,5022,Venezuela,24 boxes x 2 pies,115,0,20,0,HILAA,HILARION-Abastos,Carlos Hern ndez,Sales Representative,Carrera 22 con Ave. Carlos Soublette #8-35,San Crist bal,T chira,5022,Venezuela,(5) 555-1340,8,Laura Callahan,Inside Sales Coordinator,3-5-1994,Seattle,USA,3,Federal Shipping,(503) 555-9931,25,Ma Maison,Jean-Guy Lauzon,Canada
10476,70,Outback Lager,Beverages,"Soft drinks, coffees, teas, beers, and ales",12,15,12,0,144.0,3-17-1997,4-14-1997,3-24-1997,4.41,HILARION-Abastos,Carrera 22 con Ave. Carlos Soublette #8-35,San Crist bal,T chira,5022,Venezuela,24 - 355 ml bottles,15,10,30,0,HILAA,HILARION-Abastos,Carlos Hern ndez,Sales Representative,Carrera 22 con Ave. Carlos Soublette #8-35,San Crist bal,T chira,5022,Venezuela,(5) 555-1340,8,Laura Callahan,Inside Sales Coordinator,3-5-1994,Seattle,USA,3,Federal Shipping,(503) 555-9931,7,"Pavlova, Ltd.",Ian Devling,Australia
10477,1,Chai,Beverages,"Soft drinks, coffees, teas, beers, and ales",14.4,18,15,0,216.0,3-17-1997,4-14-1997,3-25-1997,13.02,Princesa Isabel Vinhos,Estrada da sa de n. 58,Lisboa,,1756,Portugal,10 boxes x 30 bags,39,0,10,1,PRINI,Princesa Isabel Vinhos,Isabel de Castro,Sales Representative,Estrada da sa de n. 58,Lisboa,,1756,Portugal,(1) 356-5634,5,Steven Buchanan,Sales Manager,10-17-1993,London,UK,2,United Package,(503) 555-3199,8,"Specialty Biscuits, Ltd.",Peter Wilson,UK
10477,21,Sir Rodney's Scones,Confections,"Desserts, candies, and sweet breads",8,10,21,0.25,126.0,3-17-1997,4-14-1997,3-25-1997,13.02,Princesa Isabel Vinhos,Estrada da sa de n. 58,Lisboa,,1756,Portugal,24 pkgs. x 4 pieces,3,40,5,0,PRINI,Princesa Isabel Vinhos,Isabel de Castro,Sales Representative,Estrada da sa de n. 58,Lisboa,,1756,Portugal,(1) 356-5634,5,Steven Buchanan,Sales Manager,10-17-1993,London,UK,2,United Package,(503) 555-3199,8,"Specialty Biscuits, Ltd.",Peter Wilson,UK
10477,39,Chartreuse verte,Beverages,"Soft drinks, coffees, teas, beers, and ales",14.4,18,20,0.25,216.0,3-17-1997,4-14-1997,3-25-1997,13.02,Princesa Isabel Vinhos,Estrada da sa de n. 58,Lisboa,,1756,Portugal,750 cc per bottle,69,0,5,0,PRINI,Princesa Isabel Vinhos,Isabel de Castro,Sales Representative,Estrada da sa de n. 58,Lisboa,,1756,Portugal,(1) 356-5634,5,Steven Buchanan,Sales Manager,10-17-1993,London,UK,2,United Package,(503) 555-3199,18,Aux joyeux eccl siastiques,Guyl ne Nodier,France
10478,10,Ikura,Seafood,Seaweed and fish,24.8,31,20,0.05,471.2,3-18-1997,4-1-1997,3-26-1997,4.81,Victuailles en stock,"2, rue du Commerce",Lyon,,69004,France,12 - 200 ml jars,31,0,0,0,VICTE,Victuailles en stock,Mary Saveley,Sales Agent,"2, rue du Commerce",Lyon,,69004,France,78.32.54.86,2,Andrew Fuller,"Vice President, Sales",8-14-1992,Tacoma,USA,3,Federal Shipping,(503) 555-9931,4,Tokyo Traders,Yoshi Nagase,Japan
10479,38,C te de Blaye,Beverages,"Soft drinks, coffees, teas, beers, and ales",210.8,263.5,30,0,6324.0,3-19-1997,4-16-1997,3-21-1997,708.95,Rattlesnake Canyon Grocery,2817 Milton Dr.,Albuquerque,NM,87110,USA,12 - 75 cl bottles,17,0,15,0,RATTC,Rattlesnake Canyon Grocery,Paula Wilson,Assistant Sales Representative,2817 Milton Dr.,Albuquerque,NM,87110,USA,(505) 555-5939,3,Janet Leverling,Sales Representative,4-1-1992,Kirkland,USA,3,Federal Shipping,(503) 555-9931,18,Aux joyeux eccl siastiques,Guyl ne Nodier,France
10479,53,Perth Pasties,Meat/Poultry,Prepared meats,26.2,32.8,28,0,733.6,3-19-1997,4-16-1997,3-21-1997,708.95,Rattlesnake Canyon Grocery,2817 Milton Dr.,Albuquerque,NM,87110,USA,48 pieces,0,0,0,1,RATTC,Rattlesnake Canyon Grocery,Paula Wilson,Assistant Sales Representative,2817 Milton Dr.,Albuquerque,NM,87110,USA,(505) 555-5939,3,Janet Leverling,Sales Representative,4-1-1992,Kirkland,USA,3,Federal Shipping,(503) 555-9931,24,"G'day, Mate",Wendy Mackenzie,Australia
10479,59,Raclette Courdavault,Dairy Products,Cheeses,44,55,60,0,2640.0,3-19-1997,4-16-1997,3-21-1997,708.95,Rattlesnake Canyon Grocery,2817 Milton Dr.,Albuquerque,NM,87110,USA,5 kg pkg.,79,0,0,0,RATTC,Rattlesnake Canyon Grocery,Paula Wilson,Assistant Sales Representative,2817 Milton Dr.,Albuquerque,NM,87110,USA,(505) 555-5939,3,Janet Leverling,Sales Representative,4-1-1992,Kirkland,USA,3,Federal Shipping,(503) 555-9931,28,Gai p turage,Eliane Noz,France
10479,64,Wimmers gute Semmelkn del,Grains/Cereals,"Breads, crackers, pasta, and cereal",26.6,33.25,30,0,798.0,3-19-1997,4-16-1997,3-21-1997,708.95,Rattlesnake Canyon Grocery,2817 Milton Dr.,Albuquerque,NM,87110,USA,20 bags x 4 pieces,22,80,30,0,RATTC,Rattlesnake Canyon Grocery,Paula Wilson,Assistant Sales Representative,2817 Milton Dr.,Albuquerque,NM,87110,USA,(505) 555-5939,3,Janet Leverling,Sales Representative,4-1-1992,Kirkland,USA,3,Federal Shipping,(503) 555-9931,12,Plutzer Lebensmittelgro m rkte AG,Martin Bein,Germany
10480,47,Zaanse koeken,Confections,"Desserts, candies, and sweet breads",7.6,9.5,30,0,228.0,3-20-1997,4-17-1997,3-24-1997,1.35,Folies gourmandes,"184, chauss e de Tournai",Lille,,59000,France,10 - 4 oz boxes,36,0,0,0,FOLIG,Folies gourmandes,Martine Ranc,Assistant Sales Agent,"184, chauss e de Tournai",Lille,,59000,France,20.16.10.16,6,Michael Suyama,Sales Representative,10-17-1993,London,UK,2,United Package,(503) 555-3199,22,Zaanse Snoepfabriek,Dirk Luchte,Netherlands
10480,59,Raclette Courdavault,Dairy Products,Cheeses,44,55,12,0,528.0,3-20-1997,4-17-1997,3-24-1997,1.35,Folies gourmandes,"184, chauss e de Tournai",Lille,,59000,France,5 kg pkg.,79,0,0,0,FOLIG,Folies gourmandes,Martine Ranc,Assistant Sales Agent,"184, chauss e de Tournai",Lille,,59000,France,20.16.10.16,6,Michael Suyama,Sales Representative,10-17-1993,London,UK,2,United Package,(503) 555-3199,28,Gai p turage,Eliane Noz,France
10481,49,Maxilaku,Confections,"Desserts, candies, and sweet breads",16,20,24,0,384.0,3-20-1997,4-17-1997,3-25-1997,64.33,Ricardo Adocicados,"Av. Copacabana, 267",Rio de Janeiro,RJ,02389-890,Brazil,24 - 50 g pkgs.,10,60,15,0,RICAR,Ricardo Adocicados,Janete Limeira,Assistant Sales Agent,"Av. Copacabana, 267",Rio de Janeiro,RJ,02389-890,Brazil,(21) 555-3412,8,Laura Callahan,Inside Sales Coordinator,3-5-1994,Seattle,USA,2,United Package,(503) 555-3199,23,Karkki Oy,Anne Heikkonen,Finland
10481,60,Camembert Pierrot,Dairy Products,Cheeses,27.2,34,40,0,1088.0,3-20-1997,4-17-1997,3-25-1997,64.33,Ricardo Adocicados,"Av. Copacabana, 267",Rio de Janeiro,RJ,02389-890,Brazil,15 - 300 g rounds,19,0,0,0,RICAR,Ricardo Adocicados,Janete Limeira,Assistant Sales Agent,"Av. Copacabana, 267",Rio de Janeiro,RJ,02389-890,Brazil,(21) 555-3412,8,Laura Callahan,Inside Sales Coordinator,3-5-1994,Seattle,USA,2,United Package,(503) 555-3199,28,Gai p turage,Eliane Noz,France
10482,40,Boston Crab Meat,Seafood,Seaweed and fish,14.7,18.4,10,0,147.0,3-21-1997,4-18-1997,4-10-1997,7.48,Lazy K Kountry Store,12 Orchestra Terrace,Walla Walla,WA,99362,USA,24 - 4 oz tins,123,0,30,0,LAZYK,Lazy K Kountry Store,John Steel,Marketing Manager,12 Orchestra Terrace,Walla Walla,WA,99362,USA,(509) 555-7969,1,Nancy Davolio,Sales Representative,5-1-1992,Seattle,USA,3,Federal Shipping,(503) 555-9931,19,New England Seafood Cannery,Robb Merchant,USA
10483,34,Sasquatch Ale,Beverages,"Soft drinks, coffees, teas, beers, and ales",11.2,14,35,0.05,372.4,3-24-1997,4-21-1997,4-25-1997,15.28,White Clover Markets,1029 - 12th Ave. S.,Seattle,WA,98124,USA,24 - 12 oz bottles,111,0,15,0,WHITC,White Clover Markets,Karl Jablonski,Owner,305 - 14th Ave. S. Suite 3B,Seattle,WA,98128,USA,(206) 555-4112,7,Robert King,Sales Representative,1-2-1994,London,UK,2,United Package,(503) 555-3199,16,Bigfoot Breweries,Cheryl Saylor,USA
10483,77,Original Frankfurter gr ne So e,Condiments,"Sweet and savory sauces, relishes, spreads, and seasonings",10.4,13,30,0.05,296.4,3-24-1997,4-21-1997,4-25-1997,15.28,White Clover Markets,1029 - 12th Ave. S.,Seattle,WA,98124,USA,12 boxes,32,0,15,0,WHITC,White Clover Markets,Karl Jablonski,Owner,305 - 14th Ave. S. Suite 3B,Seattle,WA,98128,USA,(206) 555-4112,7,Robert King,Sales Representative,1-2-1994,London,UK,2,United Package,(503) 555-3199,12,Plutzer Lebensmittelgro m rkte AG,Martin Bein,Germany
10484,21,Sir Rodney's Scones,Confections,"Desserts, candies, and sweet breads",8,10,14,0,112.0,3-24-1997,4-21-1997,4-1-1997,6.88,B's Beverages,Fauntleroy Circus,London,,EC2 5NT,UK,24 pkgs. x 4 pieces,3,40,5,0,BSBEV,B's Beverages,Victoria Ashworth,Sales Representative,Fauntleroy Circus,London,,EC2 5NT,UK,(171) 555-1212,3,Janet Leverling,Sales Representative,4-1-1992,Kirkland,USA,3,Federal Shipping,(503) 555-9931,8,"Specialty Biscuits, Ltd.",Peter Wilson,UK
10484,40,Boston Crab Meat,Seafood,Seaweed and fish,14.7,18.4,10,0,147.0,3-24-1997,4-21-1997,4-1-1997,6.88,B's Beverages,Fauntleroy Circus,London,,EC2 5NT,UK,24 - 4 oz tins,123,0,30,0,BSBEV,B's Beverages,Victoria Ashworth,Sales Representative,Fauntleroy Circus,London,,EC2 5NT,UK,(171) 555-1212,3,Janet Leverling,Sales Representative,4-1-1992,Kirkland,USA,3,Federal Shipping,(503) 555-9931,19,New England Seafood Cannery,Robb Merchant,USA
10484,51,Manjimup Dried Apples,Produce,Dried fruit and bean curd,42.4,53,3,0,127.2,3-24-1997,4-21-1997,4-1-1997,6.88,B's Beverages,Fauntleroy Circus,London,,EC2 5NT,UK,50 - 300 g pkgs.,20,0,10,0,BSBEV,B's Beverages,Victoria Ashworth,Sales Representative,Fauntleroy Circus,London,,EC2 5NT,UK,(171) 555-1212,3,Janet Leverling,Sales Representative,4-1-1992,Kirkland,USA,3,Federal Shipping,(503) 555-9931,24,"G'day, Mate",Wendy Mackenzie,Australia
10485,2,Chang,Beverages,"Soft drinks, coffees, teas, beers, and ales",15.2,19,20,0.1,273.6,3-25-1997,4-8-1997,3-31-1997,64.45,LINO-Delicateses,Ave. 5 de Mayo Porlamar,I. de Margarita,Nueva Esparta,4980,Venezuela,24 - 12 oz bottles,17,40,25,1,LINOD,LINO-Delicateses,Felipe Izquierdo,Owner,Ave. 5 de Mayo Porlamar,I. de Margarita,Nueva Esparta,4980,Venezuela,(8) 34-56-12,4,Margaret Peacock,Sales Representative,5-3-1993,Redmond,USA,2,United Package,(503) 555-3199,1,Exotic Liquids,Charlotte Cooper,UK
10485,3,Aniseed Syrup,Condiments,"Sweet and savory sauces, relishes, spreads, and seasonings",8,10,20,0.1,144.0,3-25-1997,4-8-1997,3-31-1997,64.45,LINO-Delicateses,Ave. 5 de Mayo Porlamar,I. de Margarita,Nueva Esparta,4980,Venezuela,12 - 550 ml bottles,13,70,25,0,LINOD,LINO-Delicateses,Felipe Izquierdo,Owner,Ave. 5 de Mayo Porlamar,I. de Margarita,Nueva Esparta,4980,Venezuela,(8) 34-56-12,4,Margaret Peacock,Sales Representative,5-3-1993,Redmond,USA,2,United Package,(503) 555-3199,1,Exotic Liquids,Charlotte Cooper,UK
10485,55,P t  chinois,Meat/Poultry,Prepared meats,19.2,24,30,0.1,518.4,3-25-1997,4-8-1997,3-31-1997,64.45,LINO-Delicateses,Ave. 5 de Mayo Porlamar,I. de Margarita,Nueva Esparta,4980,Venezuela,24 boxes x 2 pies,115,0,20,0,LINOD,LINO-Delicateses,Felipe Izquierdo,Owner,Ave. 5 de Mayo Porlamar,I. de Margarita,Nueva Esparta,4980,Venezuela,(8) 34-56-12,4,Margaret Peacock,Sales Representative,5-3-1993,Redmond,USA,2,United Package,(503) 555-3199,25,Ma Maison,Jean-Guy Lauzon,Canada
10485,70,Outback Lager,Beverages,"Soft drinks, coffees, teas, beers, and ales",12,15,60,0.1,648.0,3-25-1997,4-8-1997,3-31-1997,64.45,LINO-Delicateses,Ave. 5 de Mayo Porlamar,I. de Margarita,Nueva Esparta,4980,Venezuela,24 - 355 ml bottles,15,10,30,0,LINOD,LINO-Delicateses,Felipe Izquierdo,Owner,Ave. 5 de Mayo Porlamar,I. de Margarita,Nueva Esparta,4980,Venezuela,(8) 34-56-12,4,Margaret Peacock,Sales Representative,5-3-1993,Redmond,USA,2,United Package,(503) 555-3199,7,"Pavlova, Ltd.",Ian Devling,Australia
10486,11,Queso Cabrales,Dairy Products,Cheeses,16.8,21,5,0,84.0,3-26-1997,4-23-1997,4-2-1997,30.53,HILARION-Abastos,Carrera 22 con Ave. Carlos Soublette #8-35,San Crist bal,T chira,5022,Venezuela,1 kg pkg.,22,30,30,0,HILAA,HILARION-Abastos,Carlos Hern ndez,Sales Representative,Carrera 22 con Ave. Carlos Soublette #8-35,San Crist bal,T chira,5022,Venezuela,(5) 555-1340,1,Nancy Davolio,Sales Representative,5-1-1992,Seattle,USA,2,United Package,(503) 555-3199,5,Cooperativa de Quesos 'Las Cabras',Antonio del Valle Saavedra,Spain
10486,51,Manjimup Dried Apples,Produce,Dried fruit and bean curd,42.4,53,25,0,1060.0,3-26-1997,4-23-1997,4-2-1997,30.53,HILARION-Abastos,Carrera 22 con Ave. Carlos Soublette #8-35,San Crist bal,T chira,5022,Venezuela,50 - 300 g pkgs.,20,0,10,0,HILAA,HILARION-Abastos,Carlos Hern ndez,Sales Representative,Carrera 22 con Ave. Carlos Soublette #8-35,San Crist bal,T chira,5022,Venezuela,(5) 555-1340,1,Nancy Davolio,Sales Representative,5-1-1992,Seattle,USA,2,United Package,(503) 555-3199,24,"G'day, Mate",Wendy Mackenzie,Australia
10486,74,Longlife Tofu,Produce,Dried fruit and bean curd,8,10,16,0,128.0,3-26-1997,4-23-1997,4-2-1997,30.53,HILARION-Abastos,Carrera 22 con Ave. Carlos Soublette #8-35,San Crist bal,T chira,5022,Venezuela,5 kg pkg.,4,20,5,0,HILAA,HILARION-Abastos,Carlos Hern ndez,Sales Representative,Carrera 22 con Ave. Carlos Soublette #8-35,San Crist bal,T chira,5022,Venezuela,(5) 555-1340,1,Nancy Davolio,Sales Representative,5-1-1992,Seattle,USA,2,United Package,(503) 555-3199,4,Tokyo Traders,Yoshi Nagase,Japan
10487,19,Teatime Chocolate Biscuits,Confections,"Desserts, candies, and sweet breads",7.3,9.2,5,0,36.5,3-26-1997,4-23-1997,3-28-1997,71.07,Queen Cozinha,"Alameda dos Can rios, 891",Sao Paulo,SP,05487-020,Brazil,10 boxes x 12 pieces,25,0,5,0,QUEEN,Queen Cozinha,L cia Carvalho,Marketing Assistant,"Alameda dos Can rios, 891",Sao Paulo,SP,05487-020,Brazil,(11) 555-1189,2,Andrew Fuller,"Vice President, Sales",8-14-1992,Tacoma,USA,2,United Package,(503) 555-3199,8,"Specialty Biscuits, Ltd.",Peter Wilson,UK
10487,26,Gumb r Gummib rchen,Confections,"Desserts, candies, and sweet breads",24.9,31.23,30,0,747.0,3-26-1997,4-23-1997,3-28-1997,71.07,Queen Cozinha,"Alameda dos Can rios, 891",Sao Paulo,SP,05487-020,Brazil,100 - 250 g bags,15,0,0,0,QUEEN,Queen Cozinha,L cia Carvalho,Marketing Assistant,"Alameda dos Can rios, 891",Sao Paulo,SP,05487-020,Brazil,(11) 555-1189,2,Andrew Fuller,"Vice President, Sales",8-14-1992,Tacoma,USA,2,United Package,(503) 555-3199,11,Heli S  waren GmbH & Co. KG,Petra Winkler,Germany
10487,54,Tourti re,Meat/Poultry,Prepared meats,5.9,7.45,24,0.25,106.2,3-26-1997,4-23-1997,3-28-1997,71.07,Queen Cozinha,"Alameda dos Can rios, 891",Sao Paulo,SP,05487-020,Brazil,16 pies,21,0,10,0,QUEEN,Queen Cozinha,L cia Carvalho,Marketing Assistant,"Alameda dos Can rios, 891",Sao Paulo,SP,05487-020,Brazil,(11) 555-1189,2,Andrew Fuller,"Vice President, Sales",8-14-1992,Tacoma,USA,2,United Package,(503) 555-3199,25,Ma Maison,Jean-Guy Lauzon,Canada
10488,59,Raclette Courdavault,Dairy Products,Cheeses,44,55,30,0,1320.0,3-27-1997,4-24-1997,4-2-1997,4.93,Frankenversand,Berliner Platz 43,M nchen,,80805,Germany,5 kg pkg.,79,0,0,0,FRANK,Frankenversand,Peter Franken,Marketing Manager,Berliner Platz 43,M nchen,,80805,Germany,089-0877310,8,Laura Callahan,Inside Sales Coordinator,3-5-1994,Seattle,USA,2,United Package,(503) 555-3199,28,Gai p turage,Eliane Noz,France
10488,73,R d Kaviar,Seafood,Seaweed and fish,12,15,20,0.2,192.0,3-27-1997,4-24-1997,4-2-1997,4.93,Frankenversand,Berliner Platz 43,M nchen,,80805,Germany,24 - 150 g jars,101,0,5,0,FRANK,Frankenversand,Peter Franken,Marketing Manager,Berliner Platz 43,M nchen,,80805,Germany,089-0877310,8,Laura Callahan,Inside Sales Coordinator,3-5-1994,Seattle,USA,2,United Package,(503) 555-3199,17,Svensk Sj f da AB,Michael Bj rn,Sweden
10489,11,Queso Cabrales,Dairy Products,Cheeses,16.8,21,15,0.25,189.0,3-28-1997,4-25-1997,4-9-1997,5.29,Piccolo und mehr,Geislweg 14,Salzburg,,5020,Austria,1 kg pkg.,22,30,30,0,PICCO,Piccolo und mehr,Georg Pipps,Sales Manager,Geislweg 14,Salzburg,,5020,Austria,6562-9722,6,Michael Suyama,Sales Representative,10-17-1993,London,UK,2,United Package,(503) 555-3199,5,Cooperativa de Quesos 'Las Cabras',Antonio del Valle Saavedra,Spain
10489,16,Pavlova,Confections,"Desserts, candies, and sweet breads",13.9,17.45,18,0,250.2,3-28-1997,4-25-1997,4-9-1997,5.29,Piccolo und mehr,Geislweg 14,Salzburg,,5020,Austria,32 - 500 g boxes,29,0,10,0,PICCO,Piccolo und mehr,Georg Pipps,Sales Manager,Geislweg 14,Salzburg,,5020,Austria,6562-9722,6,Michael Suyama,Sales Representative,10-17-1993,London,UK,2,United Package,(503) 555-3199,7,"Pavlova, Ltd.",Ian Devling,Australia
10490,59,Raclette Courdavault,Dairy Products,Cheeses,44,55,60,0,2640.0,3-31-1997,4-28-1997,4-3-1997,210.19,HILARION-Abastos,Carrera 22 con Ave. Carlos Soublette #8-35,San Crist bal,T chira,5022,Venezuela,5 kg pkg.,79,0,0,0,HILAA,HILARION-Abastos,Carlos Hern ndez,Sales Representative,Carrera 22 con Ave. Carlos Soublette #8-35,San Crist bal,T chira,5022,Venezuela,(5) 555-1340,7,Robert King,Sales Representative,1-2-1994,London,UK,2,United Package,(503) 555-3199,28,Gai p turage,Eliane Noz,France
10490,68,Scottish Longbreads,Confections,"Desserts, candies, and sweet breads",10,12.5,30,0,300.0,3-31-1997,4-28-1997,4-3-1997,210.19,HILARION-Abastos,Carrera 22 con Ave. Carlos Soublette #8-35,San Crist bal,T chira,5022,Venezuela,10 boxes x 8 pieces,6,10,15,0,HILAA,HILARION-Abastos,Carlos Hern ndez,Sales Representative,Carrera 22 con Ave. Carlos Soublette #8-35,San Crist bal,T chira,5022,Venezuela,(5) 555-1340,7,Robert King,Sales Representative,1-2-1994,London,UK,2,United Package,(503) 555-3199,8,"Specialty Biscuits, Ltd.",Peter Wilson,UK
10490,75,Rh nbr u Klosterbier,Beverages,"Soft drinks, coffees, teas, beers, and ales",6.2,7.75,36,0,223.2,3-31-1997,4-28-1997,4-3-1997,210.19,HILARION-Abastos,Carrera 22 con Ave. Carlos Soublette #8-35,San Crist bal,T chira,5022,Venezuela,24 - 0.5 l bottles,125,0,25,0,HILAA,HILARION-Abastos,Carlos Hern ndez,Sales Representative,Carrera 22 con Ave. Carlos Soublette #8-35,San Crist bal,T chira,5022,Venezuela,(5) 555-1340,7,Robert King,Sales Representative,1-2-1994,London,UK,2,United Package,(503) 555-3199,12,Plutzer Lebensmittelgro m rkte AG,Martin Bein,Germany
10491,44,Gula Malacca,Condiments,"Sweet and savory sauces, relishes, spreads, and seasonings",15.5,19.45,15,0.15,197.62,3-31-1997,4-28-1997,4-8-1997,16.96,Furia Bacalhau e Frutos do Mar,Jardim das rosas n. 32,Lisboa,,1675,Portugal,20 - 2 kg bags,27,0,15,0,FURIB,Furia Bacalhau e Frutos do Mar,Lino Rodriguez,Sales Manager,Jardim das rosas n. 32,Lisboa,,1675,Portugal,(1) 354-2534,8,Laura Callahan,Inside Sales Coordinator,3-5-1994,Seattle,USA,3,Federal Shipping,(503) 555-9931,20,Leka Trading,Chandra Leka,Singapore
10491,77,Original Frankfurter gr ne So e,Condiments,"Sweet and savory sauces, relishes, spreads, and seasonings",10.4,13,7,0.15,61.88,3-31-1997,4-28-1997,4-8-1997,16.96,Furia Bacalhau e Frutos do Mar,Jardim das rosas n. 32,Lisboa,,1675,Portugal,12 boxes,32,0,15,0,FURIB,Furia Bacalhau e Frutos do Mar,Lino Rodriguez,Sales Manager,Jardim das rosas n. 32,Lisboa,,1675,Portugal,(1) 354-2534,8,Laura Callahan,Inside Sales Coordinator,3-5-1994,Seattle,USA,3,Federal Shipping,(503) 555-9931,12,Plutzer Lebensmittelgro m rkte AG,Martin Bein,Germany
10492,25,NuNuCa Nu -Nougat-Creme,Confections,"Desserts, candies, and sweet breads",11.2,14,60,0.05,638.4,4-1-1997,4-29-1997,4-11-1997,62.89,Bottom-Dollar Markets,23 Tsawassen Blvd.,Tsawassen,BC,T2F 8M4,Canada,20 - 450 g glasses,76,0,30,0,BOTTM,Bottom-Dollar Markets,Elizabeth Lincoln,Accounting Manager,23 Tsawassen Blvd.,Tsawassen,BC,T2F 8M4,Canada,(604) 555-4729,3,Janet Leverling,Sales Representative,4-1-1992,Kirkland,USA,1,Speedy Express,(503) 555-9831,11,Heli S  waren GmbH & Co. KG,Petra Winkler,Germany
10492,42,Singaporean Hokkien Fried Mee,Grains/Cereals,"Breads, crackers, pasta, and cereal",11.2,14,20,0.05,212.8,4-1-1997,4-29-1997,4-11-1997,62.89,Bottom-Dollar Markets,23 Tsawassen Blvd.,Tsawassen,BC,T2F 8M4,Canada,32 - 1 kg pkgs.,26,0,0,1,BOTTM,Bottom-Dollar Markets,Elizabeth Lincoln,Accounting Manager,23 Tsawassen Blvd.,Tsawassen,BC,T2F 8M4,Canada,(604) 555-4729,3,Janet Leverling,Sales Representative,4-1-1992,Kirkland,USA,1,Speedy Express,(503) 555-9831,20,Leka Trading,Chandra Leka,Singapore
10493,65,Louisiana Fiery Hot Pepper Sauce,Condiments,"Sweet and savory sauces, relishes, spreads, and seasonings",16.8,21.05,15,0.1,226.8,4-2-1997,4-30-1997,4-10-1997,10.64,La maison d'Asie,1 rue Alsace-Lorraine,Toulouse,,31000,France,32 - 8 oz bottles,76,0,0,0,LAMAI,La maison d'Asie,Annette Roulet,Sales Manager,1 rue Alsace-Lorraine,Toulouse,,31000,France,61.77.61.10,4,Margaret Peacock,Sales Representative,5-3-1993,Redmond,USA,3,Federal Shipping,(503) 555-9931,2,New Orleans Cajun Delights,Shelley Burke,USA
10493,66,Louisiana Hot Spiced Okra,Condiments,"Sweet and savory sauces, relishes, spreads, and seasonings",13.6,17,10,0.1,122.4,4-2-1997,4-30-1997,4-10-1997,10.64,La maison d'Asie,1 rue Alsace-Lorraine,Toulouse,,31000,France,24 - 8 oz jars,4,100,20,0,LAMAI,La maison d'Asie,Annette Roulet,Sales Manager,1 rue Alsace-Lorraine,Toulouse,,31000,France,61.77.61.10,4,Margaret Peacock,Sales Representative,5-3-1993,Redmond,USA,3,Federal Shipping,(503) 555-9931,2,New Orleans Cajun Delights,Shelley Burke,USA
10493,69,Gudbrandsdalsost,Dairy Products,Cheeses,28.8,36,10,0.1,259.2,4-2-1997,4-30-1997,4-10-1997,10.64,La maison d'Asie,1 rue Alsace-Lorraine,Toulouse,,31000,France,10 kg pkg.,26,0,15,0,LAMAI,La maison d'Asie,Annette Roulet,Sales Manager,1 rue Alsace-Lorraine,Toulouse,,31000,France,61.77.61.10,4,Margaret Peacock,Sales Representative,5-3-1993,Redmond,USA,3,Federal Shipping,(503) 555-9931,15,Norske Meierier,Beate Vileid,Norway
10494,56,Gnocchi di nonna Alice,Grains/Cereals,"Breads, crackers, pasta, and cereal",30.4,38,30,0,912.0,4-2-1997,4-30-1997,4-9-1997,65.99,Com rcio Mineiro,"Av. dos Lus adas, 23",Sao Paulo,SP,05432-043,Brazil,24 - 250 g pkgs.,21,10,30,0,COMMI,Com rcio Mineiro,Pedro Afonso,Sales Associate,"Av. dos Lus adas, 23",Sao Paulo,SP,05432-043,Brazil,(11) 555-7647,4,Margaret Peacock,Sales Representative,5-3-1993,Redmond,USA,2,United Package,(503) 555-3199,26,Pasta Buttini s.r.l.,Giovanni Giudici,Italy
10495,23,Tunnbr d,Grains/Cereals,"Breads, crackers, pasta, and cereal",7.2,9,10,0,72.0,4-3-1997,5-1-1997,4-11-1997,4.65,Laughing Bacchus Wine Cellars,2319 Elm St.,Vancouver,BC,V3F 2K1,Canada,12 - 250 g pkgs.,61,0,25,0,LAUGB,Laughing Bacchus Wine Cellars,Yoshi Tannamuri,Marketing Assistant,1900 Oak St.,Vancouver,BC,V3F 2K1,Canada,(604) 555-3392,3,Janet Leverling,Sales Representative,4-1-1992,Kirkland,USA,3,Federal Shipping,(503) 555-9931,9,PB Kn ckebr d AB,Lars Peterson,Sweden
10495,41,Jack's New England Clam Chowder,Seafood,Seaweed and fish,7.7,9.65,20,0,154.0,4-3-1997,5-1-1997,4-11-1997,4.65,Laughing Bacchus Wine Cellars,2319 Elm St.,Vancouver,BC,V3F 2K1,Canada,12 - 12 oz cans,85,0,10,0,LAUGB,Laughing Bacchus Wine Cellars,Yoshi Tannamuri,Marketing Assistant,1900 Oak St.,Vancouver,BC,V3F 2K1,Canada,(604) 555-3392,3,Janet Leverling,Sales Representative,4-1-1992,Kirkland,USA,3,Federal Shipping,(503) 555-9931,19,New England Seafood Cannery,Robb Merchant,USA
10495,77,Original Frankfurter gr ne So e,Condiments,"Sweet and savory sauces, relishes, spreads, and seasonings",10.4,13,5,0,52.0,4-3-1997,5-1-1997,4-11-1997,4.65,Laughing Bacchus Wine Cellars,2319 Elm St.,Vancouver,BC,V3F 2K1,Canada,12 boxes,32,0,15,0,LAUGB,Laughing Bacchus Wine Cellars,Yoshi Tannamuri,Marketing Assistant,1900 Oak St.,Vancouver,BC,V3F 2K1,Canada,(604) 555-3392,3,Janet Leverling,Sales Representative,4-1-1992,Kirkland,USA,3,Federal Shipping,(503) 555-9931,12,Plutzer Lebensmittelgro m rkte AG,Martin Bein,Germany
10496,31,Gorgonzola Telino,Dairy Products,Cheeses,10,12.5,20,0.05,190.0,4-4-1997,5-2-1997,4-7-1997,46.77,Tradi ao Hipermercados,"Av. In s de Castro, 414",Sao Paulo,SP,05634-030,Brazil,12 - 100 g pkgs,0,70,20,0,TRADH,Tradi  o Hipermercados,Anabela Domingues,Sales Representative,"Av. In s de Castro, 414",Sao Paulo,SP,05634-030,Brazil,(11) 555-2167,7,Robert King,Sales Representative,1-2-1994,London,UK,2,United Package,(503) 555-3199,14,Formaggi Fortini s.r.l.,Elio Rossi,Italy
10497,56,Gnocchi di nonna Alice,Grains/Cereals,"Breads, crackers, pasta, and cereal",30.4,38,14,0,425.6,4-4-1997,5-2-1997,4-7-1997,36.21,Lehmanns Marktstand,Magazinweg 7,Frankfurt a.M.,,60528,Germany,24 - 250 g pkgs.,21,10,30,0,LEHMS,Lehmanns Marktstand,Renate Messner,Sales Representative,Magazinweg 7,Frankfurt a.M.,,60528,Germany,069-0245984,7,Robert King,Sales Representative,1-2-1994,London,UK,1,Speedy Express,(503) 555-9831,26,Pasta Buttini s.r.l.,Giovanni Giudici,Italy
10497,72,Mozzarella di Giovanni,Dairy Products,Cheeses,27.8,34.8,25,0,695.0,4-4-1997,5-2-1997,4-7-1997,36.21,Lehmanns Marktstand,Magazinweg 7,Frankfurt a.M.,,60528,Germany,24 - 200 g pkgs.,14,0,0,0,LEHMS,Lehmanns Marktstand,Renate Messner,Sales Representative,Magazinweg 7,Frankfurt a.M.,,60528,Germany,069-0245984,7,Robert King,Sales Representative,1-2-1994,London,UK,1,Speedy Express,(503) 555-9831,14,Formaggi Fortini s.r.l.,Elio Rossi,Italy
10497,77,Original Frankfurter gr ne So e,Condiments,"Sweet and savory sauces, relishes, spreads, and seasonings",10.4,13,25,0,260.0,4-4-1997,5-2-1997,4-7-1997,36.21,Lehmanns Marktstand,Magazinweg 7,Frankfurt a.M.,,60528,Germany,12 boxes,32,0,15,0,LEHMS,Lehmanns Marktstand,Renate Messner,Sales Representative,Magazinweg 7,Frankfurt a.M.,,60528,Germany,069-0245984,7,Robert King,Sales Representative,1-2-1994,London,UK,1,Speedy Express,(503) 555-9831,12,Plutzer Lebensmittelgro m rkte AG,Martin Bein,Germany
10498,24,Guaran  Fant stica,Beverages,"Soft drinks, coffees, teas, beers, and ales",4.5,4.5,14,0,63.0,4-7-1997,5-5-1997,4-11-1997,29.75,HILARION-Abastos,Carrera 22 con Ave. Carlos Soublette #8-35,San Crist bal,T chira,5022,Venezuela,12 - 355 ml cans,20,0,0,1,HILAA,HILARION-Abastos,Carlos Hern ndez,Sales Representative,Carrera 22 con Ave. Carlos Soublette #8-35,San Crist bal,T chira,5022,Venezuela,(5) 555-1340,8,Laura Callahan,Inside Sales Coordinator,3-5-1994,Seattle,USA,2,United Package,(503) 555-3199,10,Refrescos Americanas LTDA,Carlos Diaz,Brazil
10498,40,Boston Crab Meat,Seafood,Seaweed and fish,18.4,18.4,5,0,92.0,4-7-1997,5-5-1997,4-11-1997,29.75,HILARION-Abastos,Carrera 22 con Ave. Carlos Soublette #8-35,San Crist bal,T chira,5022,Venezuela,24 - 4 oz tins,123,0,30,0,HILAA,HILARION-Abastos,Carlos Hern ndez,Sales Representative,Carrera 22 con Ave. Carlos Soublette #8-35,San Crist bal,T chira,5022,Venezuela,(5) 555-1340,8,Laura Callahan,Inside Sales Coordinator,3-5-1994,Seattle,USA,2,United Package,(503) 555-3199,19,New England Seafood Cannery,Robb Merchant,USA
10498,42,Singaporean Hokkien Fried Mee,Grains/Cereals,"Breads, crackers, pasta, and cereal",14,14,30,0,420.0,4-7-1997,5-5-1997,4-11-1997,29.75,HILARION-Abastos,Carrera 22 con Ave. Carlos Soublette #8-35,San Crist bal,T chira,5022,Venezuela,32 - 1 kg pkgs.,26,0,0,1,HILAA,HILARION-Abastos,Carlos Hern ndez,Sales Representative,Carrera 22 con Ave. Carlos Soublette #8-35,San Crist bal,T chira,5022,Venezuela,(5) 555-1340,8,Laura Callahan,Inside Sales Coordinator,3-5-1994,Seattle,USA,2,United Package,(503) 555-3199,20,Leka Trading,Chandra Leka,Singapore
10499,28,R ssle Sauerkraut,Produce,Dried fruit and bean curd,45.6,45.6,20,0,912.0,4-8-1997,5-6-1997,4-16-1997,102.02,LILA-Supermercado,Carrera 52 con Ave. Bol var #65-98 Llano Largo,Barquisimeto,Lara,3508,Venezuela,25 - 825 g cans,26,0,0,1,LILAS,LILA-Supermercado,Carlos Gonz lez,Accounting Manager,Carrera 52 con Ave. Bol var #65-98 Llano Largo,Barquisimeto,Lara,3508,Venezuela,(9) 331-6954,4,Margaret Peacock,Sales Representative,5-3-1993,Redmond,USA,2,United Package,(503) 555-3199,12,Plutzer Lebensmittelgro m rkte AG,Martin Bein,Germany
10499,49,Maxilaku,Confections,"Desserts, candies, and sweet breads",20,20,25,0,500.0,4-8-1997,5-6-1997,4-16-1997,102.02,LILA-Supermercado,Carrera 52 con Ave. Bol var #65-98 Llano Largo,Barquisimeto,Lara,3508,Venezuela,24 - 50 g pkgs.,10,60,15,0,LILAS,LILA-Supermercado,Carlos Gonz lez,Accounting Manager,Carrera 52 con Ave. Bol var #65-98 Llano Largo,Barquisimeto,Lara,3508,Venezuela,(9) 331-6954,4,Margaret Peacock,Sales Representative,5-3-1993,Redmond,USA,2,United Package,(503) 555-3199,23,Karkki Oy,Anne Heikkonen,Finland
10500,15,Genen Shouyu,Condiments,"Sweet and savory sauces, relishes, spreads, and seasonings",15.5,13,12,0.05,176.7,4-9-1997,5-7-1997,4-17-1997,42.68,La maison d'Asie,1 rue Alsace-Lorraine,Toulouse,,31000,France,24 - 250 ml bottles,39,0,5,0,LAMAI,La maison d'Asie,Annette Roulet,Sales Manager,1 rue Alsace-Lorraine,Toulouse,,31000,France,61.77.61.10,6,Michael Suyama,Sales Representative,10-17-1993,London,UK,1,Speedy Express,(503) 555-9831,6,Mayumi's,Mayumi Ohno,Japan
10500,28,R ssle Sauerkraut,Produce,Dried fruit and bean curd,45.6,45.6,8,0.05,346.56,4-9-1997,5-7-1997,4-17-1997,42.68,La maison d'Asie,1 rue Alsace-Lorraine,Toulouse,,31000,France,25 - 825 g cans,26,0,0,1,LAMAI,La maison d'Asie,Annette Roulet,Sales Manager,1 rue Alsace-Lorraine,Toulouse,,31000,France,61.77.61.10,6,Michael Suyama,Sales Representative,10-17-1993,London,UK,1,Speedy Express,(503) 555-9831,12,Plutzer Lebensmittelgro m rkte AG,Martin Bein,Germany
10501,54,Tourti re,Meat/Poultry,Prepared meats,7.45,7.45,20,0,149.0,4-9-1997,5-7-1997,4-16-1997,8.85,Blauer See Delikatessen,Forsterstr. 57,Mannheim,,68306,Germany,16 pies,21,0,10,0,BLAUS,Blauer See Delikatessen,Hanna Moos,Sales Representative,Forsterstr. 57,Mannheim,,68306,Germany,0621-08460,9,Anne Dodsworth,Sales Representative,11-15-1994,London,UK,3,Federal Shipping,(503) 555-9931,25,Ma Maison,Jean-Guy Lauzon,Canada
10502,45,Rogede sild,Seafood,Seaweed and fish,9.5,9.5,21,0,199.5,4-10-1997,5-8-1997,4-29-1997,69.32,Pericles Comidas cl sicas,Calle Dr. Jorge Cash 321,M xico D.F.,,05033,Mexico,1k pkg.,5,70,15,0,PERIC,Pericles Comidas cl sicas,Guillermo Fern ndez,Sales Representative,Calle Dr. Jorge Cash 321,M xico D.F.,,05033,Mexico,(5) 552-3745,2,Andrew Fuller,"Vice President, Sales",8-14-1992,Tacoma,USA,1,Speedy Express,(503) 555-9831,21,Lyngbysild,Niels Petersen,Denmark
10502,53,Perth Pasties,Meat/Poultry,Prepared meats,32.8,32.8,6,0,196.8,4-10-1997,5-8-1997,4-29-1997,69.32,Pericles Comidas cl sicas,Calle Dr. Jorge Cash 321,M xico D.F.,,05033,Mexico,48 pieces,0,0,0,1,PERIC,Pericles Comidas cl sicas,Guillermo Fern ndez,Sales Representative,Calle Dr. Jorge Cash 321,M xico D.F.,,05033,Mexico,(5) 552-3745,2,Andrew Fuller,"Vice President, Sales",8-14-1992,Tacoma,USA,1,Speedy Express,(503) 555-9831,24,"G'day, Mate",Wendy Mackenzie,Australia
10502,67,Laughing Lumberjack Lager,Beverages,"Soft drinks, coffees, teas, beers, and ales",14,14,30,0,420.0,4-10-1997,5-8-1997,4-29-1997,69.32,Pericles Comidas cl sicas,Calle Dr. Jorge Cash 321,M xico D.F.,,05033,Mexico,24 - 12 oz bottles,52,0,10,0,PERIC,Pericles Comidas cl sicas,Guillermo Fern ndez,Sales Representative,Calle Dr. Jorge Cash 321,M xico D.F.,,05033,Mexico,(5) 552-3745,2,Andrew Fuller,"Vice President, Sales",8-14-1992,Tacoma,USA,1,Speedy Express,(503) 555-9831,16,Bigfoot Breweries,Cheryl Saylor,USA
10503,14,Tofu,Produce,Dried fruit and bean curd,23.25,23.25,70,0,1627.5,4-11-1997,5-9-1997,4-16-1997,16.74,Hungry Owl All-Night Grocers,8 Johnstown Road,Cork,Co. Cork,,Ireland,40 - 100 g pkgs.,35,0,0,0,HUNGO,Hungry Owl All-Night Grocers,Patricia McKenna,Sales Associate,8 Johnstown Road,Cork,Co. Cork,,Ireland,2967 542,6,Michael Suyama,Sales Representative,10-17-1993,London,UK,2,United Package,(503) 555-3199,6,Mayumi's,Mayumi Ohno,Japan
10503,65,Louisiana Fiery Hot Pepper Sauce,Condiments,"Sweet and savory sauces, relishes, spreads, and seasonings",21.05,21.05,20,0,421.0,4-11-1997,5-9-1997,4-16-1997,16.74,Hungry Owl All-Night Grocers,8 Johnstown Road,Cork,Co. Cork,,Ireland,32 - 8 oz bottles,76,0,0,0,HUNGO,Hungry Owl All-Night Grocers,Patricia McKenna,Sales Associate,8 Johnstown Road,Cork,Co. Cork,,Ireland,2967 542,6,Michael Suyama,Sales Representative,10-17-1993,London,UK,2,United Package,(503) 555-3199,2,New Orleans Cajun Delights,Shelley Burke,USA
10504,2,Chang,Beverages,"Soft drinks, coffees, teas, beers, and ales",19,19,12,0,228.0,4-11-1997,5-9-1997,4-18-1997,59.13,White Clover Markets,1029 - 12th Ave. S.,Seattle,WA,98124,USA,24 - 12 oz bottles,17,40,25,1,WHITC,White Clover Markets,Karl Jablonski,Owner,305 - 14th Ave. S. Suite 3B,Seattle,WA,98128,USA,(206) 555-4112,4,Margaret Peacock,Sales Representative,5-3-1993,Redmond,USA,3,Federal Shipping,(503) 555-9931,1,Exotic Liquids,Charlotte Cooper,UK
10504,21,Sir Rodney's Scones,Confections,"Desserts, candies, and sweet breads",10,10,12,0,120.0,4-11-1997,5-9-1997,4-18-1997,59.13,White Clover Markets,1029 - 12th Ave. S.,Seattle,WA,98124,USA,24 pkgs. x 4 pieces,3,40,5,0,WHITC,White Clover Markets,Karl Jablonski,Owner,305 - 14th Ave. S. Suite 3B,Seattle,WA,98128,USA,(206) 555-4112,4,Margaret Peacock,Sales Representative,5-3-1993,Redmond,USA,3,Federal Shipping,(503) 555-9931,8,"Specialty Biscuits, Ltd.",Peter Wilson,UK
10504,53,Perth Pasties,Meat/Poultry,Prepared meats,32.8,32.8,10,0,328.0,4-11-1997,5-9-1997,4-18-1997,59.13,White Clover Markets,1029 - 12th Ave. S.,Seattle,WA,98124,USA,48 pieces,0,0,0,1,WHITC,White Clover Markets,Karl Jablonski,Owner,305 - 14th Ave. S. Suite 3B,Seattle,WA,98128,USA,(206) 555-4112,4,Margaret Peacock,Sales Representative,5-3-1993,Redmond,USA,3,Federal Shipping,(503) 555-9931,24,"G'day, Mate",Wendy Mackenzie,Australia
10504,61,Sirop d' rable,Condiments,"Sweet and savory sauces, relishes, spreads, and seasonings",28.5,28.5,25,0,712.5,4-11-1997,5-9-1997,4-18-1997,59.13,White Clover Markets,1029 - 12th Ave. S.,Seattle,WA,98124,USA,24 - 500 ml bottles,113,0,25,0,WHITC,White Clover Markets,Karl Jablonski,Owner,305 - 14th Ave. S. Suite 3B,Seattle,WA,98128,USA,(206) 555-4112,4,Margaret Peacock,Sales Representative,5-3-1993,Redmond,USA,3,Federal Shipping,(503) 555-9931,29,For ts d' rables,Chantal Goulet,Canada
10505,62,Tarte au sucre,Confections,"Desserts, candies, and sweet breads",49.3,49.3,3,0,147.9,4-14-1997,5-12-1997,4-21-1997,7.13,M re Paillarde,43 rue St. Laurent,Montr al,Qu bec,H1J 1C3,Canada,48 pies,17,0,0,0,MEREP,M re Paillarde,Jean Fresni re,Marketing Assistant,43 rue St. Laurent,Montr al,Qu bec,H1J 1C3,Canada,(514) 555-8054,3,Janet Leverling,Sales Representative,4-1-1992,Kirkland,USA,3,Federal Shipping,(503) 555-9931,29,For ts d' rables,Chantal Goulet,Canada
10506,25,NuNuCa Nu -Nougat-Creme,Confections,"Desserts, candies, and sweet breads",14,14,18,0.1,226.8,4-15-1997,5-13-1997,5-2-1997,21.19,K niglich Essen,Maubelstr. 90,Brandenburg,,14776,Germany,20 - 450 g glasses,76,0,30,0,KOENE,K niglich Essen,Philip Cramer,Sales Associate,Maubelstr. 90,Brandenburg,,14776,Germany,0555-09876,9,Anne Dodsworth,Sales Representative,11-15-1994,London,UK,2,United Package,(503) 555-3199,11,Heli S  waren GmbH & Co. KG,Petra Winkler,Germany
10506,70,Outback Lager,Beverages,"Soft drinks, coffees, teas, beers, and ales",15,15,14,0.1,189.0,4-15-1997,5-13-1997,5-2-1997,21.19,K niglich Essen,Maubelstr. 90,Brandenburg,,14776,Germany,24 - 355 ml bottles,15,10,30,0,KOENE,K niglich Essen,Philip Cramer,Sales Associate,Maubelstr. 90,Brandenburg,,14776,Germany,0555-09876,9,Anne Dodsworth,Sales Representative,11-15-1994,London,UK,2,United Package,(503) 555-3199,7,"Pavlova, Ltd.",Ian Devling,Australia
10507,43,Ipoh Coffee,Beverages,"Soft drinks, coffees, teas, beers, and ales",46,46,15,0.15,586.5,4-15-1997,5-13-1997,4-22-1997,47.45,Antonio Moreno Taquer a,Mataderos  2312,M xico D.F.,,05023,Mexico,16 - 500 g tins,17,10,25,0,ANTON,Antonio Moreno Taquer a,Antonio Moreno,Owner,Mataderos  2312,M xico D.F.,,05023,Mexico,(5) 555-3932,7,Robert King,Sales Representative,1-2-1994,London,UK,1,Speedy Express,(503) 555-9831,20,Leka Trading,Chandra Leka,Singapore
10507,48,Chocolade,Confections,"Desserts, candies, and sweet breads",12.75,12.75,15,0.15,162.56,4-15-1997,5-13-1997,4-22-1997,47.45,Antonio Moreno Taquer a,Mataderos  2312,M xico D.F.,,05023,Mexico,10 pkgs.,15,70,25,0,ANTON,Antonio Moreno Taquer a,Antonio Moreno,Owner,Mataderos  2312,M xico D.F.,,05023,Mexico,(5) 555-3932,7,Robert King,Sales Representative,1-2-1994,London,UK,1,Speedy Express,(503) 555-9831,22,Zaanse Snoepfabriek,Dirk Luchte,Netherlands
10508,13,Konbu,Seafood,Seaweed and fish,6,6,10,0,60.0,4-16-1997,5-14-1997,5-13-1997,4.99,Ottilies K seladen,Mehrheimerstr. 369,K ln,,50739,Germany,2 kg box,24,0,5,0,OTTIK,Ottilies K seladen,Henriette Pfalzheim,Owner,Mehrheimerstr. 369,K ln,,50739,Germany,0221-0644327,1,Nancy Davolio,Sales Representative,5-1-1992,Seattle,USA,2,United Package,(503) 555-3199,6,Mayumi's,Mayumi Ohno,Japan
10508,39,Chartreuse verte,Beverages,"Soft drinks, coffees, teas, beers, and ales",18,18,10,0,180.0,4-16-1997,5-14-1997,5-13-1997,4.99,Ottilies K seladen,Mehrheimerstr. 369,K ln,,50739,Germany,750 cc per bottle,69,0,5,0,OTTIK,Ottilies K seladen,Henriette Pfalzheim,Owner,Mehrheimerstr. 369,K ln,,50739,Germany,0221-0644327,1,Nancy Davolio,Sales Representative,5-1-1992,Seattle,USA,2,United Package,(503) 555-3199,18,Aux joyeux eccl siastiques,Guyl ne Nodier,France
10509,28,R ssle Sauerkraut,Produce,Dried fruit and bean curd,45.6,45.6,3,0,136.8,4-17-1997,5-15-1997,4-29-1997,0.15,Blauer See Delikatessen,Forsterstr. 57,Mannheim,,68306,Germany,25 - 825 g cans,26,0,0,1,BLAUS,Blauer See Delikatessen,Hanna Moos,Sales Representative,Forsterstr. 57,Mannheim,,68306,Germany,0621-08460,4,Margaret Peacock,Sales Representative,5-3-1993,Redmond,USA,1,Speedy Express,(503) 555-9831,12,Plutzer Lebensmittelgro m rkte AG,Martin Bein,Germany
10510,29,Th ringer Rostbratwurst,Meat/Poultry,Prepared meats,123.79,123.79,36,0,4456.44,4-18-1997,5-16-1997,4-28-1997,367.63,Save-a-lot Markets,187 Suffolk Ln.,Boise,ID,83720,USA,50 bags x 30 sausgs.,0,0,0,1,SAVEA,Save-a-lot Markets,Jose Pavarotti,Sales Representative,187 Suffolk Ln.,Boise,ID,83720,USA,(208) 555-8097,6,Michael Suyama,Sales Representative,10-17-1993,London,UK,3,Federal Shipping,(503) 555-9931,12,Plutzer Lebensmittelgro m rkte AG,Martin Bein,Germany
10510,75,Rh nbr u Klosterbier,Beverages,"Soft drinks, coffees, teas, beers, and ales",7.75,7.75,36,0.1,251.1,4-18-1997,5-16-1997,4-28-1997,367.63,Save-a-lot Markets,187 Suffolk Ln.,Boise,ID,83720,USA,24 - 0.5 l bottles,125,0,25,0,SAVEA,Save-a-lot Markets,Jose Pavarotti,Sales Representative,187 Suffolk Ln.,Boise,ID,83720,USA,(208) 555-8097,6,Michael Suyama,Sales Representative,10-17-1993,London,UK,3,Federal Shipping,(503) 555-9931,12,Plutzer Lebensmittelgro m rkte AG,Martin Bein,Germany
10511,4,Chef Anton's Cajun Seasoning,Condiments,"Sweet and savory sauces, relishes, spreads, and seasonings",22,22,50,0.15,935.0,4-18-1997,5-16-1997,4-21-1997,350.64,Bon app',"12, rue des Bouchers",Marseille,,13008,France,48 - 6 oz jars,53,0,0,0,BONAP,Bon app',Laurence Lebihan,Owner,"12, rue des Bouchers",Marseille,,13008,France,91.24.45.40,4,Margaret Peacock,Sales Representative,5-3-1993,Redmond,USA,3,Federal Shipping,(503) 555-9931,2,New Orleans Cajun Delights,Shelley Burke,USA
10511,7,Uncle Bob's Organic Dried Pears,Produce,Dried fruit and bean curd,30,30,50,0.15,1275.0,4-18-1997,5-16-1997,4-21-1997,350.64,Bon app',"12, rue des Bouchers",Marseille,,13008,France,12 - 1 lb pkgs.,15,0,10,0,BONAP,Bon app',Laurence Lebihan,Owner,"12, rue des Bouchers",Marseille,,13008,France,91.24.45.40,4,Margaret Peacock,Sales Representative,5-3-1993,Redmond,USA,3,Federal Shipping,(503) 555-9931,3,Grandma Kelly's Homestead,Regina Murphy,USA
10511,8,Northwoods Cranberry Sauce,Condiments,"Sweet and savory sauces, relishes, spreads, and seasonings",40,40,10,0.15,340.0,4-18-1997,5-16-1997,4-21-1997,350.64,Bon app',"12, rue des Bouchers",Marseille,,13008,France,12 - 12 oz jars,6,0,0,0,BONAP,Bon app',Laurence Lebihan,Owner,"12, rue des Bouchers",Marseille,,13008,France,91.24.45.40,4,Margaret Peacock,Sales Representative,5-3-1993,Redmond,USA,3,Federal Shipping,(503) 555-9931,3,Grandma Kelly's Homestead,Regina Murphy,USA
10512,24,Guaran  Fant stica,Beverages,"Soft drinks, coffees, teas, beers, and ales",4.5,4.5,10,0.15,38.25,4-21-1997,5-19-1997,4-24-1997,3.53,Familia Arquibaldo,"Rua Or s, 92",Sao Paulo,SP,05442-030,Brazil,12 - 355 ml cans,20,0,0,1,FAMIA,Familia Arquibaldo,Aria Cruz,Marketing Assistant,"Rua Or s, 92",Sao Paulo,SP,05442-030,Brazil,(11) 555-9857,7,Robert King,Sales Representative,1-2-1994,London,UK,2,United Package,(503) 555-3199,10,Refrescos Americanas LTDA,Carlos Diaz,Brazil
10512,46,Spegesild,Seafood,Seaweed and fish,12,12,9,0.15,91.8,4-21-1997,5-19-1997,4-24-1997,3.53,Familia Arquibaldo,"Rua Or s, 92",Sao Paulo,SP,05442-030,Brazil,4 - 450 g glasses,95,0,0,0,FAMIA,Familia Arquibaldo,Aria Cruz,Marketing Assistant,"Rua Or s, 92",Sao Paulo,SP,05442-030,Brazil,(11) 555-9857,7,Robert King,Sales Representative,1-2-1994,London,UK,2,United Package,(503) 555-3199,21,Lyngbysild,Niels Petersen,Denmark
10512,47,Zaanse koeken,Confections,"Desserts, candies, and sweet breads",9.5,9.5,6,0.15,48.45,4-21-1997,5-19-1997,4-24-1997,3.53,Familia Arquibaldo,"Rua Or s, 92",Sao Paulo,SP,05442-030,Brazil,10 - 4 oz boxes,36,0,0,0,FAMIA,Familia Arquibaldo,Aria Cruz,Marketing Assistant,"Rua Or s, 92",Sao Paulo,SP,05442-030,Brazil,(11) 555-9857,7,Robert King,Sales Representative,1-2-1994,London,UK,2,United Package,(503) 555-3199,22,Zaanse Snoepfabriek,Dirk Luchte,Netherlands
10512,60,Camembert Pierrot,Dairy Products,Cheeses,34,34,12,0.15,346.8,4-21-1997,5-19-1997,4-24-1997,3.53,Familia Arquibaldo,"Rua Or s, 92",Sao Paulo,SP,05442-030,Brazil,15 - 300 g rounds,19,0,0,0,FAMIA,Familia Arquibaldo,Aria Cruz,Marketing Assistant,"Rua Or s, 92",Sao Paulo,SP,05442-030,Brazil,(11) 555-9857,7,Robert King,Sales Representative,1-2-1994,London,UK,2,United Package,(503) 555-3199,28,Gai p turage,Eliane Noz,France
10513,21,Sir Rodney's Scones,Confections,"Desserts, candies, and sweet breads",10,10,40,0.2,320.0,4-22-1997,6-3-1997,4-28-1997,105.65,Die Wandernde Kuh,Adenauerallee 900,Stuttgart,,70563,Germany,24 pkgs. x 4 pieces,3,40,5,0,WANDK,Die Wandernde Kuh,Rita M ller,Sales Representative,Adenauerallee 900,Stuttgart,,70563,Germany,0711-020361,7,Robert King,Sales Representative,1-2-1994,London,UK,1,Speedy Express,(503) 555-9831,8,"Specialty Biscuits, Ltd.",Peter Wilson,UK
10513,32,Mascarpone Fabioli,Dairy Products,Cheeses,32,32,50,0.2,1280.0,4-22-1997,6-3-1997,4-28-1997,105.65,Die Wandernde Kuh,Adenauerallee 900,Stuttgart,,70563,Germany,24 - 200 g pkgs.,9,40,25,0,WANDK,Die Wandernde Kuh,Rita M ller,Sales Representative,Adenauerallee 900,Stuttgart,,70563,Germany,0711-020361,7,Robert King,Sales Representative,1-2-1994,London,UK,1,Speedy Express,(503) 555-9831,14,Formaggi Fortini s.r.l.,Elio Rossi,Italy
10513,61,Sirop d' rable,Condiments,"Sweet and savory sauces, relishes, spreads, and seasonings",28.5,28.5,15,0.2,342.0,4-22-1997,6-3-1997,4-28-1997,105.65,Die Wandernde Kuh,Adenauerallee 900,Stuttgart,,70563,Germany,24 - 500 ml bottles,113,0,25,0,WANDK,Die Wandernde Kuh,Rita M ller,Sales Representative,Adenauerallee 900,Stuttgart,,70563,Germany,0711-020361,7,Robert King,Sales Representative,1-2-1994,London,UK,1,Speedy Express,(503) 555-9831,29,For ts d' rables,Chantal Goulet,Canada
10514,20,Sir Rodney's Marmalade,Confections,"Desserts, candies, and sweet breads",81,81,39,0,3159.0,4-22-1997,5-20-1997,5-16-1997,789.95,Ernst Handel,Kirchgasse 6,Graz,,8010,Austria,30 gift boxes,40,0,0,0,ERNSH,Ernst Handel,Roland Mendel,Sales Manager,Kirchgasse 6,Graz,,8010,Austria,7675-3425,3,Janet Leverling,Sales Representative,4-1-1992,Kirkland,USA,2,United Package,(503) 555-3199,8,"Specialty Biscuits, Ltd.",Peter Wilson,UK
10514,28,R ssle Sauerkraut,Produce,Dried fruit and bean curd,45.6,45.6,35,0,1596.0,4-22-1997,5-20-1997,5-16-1997,789.95,Ernst Handel,Kirchgasse 6,Graz,,8010,Austria,25 - 825 g cans,26,0,0,1,ERNSH,Ernst Handel,Roland Mendel,Sales Manager,Kirchgasse 6,Graz,,8010,Austria,7675-3425,3,Janet Leverling,Sales Representative,4-1-1992,Kirkland,USA,2,United Package,(503) 555-3199,12,Plutzer Lebensmittelgro m rkte AG,Martin Bein,Germany
10514,56,Gnocchi di nonna Alice,Grains/Cereals,"Breads, crackers, pasta, and cereal",38,38,70,0,2660.0,4-22-1997,5-20-1997,5-16-1997,789.95,Ernst Handel,Kirchgasse 6,Graz,,8010,Austria,24 - 250 g pkgs.,21,10,30,0,ERNSH,Ernst Handel,Roland Mendel,Sales Manager,Kirchgasse 6,Graz,,8010,Austria,7675-3425,3,Janet Leverling,Sales Representative,4-1-1992,Kirkland,USA,2,United Package,(503) 555-3199,26,Pasta Buttini s.r.l.,Giovanni Giudici,Italy
10514,65,Louisiana Fiery Hot Pepper Sauce,Condiments,"Sweet and savory sauces, relishes, spreads, and seasonings",21.05,21.05,39,0,820.95,4-22-1997,5-20-1997,5-16-1997,789.95,Ernst Handel,Kirchgasse 6,Graz,,8010,Austria,32 - 8 oz bottles,76,0,0,0,ERNSH,Ernst Handel,Roland Mendel,Sales Manager,Kirchgasse 6,Graz,,8010,Austria,7675-3425,3,Janet Leverling,Sales Representative,4-1-1992,Kirkland,USA,2,United Package,(503) 555-3199,2,New Orleans Cajun Delights,Shelley Burke,USA
10514,75,Rh nbr u Klosterbier,Beverages,"Soft drinks, coffees, teas, beers, and ales",7.75,7.75,50,0,387.5,4-22-1997,5-20-1997,5-16-1997,789.95,Ernst Handel,Kirchgasse 6,Graz,,8010,Austria,24 - 0.5 l bottles,125,0,25,0,ERNSH,Ernst Handel,Roland Mendel,Sales Manager,Kirchgasse 6,Graz,,8010,Austria,7675-3425,3,Janet Leverling,Sales Representative,4-1-1992,Kirkland,USA,2,United Package,(503) 555-3199,12,Plutzer Lebensmittelgro m rkte AG,Martin Bein,Germany
10515,9,Mishi Kobe Niku,Meat/Poultry,Prepared meats,97,97,16,0.15,1319.2,4-23-1997,5-7-1997,5-23-1997,204.47,QUICK-Stop,Taucherstra e 10,Cunewalde,,01307,Germany,18 - 500 g pkgs.,29,0,0,1,QUICK,QUICK-Stop,Horst Kloss,Accounting Manager,Taucherstra e 10,Cunewalde,,01307,Germany,0372-035188,2,Andrew Fuller,"Vice President, Sales",8-14-1992,Tacoma,USA,1,Speedy Express,(503) 555-9831,4,Tokyo Traders,Yoshi Nagase,Japan
10515,16,Pavlova,Confections,"Desserts, candies, and sweet breads",17.45,17.45,50,0,872.5,4-23-1997,5-7-1997,5-23-1997,204.47,QUICK-Stop,Taucherstra e 10,Cunewalde,,01307,Germany,32 - 500 g boxes,29,0,10,0,QUICK,QUICK-Stop,Horst Kloss,Accounting Manager,Taucherstra e 10,Cunewalde,,01307,Germany,0372-035188,2,Andrew Fuller,"Vice President, Sales",8-14-1992,Tacoma,USA,1,Speedy Express,(503) 555-9831,7,"Pavlova, Ltd.",Ian Devling,Australia
10515,27,Schoggi Schokolade,Confections,"Desserts, candies, and sweet breads",43.9,43.9,120,0,5268.0,4-23-1997,5-7-1997,5-23-1997,204.47,QUICK-Stop,Taucherstra e 10,Cunewalde,,01307,Germany,100 - 100 g pieces,49,0,30,0,QUICK,QUICK-Stop,Horst Kloss,Accounting Manager,Taucherstra e 10,Cunewalde,,01307,Germany,0372-035188,2,Andrew Fuller,"Vice President, Sales",8-14-1992,Tacoma,USA,1,Speedy Express,(503) 555-9831,11,Heli S  waren GmbH & Co. KG,Petra Winkler,Germany
10515,33,Geitost,Dairy Products,Cheeses,2.5,2.5,16,0.15,34.0,4-23-1997,5-7-1997,5-23-1997,204.47,QUICK-Stop,Taucherstra e 10,Cunewalde,,01307,Germany,500 g,112,0,20,0,QUICK,QUICK-Stop,Horst Kloss,Accounting Manager,Taucherstra e 10,Cunewalde,,01307,Germany,0372-035188,2,Andrew Fuller,"Vice President, Sales",8-14-1992,Tacoma,USA,1,Speedy Express,(503) 555-9831,15,Norske Meierier,Beate Vileid,Norway
10515,60,Camembert Pierrot,Dairy Products,Cheeses,34,34,84,0.15,2427.6,4-23-1997,5-7-1997,5-23-1997,204.47,QUICK-Stop,Taucherstra e 10,Cunewalde,,01307,Germany,15 - 300 g rounds,19,0,0,0,QUICK,QUICK-Stop,Horst Kloss,Accounting Manager,Taucherstra e 10,Cunewalde,,01307,Germany,0372-035188,2,Andrew Fuller,"Vice President, Sales",8-14-1992,Tacoma,USA,1,Speedy Express,(503) 555-9831,28,Gai p turage,Eliane Noz,France
10516,18,Carnarvon Tigers,Seafood,Seaweed and fish,62.5,62.5,25,0.1,1406.25,4-24-1997,5-22-1997,5-1-1997,62.78,Hungry Owl All-Night Grocers,8 Johnstown Road,Cork,Co. Cork,,Ireland,16 kg pkg.,42,0,0,0,HUNGO,Hungry Owl All-Night Grocers,Patricia McKenna,Sales Associate,8 Johnstown Road,Cork,Co. Cork,,Ireland,2967 542,2,Andrew Fuller,"Vice President, Sales",8-14-1992,Tacoma,USA,3,Federal Shipping,(503) 555-9931,7,"Pavlova, Ltd.",Ian Devling,Australia
10516,41,Jack's New England Clam Chowder,Seafood,Seaweed and fish,9.65,9.65,80,0.1,694.8,4-24-1997,5-22-1997,5-1-1997,62.78,Hungry Owl All-Night Grocers,8 Johnstown Road,Cork,Co. Cork,,Ireland,12 - 12 oz cans,85,0,10,0,HUNGO,Hungry Owl All-Night Grocers,Patricia McKenna,Sales Associate,8 Johnstown Road,Cork,Co. Cork,,Ireland,2967 542,2,Andrew Fuller,"Vice President, Sales",8-14-1992,Tacoma,USA,3,Federal Shipping,(503) 555-9931,19,New England Seafood Cannery,Robb Merchant,USA
10516,42,Singaporean Hokkien Fried Mee,Grains/Cereals,"Breads, crackers, pasta, and cereal",14,14,20,0,280.0,4-24-1997,5-22-1997,5-1-1997,62.78,Hungry Owl All-Night Grocers,8 Johnstown Road,Cork,Co. Cork,,Ireland,32 - 1 kg pkgs.,26,0,0,1,HUNGO,Hungry Owl All-Night Grocers,Patricia McKenna,Sales Associate,8 Johnstown Road,Cork,Co. Cork,,Ireland,2967 542,2,Andrew Fuller,"Vice President, Sales",8-14-1992,Tacoma,USA,3,Federal Shipping,(503) 555-9931,20,Leka Trading,Chandra Leka,Singapore
10517,52,Filo Mix,Grains/Cereals,"Breads, crackers, pasta, and cereal",7,7,6,0,42.0,4-24-1997,5-22-1997,4-29-1997,32.07,North/South,South House 300 Queensbridge,London,,SW7 1RZ,UK,16 - 2 kg boxes,38,0,25,0,NORTS,North/South,Simon Crowther,Sales Associate,South House 300 Queensbridge,London,,SW7 1RZ,UK,(171) 555-7733,3,Janet Leverling,Sales Representative,4-1-1992,Kirkland,USA,3,Federal Shipping,(503) 555-9931,24,"G'day, Mate",Wendy Mackenzie,Australia
10517,59,Raclette Courdavault,Dairy Products,Cheeses,55,55,4,0,220.0,4-24-1997,5-22-1997,4-29-1997,32.07,North/South,South House 300 Queensbridge,London,,SW7 1RZ,UK,5 kg pkg.,79,0,0,0,NORTS,North/South,Simon Crowther,Sales Associate,South House 300 Queensbridge,London,,SW7 1RZ,UK,(171) 555-7733,3,Janet Leverling,Sales Representative,4-1-1992,Kirkland,USA,3,Federal Shipping,(503) 555-9931,28,Gai p turage,Eliane Noz,France
10517,70,Outback Lager,Beverages,"Soft drinks, coffees, teas, beers, and ales",15,15,6,0,90.0,4-24-1997,5-22-1997,4-29-1997,32.07,North/South,South House 300 Queensbridge,London,,SW7 1RZ,UK,24 - 355 ml bottles,15,10,30,0,NORTS,North/South,Simon Crowther,Sales Associate,South House 300 Queensbridge,London,,SW7 1RZ,UK,(171) 555-7733,3,Janet Leverling,Sales Representative,4-1-1992,Kirkland,USA,3,Federal Shipping,(503) 555-9931,7,"Pavlova, Ltd.",Ian Devling,Australia
10518,24,Guaran  Fant stica,Beverages,"Soft drinks, coffees, teas, beers, and ales",4.5,4.5,5,0,22.5,4-25-1997,5-9-1997,5-5-1997,218.15,Tortuga Restaurante,Avda. Azteca 123,M xico D.F.,,05033,Mexico,12 - 355 ml cans,20,0,0,1,TORTU,Tortuga Restaurante,Miguel Angel Paolino,Owner,Avda. Azteca 123,M xico D.F.,,05033,Mexico,(5) 555-2933,4,Margaret Peacock,Sales Representative,5-3-1993,Redmond,USA,2,United Package,(503) 555-3199,10,Refrescos Americanas LTDA,Carlos Diaz,Brazil
10518,38,C te de Blaye,Beverages,"Soft drinks, coffees, teas, beers, and ales",263.5,263.5,15,0,3952.5,4-25-1997,5-9-1997,5-5-1997,218.15,Tortuga Restaurante,Avda. Azteca 123,M xico D.F.,,05033,Mexico,12 - 75 cl bottles,17,0,15,0,TORTU,Tortuga Restaurante,Miguel Angel Paolino,Owner,Avda. Azteca 123,M xico D.F.,,05033,Mexico,(5) 555-2933,4,Margaret Peacock,Sales Representative,5-3-1993,Redmond,USA,2,United Package,(503) 555-3199,18,Aux joyeux eccl siastiques,Guyl ne Nodier,France
10518,44,Gula Malacca,Condiments,"Sweet and savory sauces, relishes, spreads, and seasonings",19.45,19.45,9,0,175.05,4-25-1997,5-9-1997,5-5-1997,218.15,Tortuga Restaurante,Avda. Azteca 123,M xico D.F.,,05033,Mexico,20 - 2 kg bags,27,0,15,0,TORTU,Tortuga Restaurante,Miguel Angel Paolino,Owner,Avda. Azteca 123,M xico D.F.,,05033,Mexico,(5) 555-2933,4,Margaret Peacock,Sales Representative,5-3-1993,Redmond,USA,2,United Package,(503) 555-3199,20,Leka Trading,Chandra Leka,Singapore
10519,10,Ikura,Seafood,Seaweed and fish,31,31,16,0.05,471.2,4-28-1997,5-26-1997,5-1-1997,91.76,Chop-suey Chinese,Hauptstr. 31,Bern,,3012,Switzerland,12 - 200 ml jars,31,0,0,0,CHOPS,Chop-suey Chinese,Yang Wang,Owner,Hauptstr. 29,Bern,,3012,Switzerland,0452-076545,6,Michael Suyama,Sales Representative,10-17-1993,London,UK,3,Federal Shipping,(503) 555-9931,4,Tokyo Traders,Yoshi Nagase,Japan
10519,56,Gnocchi di nonna Alice,Grains/Cereals,"Breads, crackers, pasta, and cereal",38,38,40,0,1520.0,4-28-1997,5-26-1997,5-1-1997,91.76,Chop-suey Chinese,Hauptstr. 31,Bern,,3012,Switzerland,24 - 250 g pkgs.,21,10,30,0,CHOPS,Chop-suey Chinese,Yang Wang,Owner,Hauptstr. 29,Bern,,3012,Switzerland,0452-076545,6,Michael Suyama,Sales Representative,10-17-1993,London,UK,3,Federal Shipping,(503) 555-9931,26,Pasta Buttini s.r.l.,Giovanni Giudici,Italy
10519,60,Camembert Pierrot,Dairy Products,Cheeses,34,34,10,0.05,323.0,4-28-1997,5-26-1997,5-1-1997,91.76,Chop-suey Chinese,Hauptstr. 31,Bern,,3012,Switzerland,15 - 300 g rounds,19,0,0,0,CHOPS,Chop-suey Chinese,Yang Wang,Owner,Hauptstr. 29,Bern,,3012,Switzerland,0452-076545,6,Michael Suyama,Sales Representative,10-17-1993,London,UK,3,Federal Shipping,(503) 555-9931,28,Gai p turage,Eliane Noz,France
10520,24,Guaran  Fant stica,Beverages,"Soft drinks, coffees, teas, beers, and ales",4.5,4.5,8,0,36.0,4-29-1997,5-27-1997,5-1-1997,13.37,Sant  Gourmet,Erling Skakkes gate 78,Stavern,,4110,Norway,12 - 355 ml cans,20,0,0,1,SANTG,Sant  Gourmet,Jonas Bergulfsen,Owner,Erling Skakkes gate 78,Stavern,,4110,Norway,07-98 92 35,7,Robert King,Sales Representative,1-2-1994,London,UK,1,Speedy Express,(503) 555-9831,10,Refrescos Americanas LTDA,Carlos Diaz,Brazil
10520,53,Perth Pasties,Meat/Poultry,Prepared meats,32.8,32.8,5,0,164.0,4-29-1997,5-27-1997,5-1-1997,13.37,Sant  Gourmet,Erling Skakkes gate 78,Stavern,,4110,Norway,48 pieces,0,0,0,1,SANTG,Sant  Gourmet,Jonas Bergulfsen,Owner,Erling Skakkes gate 78,Stavern,,4110,Norway,07-98 92 35,7,Robert King,Sales Representative,1-2-1994,London,UK,1,Speedy Express,(503) 555-9831,24,"G'day, Mate",Wendy Mackenzie,Australia
10521,35,Steeleye Stout,Beverages,"Soft drinks, coffees, teas, beers, and ales",18,18,3,0,54.0,4-29-1997,5-27-1997,5-2-1997,17.22,Cactus Comidas para llevar,Cerrito 333,Buenos Aires,,1010,Argentina,24 - 12 oz bottles,20,0,15,0,CACTU,Cactus Comidas para llevar,Patricio Simpson,Sales Agent,Cerrito 333,Buenos Aires,,1010,Argentina,(1) 135-5555,8,Laura Callahan,Inside Sales Coordinator,3-5-1994,Seattle,USA,2,United Package,(503) 555-3199,16,Bigfoot Breweries,Cheryl Saylor,USA
10521,41,Jack's New England Clam Chowder,Seafood,Seaweed and fish,9.65,9.65,10,0,96.5,4-29-1997,5-27-1997,5-2-1997,17.22,Cactus Comidas para llevar,Cerrito 333,Buenos Aires,,1010,Argentina,12 - 12 oz cans,85,0,10,0,CACTU,Cactus Comidas para llevar,Patricio Simpson,Sales Agent,Cerrito 333,Buenos Aires,,1010,Argentina,(1) 135-5555,8,Laura Callahan,Inside Sales Coordinator,3-5-1994,Seattle,USA,2,United Package,(503) 555-3199,19,New England Seafood Cannery,Robb Merchant,USA
10521,68,Scottish Longbreads,Confections,"Desserts, candies, and sweet breads",12.5,12.5,6,0,75.0,4-29-1997,5-27-1997,5-2-1997,17.22,Cactus Comidas para llevar,Cerrito 333,Buenos Aires,,1010,Argentina,10 boxes x 8 pieces,6,10,15,0,CACTU,Cactus Comidas para llevar,Patricio Simpson,Sales Agent,Cerrito 333,Buenos Aires,,1010,Argentina,(1) 135-5555,8,Laura Callahan,Inside Sales Coordinator,3-5-1994,Seattle,USA,2,United Package,(503) 555-3199,8,"Specialty Biscuits, Ltd.",Peter Wilson,UK
10522,1,Chai,Beverages,"Soft drinks, coffees, teas, beers, and ales",18,18,40,0.2,576.0,4-30-1997,5-28-1997,5-6-1997,45.33,Lehmanns Marktstand,Magazinweg 7,Frankfurt a.M.,,60528,Germany,10 boxes x 30 bags,39,0,10,1,LEHMS,Lehmanns Marktstand,Renate Messner,Sales Representative,Magazinweg 7,Frankfurt a.M.,,60528,Germany,069-0245984,4,Margaret Peacock,Sales Representative,5-3-1993,Redmond,USA,1,Speedy Express,(503) 555-9831,8,"Specialty Biscuits, Ltd.",Peter Wilson,UK
10522,8,Northwoods Cranberry Sauce,Condiments,"Sweet and savory sauces, relishes, spreads, and seasonings",40,40,24,0,960.0,4-30-1997,5-28-1997,5-6-1997,45.33,Lehmanns Marktstand,Magazinweg 7,Frankfurt a.M.,,60528,Germany,12 - 12 oz jars,6,0,0,0,LEHMS,Lehmanns Marktstand,Renate Messner,Sales Representative,Magazinweg 7,Frankfurt a.M.,,60528,Germany,069-0245984,4,Margaret Peacock,Sales Representative,5-3-1993,Redmond,USA,1,Speedy Express,(503) 555-9831,3,Grandma Kelly's Homestead,Regina Murphy,USA
10522,30,Nord-Ost Matjeshering,Seafood,Seaweed and fish,25.89,25.89,20,0.2,414.24,4-30-1997,5-28-1997,5-6-1997,45.33,Lehmanns Marktstand,Magazinweg 7,Frankfurt a.M.,,60528,Germany,10 - 200 g glasses,10,0,15,0,LEHMS,Lehmanns Marktstand,Renate Messner,Sales Representative,Magazinweg 7,Frankfurt a.M.,,60528,Germany,069-0245984,4,Margaret Peacock,Sales Representative,5-3-1993,Redmond,USA,1,Speedy Express,(503) 555-9831,13,Nord-Ost-Fisch Handelsgesellschaft mbH,Sven Petersen,Germany
10522,40,Boston Crab Meat,Seafood,Seaweed and fish,18.4,18.4,25,0.2,368.0,4-30-1997,5-28-1997,5-6-1997,45.33,Lehmanns Marktstand,Magazinweg 7,Frankfurt a.M.,,60528,Germany,24 - 4 oz tins,123,0,30,0,LEHMS,Lehmanns Marktstand,Renate Messner,Sales Representative,Magazinweg 7,Frankfurt a.M.,,60528,Germany,069-0245984,4,Margaret Peacock,Sales Representative,5-3-1993,Redmond,USA,1,Speedy Express,(503) 555-9831,19,New England Seafood Cannery,Robb Merchant,USA
10523,17,Alice Mutton,Meat/Poultry,Prepared meats,39,39,25,0.1,877.5,5-1-1997,5-29-1997,5-30-1997,77.63,Seven Seas Imports,90 Wadhurst Rd.,London,,OX15 4NB,UK,20 - 1 kg tins,0,0,0,1,SEVES,Seven Seas Imports,Hari Kumar,Sales Manager,90 Wadhurst Rd.,London,,OX15 4NB,UK,(171) 555-1717,7,Robert King,Sales Representative,1-2-1994,London,UK,2,United Package,(503) 555-3199,7,"Pavlova, Ltd.",Ian Devling,Australia
10523,20,Sir Rodney's Marmalade,Confections,"Desserts, candies, and sweet breads",81,81,15,0.1,1093.5,5-1-1997,5-29-1997,5-30-1997,77.63,Seven Seas Imports,90 Wadhurst Rd.,London,,OX15 4NB,UK,30 gift boxes,40,0,0,0,SEVES,Seven Seas Imports,Hari Kumar,Sales Manager,90 Wadhurst Rd.,London,,OX15 4NB,UK,(171) 555-1717,7,Robert King,Sales Representative,1-2-1994,London,UK,2,United Package,(503) 555-3199,8,"Specialty Biscuits, Ltd.",Peter Wilson,UK
10523,37,Gravad lax,Seafood,Seaweed and fish,26,26,18,0.1,421.2,5-1-1997,5-29-1997,5-30-1997,77.63,Seven Seas Imports,90 Wadhurst Rd.,London,,OX15 4NB,UK,12 - 500 g pkgs.,11,50,25,0,SEVES,Seven Seas Imports,Hari Kumar,Sales Manager,90 Wadhurst Rd.,London,,OX15 4NB,UK,(171) 555-1717,7,Robert King,Sales Representative,1-2-1994,London,UK,2,United Package,(503) 555-3199,17,Svensk Sj f da AB,Michael Bj rn,Sweden
10523,41,Jack's New England Clam Chowder,Seafood,Seaweed and fish,9.65,9.65,6,0.1,52.11,5-1-1997,5-29-1997,5-30-1997,77.63,Seven Seas Imports,90 Wadhurst Rd.,London,,OX15 4NB,UK,12 - 12 oz cans,85,0,10,0,SEVES,Seven Seas Imports,Hari Kumar,Sales Manager,90 Wadhurst Rd.,London,,OX15 4NB,UK,(171) 555-1717,7,Robert King,Sales Representative,1-2-1994,London,UK,2,United Package,(503) 555-3199,19,New England Seafood Cannery,Robb Merchant,USA
10524,10,Ikura,Seafood,Seaweed and fish,31,31,2,0,62.0,5-1-1997,5-29-1997,5-7-1997,244.79,Berglunds snabbk p,Berguvsv gen  8,Lule,,S-958 22,Sweden,12 - 200 ml jars,31,0,0,0,BERGS,Berglunds snabbk p,Christina Berglund,Order Administrator,Berguvsv gen  8,Lule,,S-958 22,Sweden,0921-12 34 65,1,Nancy Davolio,Sales Representative,5-1-1992,Seattle,USA,2,United Package,(503) 555-3199,4,Tokyo Traders,Yoshi Nagase,Japan
10524,30,Nord-Ost Matjeshering,Seafood,Seaweed and fish,25.89,25.89,10,0,258.9,5-1-1997,5-29-1997,5-7-1997,244.79,Berglunds snabbk p,Berguvsv gen  8,Lule,,S-958 22,Sweden,10 - 200 g glasses,10,0,15,0,BERGS,Berglunds snabbk p,Christina Berglund,Order Administrator,Berguvsv gen  8,Lule,,S-958 22,Sweden,0921-12 34 65,1,Nancy Davolio,Sales Representative,5-1-1992,Seattle,USA,2,United Package,(503) 555-3199,13,Nord-Ost-Fisch Handelsgesellschaft mbH,Sven Petersen,Germany
10524,43,Ipoh Coffee,Beverages,"Soft drinks, coffees, teas, beers, and ales",46,46,60,0,2760.0,5-1-1997,5-29-1997,5-7-1997,244.79,Berglunds snabbk p,Berguvsv gen  8,Lule,,S-958 22,Sweden,16 - 500 g tins,17,10,25,0,BERGS,Berglunds snabbk p,Christina Berglund,Order Administrator,Berguvsv gen  8,Lule,,S-958 22,Sweden,0921-12 34 65,1,Nancy Davolio,Sales Representative,5-1-1992,Seattle,USA,2,United Package,(503) 555-3199,20,Leka Trading,Chandra Leka,Singapore
10524,54,Tourti re,Meat/Poultry,Prepared meats,7.45,7.45,15,0,111.75,5-1-1997,5-29-1997,5-7-1997,244.79,Berglunds snabbk p,Berguvsv gen  8,Lule,,S-958 22,Sweden,16 pies,21,0,10,0,BERGS,Berglunds snabbk p,Christina Berglund,Order Administrator,Berguvsv gen  8,Lule,,S-958 22,Sweden,0921-12 34 65,1,Nancy Davolio,Sales Representative,5-1-1992,Seattle,USA,2,United Package,(503) 555-3199,25,Ma Maison,Jean-Guy Lauzon,Canada
10525,36,Inlagd Sill,Seafood,Seaweed and fish,19,19,30,0,570.0,5-2-1997,5-30-1997,5-23-1997,11.06,Bon app',"12, rue des Bouchers",Marseille,,13008,France,24 - 250 g  jars,112,0,20,0,BONAP,Bon app',Laurence Lebihan,Owner,"12, rue des Bouchers",Marseille,,13008,France,91.24.45.40,1,Nancy Davolio,Sales Representative,5-1-1992,Seattle,USA,2,United Package,(503) 555-3199,17,Svensk Sj f da AB,Michael Bj rn,Sweden
10525,40,Boston Crab Meat,Seafood,Seaweed and fish,18.4,18.4,15,0.1,248.4,5-2-1997,5-30-1997,5-23-1997,11.06,Bon app',"12, rue des Bouchers",Marseille,,13008,France,24 - 4 oz tins,123,0,30,0,BONAP,Bon app',Laurence Lebihan,Owner,"12, rue des Bouchers",Marseille,,13008,France,91.24.45.40,1,Nancy Davolio,Sales Representative,5-1-1992,Seattle,USA,2,United Package,(503) 555-3199,19,New England Seafood Cannery,Robb Merchant,USA
10526,1,Chai,Beverages,"Soft drinks, coffees, teas, beers, and ales",18,18,8,0.15,122.4,5-5-1997,6-2-1997,5-15-1997,58.59,Wartian Herkku,Torikatu 38,Oulu,,90110,Finland,10 boxes x 30 bags,39,0,10,1,WARTH,Wartian Herkku,Pirkko Koskitalo,Accounting Manager,Torikatu 38,Oulu,,90110,Finland,981-443655,4,Margaret Peacock,Sales Representative,5-3-1993,Redmond,USA,2,United Package,(503) 555-3199,8,"Specialty Biscuits, Ltd.",Peter Wilson,UK
10526,13,Konbu,Seafood,Seaweed and fish,6,6,10,0,60.0,5-5-1997,6-2-1997,5-15-1997,58.59,Wartian Herkku,Torikatu 38,Oulu,,90110,Finland,2 kg box,24,0,5,0,WARTH,Wartian Herkku,Pirkko Koskitalo,Accounting Manager,Torikatu 38,Oulu,,90110,Finland,981-443655,4,Margaret Peacock,Sales Representative,5-3-1993,Redmond,USA,2,United Package,(503) 555-3199,6,Mayumi's,Mayumi Ohno,Japan
10526,56,Gnocchi di nonna Alice,Grains/Cereals,"Breads, crackers, pasta, and cereal",38,38,30,0.15,969.0,5-5-1997,6-2-1997,5-15-1997,58.59,Wartian Herkku,Torikatu 38,Oulu,,90110,Finland,24 - 250 g pkgs.,21,10,30,0,WARTH,Wartian Herkku,Pirkko Koskitalo,Accounting Manager,Torikatu 38,Oulu,,90110,Finland,981-443655,4,Margaret Peacock,Sales Representative,5-3-1993,Redmond,USA,2,United Package,(503) 555-3199,26,Pasta Buttini s.r.l.,Giovanni Giudici,Italy
10527,4,Chef Anton's Cajun Seasoning,Condiments,"Sweet and savory sauces, relishes, spreads, and seasonings",22,22,50,0.1,990.0,5-5-1997,6-2-1997,5-7-1997,41.9,QUICK-Stop,Taucherstra e 10,Cunewalde,,01307,Germany,48 - 6 oz jars,53,0,0,0,QUICK,QUICK-Stop,Horst Kloss,Accounting Manager,Taucherstra e 10,Cunewalde,,01307,Germany,0372-035188,7,Robert King,Sales Representative,1-2-1994,London,UK,1,Speedy Express,(503) 555-9831,2,New Orleans Cajun Delights,Shelley Burke,USA
10527,36,Inlagd Sill,Seafood,Seaweed and fish,19,19,30,0.1,513.0,5-5-1997,6-2-1997,5-7-1997,41.9,QUICK-Stop,Taucherstra e 10,Cunewalde,,01307,Germany,24 - 250 g  jars,112,0,20,0,QUICK,QUICK-Stop,Horst Kloss,Accounting Manager,Taucherstra e 10,Cunewalde,,01307,Germany,0372-035188,7,Robert King,Sales Representative,1-2-1994,London,UK,1,Speedy Express,(503) 555-9831,17,Svensk Sj f da AB,Michael Bj rn,Sweden
10528,11,Queso Cabrales,Dairy Products,Cheeses,21,21,3,0,63.0,5-6-1997,5-20-1997,5-9-1997,3.35,Great Lakes Food Market,2732 Baker Blvd.,Eugene,OR,97403,USA,1 kg pkg.,22,30,30,0,GREAL,Great Lakes Food Market,Howard Snyder,Marketing Manager,2732 Baker Blvd.,Eugene,OR,97403,USA,(503) 555-7555,6,Michael Suyama,Sales Representative,10-17-1993,London,UK,2,United Package,(503) 555-3199,5,Cooperativa de Quesos 'Las Cabras',Antonio del Valle Saavedra,Spain
10528,33,Geitost,Dairy Products,Cheeses,2.5,2.5,8,0.2,16.0,5-6-1997,5-20-1997,5-9-1997,3.35,Great Lakes Food Market,2732 Baker Blvd.,Eugene,OR,97403,USA,500 g,112,0,20,0,GREAL,Great Lakes Food Market,Howard Snyder,Marketing Manager,2732 Baker Blvd.,Eugene,OR,97403,USA,(503) 555-7555,6,Michael Suyama,Sales Representative,10-17-1993,London,UK,2,United Package,(503) 555-3199,15,Norske Meierier,Beate Vileid,Norway
10528,72,Mozzarella di Giovanni,Dairy Products,Cheeses,34.8,34.8,9,0,313.2,5-6-1997,5-20-1997,5-9-1997,3.35,Great Lakes Food Market,2732 Baker Blvd.,Eugene,OR,97403,USA,24 - 200 g pkgs.,14,0,0,0,GREAL,Great Lakes Food Market,Howard Snyder,Marketing Manager,2732 Baker Blvd.,Eugene,OR,97403,USA,(503) 555-7555,6,Michael Suyama,Sales Representative,10-17-1993,London,UK,2,United Package,(503) 555-3199,14,Formaggi Fortini s.r.l.,Elio Rossi,Italy
10529,55,P t  chinois,Meat/Poultry,Prepared meats,24,24,14,0,336.0,5-7-1997,6-4-1997,5-9-1997,66.69,Maison Dewey,Rue Joseph-Bens 532,Bruxelles,,B-1180,Belgium,24 boxes x 2 pies,115,0,20,0,MAISD,Maison Dewey,Catherine Dewey,Sales Agent,Rue Joseph-Bens 532,Bruxelles,,B-1180,Belgium,(02) 201 24 67,5,Steven Buchanan,Sales Manager,10-17-1993,London,UK,2,United Package,(503) 555-3199,25,Ma Maison,Jean-Guy Lauzon,Canada
10529,68,Scottish Longbreads,Confections,"Desserts, candies, and sweet breads",12.5,12.5,20,0,250.0,5-7-1997,6-4-1997,5-9-1997,66.69,Maison Dewey,Rue Joseph-Bens 532,Bruxelles,,B-1180,Belgium,10 boxes x 8 pieces,6,10,15,0,MAISD,Maison Dewey,Catherine Dewey,Sales Agent,Rue Joseph-Bens 532,Bruxelles,,B-1180,Belgium,(02) 201 24 67,5,Steven Buchanan,Sales Manager,10-17-1993,London,UK,2,United Package,(503) 555-3199,8,"Specialty Biscuits, Ltd.",Peter Wilson,UK
10529,69,Gudbrandsdalsost,Dairy Products,Cheeses,36,36,10,0,360.0,5-7-1997,6-4-1997,5-9-1997,66.69,Maison Dewey,Rue Joseph-Bens 532,Bruxelles,,B-1180,Belgium,10 kg pkg.,26,0,15,0,MAISD,Maison Dewey,Catherine Dewey,Sales Agent,Rue Joseph-Bens 532,Bruxelles,,B-1180,Belgium,(02) 201 24 67,5,Steven Buchanan,Sales Manager,10-17-1993,London,UK,2,United Package,(503) 555-3199,15,Norske Meierier,Beate Vileid,Norway
10530,17,Alice Mutton,Meat/Poultry,Prepared meats,39,39,40,0,1560.0,5-8-1997,6-5-1997,5-12-1997,339.22,Piccolo und mehr,Geislweg 14,Salzburg,,5020,Austria,20 - 1 kg tins,0,0,0,1,PICCO,Piccolo und mehr,Georg Pipps,Sales Manager,Geislweg 14,Salzburg,,5020,Austria,6562-9722,3,Janet Leverling,Sales Representative,4-1-1992,Kirkland,USA,2,United Package,(503) 555-3199,7,"Pavlova, Ltd.",Ian Devling,Australia
10530,43,Ipoh Coffee,Beverages,"Soft drinks, coffees, teas, beers, and ales",46,46,25,0,1150.0,5-8-1997,6-5-1997,5-12-1997,339.22,Piccolo und mehr,Geislweg 14,Salzburg,,5020,Austria,16 - 500 g tins,17,10,25,0,PICCO,Piccolo und mehr,Georg Pipps,Sales Manager,Geislweg 14,Salzburg,,5020,Austria,6562-9722,3,Janet Leverling,Sales Representative,4-1-1992,Kirkland,USA,2,United Package,(503) 555-3199,20,Leka Trading,Chandra Leka,Singapore
10530,61,Sirop d' rable,Condiments,"Sweet and savory sauces, relishes, spreads, and seasonings",28.5,28.5,20,0,570.0,5-8-1997,6-5-1997,5-12-1997,339.22,Piccolo und mehr,Geislweg 14,Salzburg,,5020,Austria,24 - 500 ml bottles,113,0,25,0,PICCO,Piccolo und mehr,Georg Pipps,Sales Manager,Geislweg 14,Salzburg,,5020,Austria,6562-9722,3,Janet Leverling,Sales Representative,4-1-1992,Kirkland,USA,2,United Package,(503) 555-3199,29,For ts d' rables,Chantal Goulet,Canada
10530,76,Lakkalik  ri,Beverages,"Soft drinks, coffees, teas, beers, and ales",18,18,50,0,900.0,5-8-1997,6-5-1997,5-12-1997,339.22,Piccolo und mehr,Geislweg 14,Salzburg,,5020,Austria,500 ml,57,0,20,0,PICCO,Piccolo und mehr,Georg Pipps,Sales Manager,Geislweg 14,Salzburg,,5020,Austria,6562-9722,3,Janet Leverling,Sales Representative,4-1-1992,Kirkland,USA,2,United Package,(503) 555-3199,23,Karkki Oy,Anne Heikkonen,Finland
10531,59,Raclette Courdavault,Dairy Products,Cheeses,55,55,2,0,110.0,5-8-1997,6-5-1997,5-19-1997,8.12,Oc ano Atl ntico Ltda.,Ing. Gustavo Moncada 8585 Piso 20-A,Buenos Aires,,1010,Argentina,5 kg pkg.,79,0,0,0,OCEAN,Oc ano Atl ntico Ltda.,Yvonne Moncada,Sales Agent,Ing. Gustavo Moncada 8585 Piso 20-A,Buenos Aires,,1010,Argentina,(1) 135-5333,7,Robert King,Sales Representative,1-2-1994,London,UK,1,Speedy Express,(503) 555-9831,28,Gai p turage,Eliane Noz,France
10532,30,Nord-Ost Matjeshering,Seafood,Seaweed and fish,25.89,25.89,15,0,388.35,5-9-1997,6-6-1997,5-12-1997,74.46,Eastern Connection,35 King George,London,,WX3 6FW,UK,10 - 200 g glasses,10,0,15,0,EASTC,Eastern Connection,Ann Devon,Sales Agent,35 King George,London,,WX3 6FW,UK,(171) 555-0297,7,Robert King,Sales Representative,1-2-1994,London,UK,3,Federal Shipping,(503) 555-9931,13,Nord-Ost-Fisch Handelsgesellschaft mbH,Sven Petersen,Germany
10532,66,Louisiana Hot Spiced Okra,Condiments,"Sweet and savory sauces, relishes, spreads, and seasonings",17,17,24,0,408.0,5-9-1997,6-6-1997,5-12-1997,74.46,Eastern Connection,35 King George,London,,WX3 6FW,UK,24 - 8 oz jars,4,100,20,0,EASTC,Eastern Connection,Ann Devon,Sales Agent,35 King George,London,,WX3 6FW,UK,(171) 555-0297,7,Robert King,Sales Representative,1-2-1994,London,UK,3,Federal Shipping,(503) 555-9931,2,New Orleans Cajun Delights,Shelley Burke,USA
10533,4,Chef Anton's Cajun Seasoning,Condiments,"Sweet and savory sauces, relishes, spreads, and seasonings",22,22,50,0.05,1045.0,5-12-1997,6-9-1997,5-22-1997,188.04,Folk och f  HB,kergatan 24,Br cke,,S-844 67,Sweden,48 - 6 oz jars,53,0,0,0,FOLKO,Folk och f  HB,Maria Larsson,Owner,kergatan 24,Br cke,,S-844 67,Sweden,0695-34 67 21,8,Laura Callahan,Inside Sales Coordinator,3-5-1994,Seattle,USA,1,Speedy Express,(503) 555-9831,2,New Orleans Cajun Delights,Shelley Burke,USA
10533,72,Mozzarella di Giovanni,Dairy Products,Cheeses,34.8,34.8,24,0,835.2,5-12-1997,6-9-1997,5-22-1997,188.04,Folk och f  HB,kergatan 24,Br cke,,S-844 67,Sweden,24 - 200 g pkgs.,14,0,0,0,FOLKO,Folk och f  HB,Maria Larsson,Owner,kergatan 24,Br cke,,S-844 67,Sweden,0695-34 67 21,8,Laura Callahan,Inside Sales Coordinator,3-5-1994,Seattle,USA,1,Speedy Express,(503) 555-9831,14,Formaggi Fortini s.r.l.,Elio Rossi,Italy
10533,73,R d Kaviar,Seafood,Seaweed and fish,15,15,24,0.05,342.0,5-12-1997,6-9-1997,5-22-1997,188.04,Folk och f  HB,kergatan 24,Br cke,,S-844 67,Sweden,24 - 150 g jars,101,0,5,0,FOLKO,Folk och f  HB,Maria Larsson,Owner,kergatan 24,Br cke,,S-844 67,Sweden,0695-34 67 21,8,Laura Callahan,Inside Sales Coordinator,3-5-1994,Seattle,USA,1,Speedy Express,(503) 555-9831,17,Svensk Sj f da AB,Michael Bj rn,Sweden
10534,30,Nord-Ost Matjeshering,Seafood,Seaweed and fish,25.89,25.89,10,0,258.9,5-12-1997,6-9-1997,5-14-1997,27.94,Lehmanns Marktstand,Magazinweg 7,Frankfurt a.M.,,60528,Germany,10 - 200 g glasses,10,0,15,0,LEHMS,Lehmanns Marktstand,Renate Messner,Sales Representative,Magazinweg 7,Frankfurt a.M.,,60528,Germany,069-0245984,8,Laura Callahan,Inside Sales Coordinator,3-5-1994,Seattle,USA,2,United Package,(503) 555-3199,13,Nord-Ost-Fisch Handelsgesellschaft mbH,Sven Petersen,Germany
10534,40,Boston Crab Meat,Seafood,Seaweed and fish,18.4,18.4,10,0.2,147.2,5-12-1997,6-9-1997,5-14-1997,27.94,Lehmanns Marktstand,Magazinweg 7,Frankfurt a.M.,,60528,Germany,24 - 4 oz tins,123,0,30,0,LEHMS,Lehmanns Marktstand,Renate Messner,Sales Representative,Magazinweg 7,Frankfurt a.M.,,60528,Germany,069-0245984,8,Laura Callahan,Inside Sales Coordinator,3-5-1994,Seattle,USA,2,United Package,(503) 555-3199,19,New England Seafood Cannery,Robb Merchant,USA
10534,54,Tourti re,Meat/Poultry,Prepared meats,7.45,7.45,10,0.2,59.6,5-12-1997,6-9-1997,5-14-1997,27.94,Lehmanns Marktstand,Magazinweg 7,Frankfurt a.M.,,60528,Germany,16 pies,21,0,10,0,LEHMS,Lehmanns Marktstand,Renate Messner,Sales Representative,Magazinweg 7,Frankfurt a.M.,,60528,Germany,069-0245984,8,Laura Callahan,Inside Sales Coordinator,3-5-1994,Seattle,USA,2,United Package,(503) 555-3199,25,Ma Maison,Jean-Guy Lauzon,Canada
10535,11,Queso Cabrales,Dairy Products,Cheeses,21,21,50,0.1,945.0,5-13-1997,6-10-1997,5-21-1997,15.64,Antonio Moreno Taquer a,Mataderos  2312,M xico D.F.,,05023,Mexico,1 kg pkg.,22,30,30,0,ANTON,Antonio Moreno Taquer a,Antonio Moreno,Owner,Mataderos  2312,M xico D.F.,,05023,Mexico,(5) 555-3932,4,Margaret Peacock,Sales Representative,5-3-1993,Redmond,USA,1,Speedy Express,(503) 555-9831,5,Cooperativa de Quesos 'Las Cabras',Antonio del Valle Saavedra,Spain
10535,40,Boston Crab Meat,Seafood,Seaweed and fish,18.4,18.4,10,0.1,165.6,5-13-1997,6-10-1997,5-21-1997,15.64,Antonio Moreno Taquer a,Mataderos  2312,M xico D.F.,,05023,Mexico,24 - 4 oz tins,123,0,30,0,ANTON,Antonio Moreno Taquer a,Antonio Moreno,Owner,Mataderos  2312,M xico D.F.,,05023,Mexico,(5) 555-3932,4,Margaret Peacock,Sales Representative,5-3-1993,Redmond,USA,1,Speedy Express,(503) 555-9831,19,New England Seafood Cannery,Robb Merchant,USA
10535,57,Ravioli Angelo,Grains/Cereals,"Breads, crackers, pasta, and cereal",19.5,19.5,5,0.1,87.75,5-13-1997,6-10-1997,5-21-1997,15.64,Antonio Moreno Taquer a,Mataderos  2312,M xico D.F.,,05023,Mexico,24 - 250 g pkgs.,36,0,20,0,ANTON,Antonio Moreno Taquer a,Antonio Moreno,Owner,Mataderos  2312,M xico D.F.,,05023,Mexico,(5) 555-3932,4,Margaret Peacock,Sales Representative,5-3-1993,Redmond,USA,1,Speedy Express,(503) 555-9831,26,Pasta Buttini s.r.l.,Giovanni Giudici,Italy
10535,59,Raclette Courdavault,Dairy Products,Cheeses,55,55,15,0.1,742.5,5-13-1997,6-10-1997,5-21-1997,15.64,Antonio Moreno Taquer a,Mataderos  2312,M xico D.F.,,05023,Mexico,5 kg pkg.,79,0,0,0,ANTON,Antonio Moreno Taquer a,Antonio Moreno,Owner,Mataderos  2312,M xico D.F.,,05023,Mexico,(5) 555-3932,4,Margaret Peacock,Sales Representative,5-3-1993,Redmond,USA,1,Speedy Express,(503) 555-9831,28,Gai p turage,Eliane Noz,France
10536,12,Queso Manchego La Pastora,Dairy Products,Cheeses,38,38,15,0.25,427.5,5-14-1997,6-11-1997,6-6-1997,58.88,Lehmanns Marktstand,Magazinweg 7,Frankfurt a.M.,,60528,Germany,10 - 500 g pkgs.,86,0,0,0,LEHMS,Lehmanns Marktstand,Renate Messner,Sales Representative,Magazinweg 7,Frankfurt a.M.,,60528,Germany,069-0245984,3,Janet Leverling,Sales Representative,4-1-1992,Kirkland,USA,2,United Package,(503) 555-3199,5,Cooperativa de Quesos 'Las Cabras',Antonio del Valle Saavedra,Spain
10536,31,Gorgonzola Telino,Dairy Products,Cheeses,12.5,12.5,20,0,250.0,5-14-1997,6-11-1997,6-6-1997,58.88,Lehmanns Marktstand,Magazinweg 7,Frankfurt a.M.,,60528,Germany,12 - 100 g pkgs,0,70,20,0,LEHMS,Lehmanns Marktstand,Renate Messner,Sales Representative,Magazinweg 7,Frankfurt a.M.,,60528,Germany,069-0245984,3,Janet Leverling,Sales Representative,4-1-1992,Kirkland,USA,2,United Package,(503) 555-3199,14,Formaggi Fortini s.r.l.,Elio Rossi,Italy
10536,33,Geitost,Dairy Products,Cheeses,2.5,2.5,30,0,75.0,5-14-1997,6-11-1997,6-6-1997,58.88,Lehmanns Marktstand,Magazinweg 7,Frankfurt a.M.,,60528,Germany,500 g,112,0,20,0,LEHMS,Lehmanns Marktstand,Renate Messner,Sales Representative,Magazinweg 7,Frankfurt a.M.,,60528,Germany,069-0245984,3,Janet Leverling,Sales Representative,4-1-1992,Kirkland,USA,2,United Package,(503) 555-3199,15,Norske Meierier,Beate Vileid,Norway
10536,60,Camembert Pierrot,Dairy Products,Cheeses,34,34,35,0.25,892.5,5-14-1997,6-11-1997,6-6-1997,58.88,Lehmanns Marktstand,Magazinweg 7,Frankfurt a.M.,,60528,Germany,15 - 300 g rounds,19,0,0,0,LEHMS,Lehmanns Marktstand,Renate Messner,Sales Representative,Magazinweg 7,Frankfurt a.M.,,60528,Germany,069-0245984,3,Janet Leverling,Sales Representative,4-1-1992,Kirkland,USA,2,United Package,(503) 555-3199,28,Gai p turage,Eliane Noz,France
10537,31,Gorgonzola Telino,Dairy Products,Cheeses,12.5,12.5,30,0,375.0,5-14-1997,5-28-1997,5-19-1997,78.85,Richter Supermarkt,Starenweg 5,Gen ve,,1204,Switzerland,12 - 100 g pkgs,0,70,20,0,RICSU,Richter Supermarkt,Michael Holz,Sales Manager,Grenzacherweg 237,Gen ve,,1203,Switzerland,0897-034214,1,Nancy Davolio,Sales Representative,5-1-1992,Seattle,USA,1,Speedy Express,(503) 555-9831,14,Formaggi Fortini s.r.l.,Elio Rossi,Italy
10537,51,Manjimup Dried Apples,Produce,Dried fruit and bean curd,53,53,6,0,318.0,5-14-1997,5-28-1997,5-19-1997,78.85,Richter Supermarkt,Starenweg 5,Gen ve,,1204,Switzerland,50 - 300 g pkgs.,20,0,10,0,RICSU,Richter Supermarkt,Michael Holz,Sales Manager,Grenzacherweg 237,Gen ve,,1203,Switzerland,0897-034214,1,Nancy Davolio,Sales Representative,5-1-1992,Seattle,USA,1,Speedy Express,(503) 555-9831,24,"G'day, Mate",Wendy Mackenzie,Australia
10537,58,Escargots de Bourgogne,Seafood,Seaweed and fish,13.25,13.25,20,0,265.0,5-14-1997,5-28-1997,5-19-1997,78.85,Richter Supermarkt,Starenweg 5,Gen ve,,1204,Switzerland,24 pieces,62,0,20,0,RICSU,Richter Supermarkt,Michael Holz,Sales Manager,Grenzacherweg 237,Gen ve,,1203,Switzerland,0897-034214,1,Nancy Davolio,Sales Representative,5-1-1992,Seattle,USA,1,Speedy Express,(503) 555-9831,27,Escargots Nouveaux,Marie Delamare,France
10537,72,Mozzarella di Giovanni,Dairy Products,Cheeses,34.8,34.8,21,0,730.8,5-14-1997,5-28-1997,5-19-1997,78.85,Richter Supermarkt,Starenweg 5,Gen ve,,1204,Switzerland,24 - 200 g pkgs.,14,0,0,0,RICSU,Richter Supermarkt,Michael Holz,Sales Manager,Grenzacherweg 237,Gen ve,,1203,Switzerland,0897-034214,1,Nancy Davolio,Sales Representative,5-1-1992,Seattle,USA,1,Speedy Express,(503) 555-9831,14,Formaggi Fortini s.r.l.,Elio Rossi,Italy
10537,73,R d Kaviar,Seafood,Seaweed and fish,15,15,9,0,135.0,5-14-1997,5-28-1997,5-19-1997,78.85,Richter Supermarkt,Starenweg 5,Gen ve,,1204,Switzerland,24 - 150 g jars,101,0,5,0,RICSU,Richter Supermarkt,Michael Holz,Sales Manager,Grenzacherweg 237,Gen ve,,1203,Switzerland,0897-034214,1,Nancy Davolio,Sales Representative,5-1-1992,Seattle,USA,1,Speedy Express,(503) 555-9831,17,Svensk Sj f da AB,Michael Bj rn,Sweden
10538,70,Outback Lager,Beverages,"Soft drinks, coffees, teas, beers, and ales",15,15,7,0,105.0,5-15-1997,6-12-1997,5-16-1997,4.87,B's Beverages,Fauntleroy Circus,London,,EC2 5NT,UK,24 - 355 ml bottles,15,10,30,0,BSBEV,B's Beverages,Victoria Ashworth,Sales Representative,Fauntleroy Circus,London,,EC2 5NT,UK,(171) 555-1212,9,Anne Dodsworth,Sales Representative,11-15-1994,London,UK,3,Federal Shipping,(503) 555-9931,7,"Pavlova, Ltd.",Ian Devling,Australia
10538,72,Mozzarella di Giovanni,Dairy Products,Cheeses,34.8,34.8,1,0,34.8,5-15-1997,6-12-1997,5-16-1997,4.87,B's Beverages,Fauntleroy Circus,London,,EC2 5NT,UK,24 - 200 g pkgs.,14,0,0,0,BSBEV,B's Beverages,Victoria Ashworth,Sales Representative,Fauntleroy Circus,London,,EC2 5NT,UK,(171) 555-1212,9,Anne Dodsworth,Sales Representative,11-15-1994,London,UK,3,Federal Shipping,(503) 555-9931,14,Formaggi Fortini s.r.l.,Elio Rossi,Italy
10539,13,Konbu,Seafood,Seaweed and fish,6,6,8,0,48.0,5-16-1997,6-13-1997,5-23-1997,12.36,B's Beverages,Fauntleroy Circus,London,,EC2 5NT,UK,2 kg box,24,0,5,0,BSBEV,B's Beverages,Victoria Ashworth,Sales Representative,Fauntleroy Circus,London,,EC2 5NT,UK,(171) 555-1212,6,Michael Suyama,Sales Representative,10-17-1993,London,UK,3,Federal Shipping,(503) 555-9931,6,Mayumi's,Mayumi Ohno,Japan
10539,21,Sir Rodney's Scones,Confections,"Desserts, candies, and sweet breads",10,10,15,0,150.0,5-16-1997,6-13-1997,5-23-1997,12.36,B's Beverages,Fauntleroy Circus,London,,EC2 5NT,UK,24 pkgs. x 4 pieces,3,40,5,0,BSBEV,B's Beverages,Victoria Ashworth,Sales Representative,Fauntleroy Circus,London,,EC2 5NT,UK,(171) 555-1212,6,Michael Suyama,Sales Representative,10-17-1993,London,UK,3,Federal Shipping,(503) 555-9931,8,"Specialty Biscuits, Ltd.",Peter Wilson,UK
10539,33,Geitost,Dairy Products,Cheeses,2.5,2.5,15,0,37.5,5-16-1997,6-13-1997,5-23-1997,12.36,B's Beverages,Fauntleroy Circus,London,,EC2 5NT,UK,500 g,112,0,20,0,BSBEV,B's Beverages,Victoria Ashworth,Sales Representative,Fauntleroy Circus,London,,EC2 5NT,UK,(171) 555-1212,6,Michael Suyama,Sales Representative,10-17-1993,London,UK,3,Federal Shipping,(503) 555-9931,15,Norske Meierier,Beate Vileid,Norway
10539,49,Maxilaku,Confections,"Desserts, candies, and sweet breads",20,20,6,0,120.0,5-16-1997,6-13-1997,5-23-1997,12.36,B's Beverages,Fauntleroy Circus,London,,EC2 5NT,UK,24 - 50 g pkgs.,10,60,15,0,BSBEV,B's Beverages,Victoria Ashworth,Sales Representative,Fauntleroy Circus,London,,EC2 5NT,UK,(171) 555-1212,6,Michael Suyama,Sales Representative,10-17-1993,London,UK,3,Federal Shipping,(503) 555-9931,23,Karkki Oy,Anne Heikkonen,Finland
10540,3,Aniseed Syrup,Condiments,"Sweet and savory sauces, relishes, spreads, and seasonings",10,10,60,0,600.0,5-19-1997,6-16-1997,6-13-1997,1007.64,QUICK-Stop,Taucherstra e 10,Cunewalde,,01307,Germany,12 - 550 ml bottles,13,70,25,0,QUICK,QUICK-Stop,Horst Kloss,Accounting Manager,Taucherstra e 10,Cunewalde,,01307,Germany,0372-035188,3,Janet Leverling,Sales Representative,4-1-1992,Kirkland,USA,3,Federal Shipping,(503) 555-9931,1,Exotic Liquids,Charlotte Cooper,UK
10540,26,Gumb r Gummib rchen,Confections,"Desserts, candies, and sweet breads",31.23,31.23,40,0,1249.2,5-19-1997,6-16-1997,6-13-1997,1007.64,QUICK-Stop,Taucherstra e 10,Cunewalde,,01307,Germany,100 - 250 g bags,15,0,0,0,QUICK,QUICK-Stop,Horst Kloss,Accounting Manager,Taucherstra e 10,Cunewalde,,01307,Germany,0372-035188,3,Janet Leverling,Sales Representative,4-1-1992,Kirkland,USA,3,Federal Shipping,(503) 555-9931,11,Heli S  waren GmbH & Co. KG,Petra Winkler,Germany
10540,38,C te de Blaye,Beverages,"Soft drinks, coffees, teas, beers, and ales",263.5,263.5,30,0,7905.0,5-19-1997,6-16-1997,6-13-1997,1007.64,QUICK-Stop,Taucherstra e 10,Cunewalde,,01307,Germany,12 - 75 cl bottles,17,0,15,0,QUICK,QUICK-Stop,Horst Kloss,Accounting Manager,Taucherstra e 10,Cunewalde,,01307,Germany,0372-035188,3,Janet Leverling,Sales Representative,4-1-1992,Kirkland,USA,3,Federal Shipping,(503) 555-9931,18,Aux joyeux eccl siastiques,Guyl ne Nodier,France
10540,68,Scottish Longbreads,Confections,"Desserts, candies, and sweet breads",12.5,12.5,35,0,437.5,5-19-1997,6-16-1997,6-13-1997,1007.64,QUICK-Stop,Taucherstra e 10,Cunewalde,,01307,Germany,10 boxes x 8 pieces,6,10,15,0,QUICK,QUICK-Stop,Horst Kloss,Accounting Manager,Taucherstra e 10,Cunewalde,,01307,Germany,0372-035188,3,Janet Leverling,Sales Representative,4-1-1992,Kirkland,USA,3,Federal Shipping,(503) 555-9931,8,"Specialty Biscuits, Ltd.",Peter Wilson,UK
10541,24,Guaran  Fant stica,Beverages,"Soft drinks, coffees, teas, beers, and ales",4.5,4.5,35,0.1,141.75,5-19-1997,6-16-1997,5-29-1997,68.65,Hanari Carnes,"Rua do Pa o, 67",Rio de Janeiro,RJ,05454-876,Brazil,12 - 355 ml cans,20,0,0,1,HANAR,Hanari Carnes,Mario Pontes,Accounting Manager,"Rua do Pa o, 67",Rio de Janeiro,RJ,05454-876,Brazil,(21) 555-0091,2,Andrew Fuller,"Vice President, Sales",8-14-1992,Tacoma,USA,1,Speedy Express,(503) 555-9831,10,Refrescos Americanas LTDA,Carlos Diaz,Brazil
10541,38,C te de Blaye,Beverages,"Soft drinks, coffees, teas, beers, and ales",263.5,263.5,4,0.1,948.6,5-19-1997,6-16-1997,5-29-1997,68.65,Hanari Carnes,"Rua do Pa o, 67",Rio de Janeiro,RJ,05454-876,Brazil,12 - 75 cl bottles,17,0,15,0,HANAR,Hanari Carnes,Mario Pontes,Accounting Manager,"Rua do Pa o, 67",Rio de Janeiro,RJ,05454-876,Brazil,(21) 555-0091,2,Andrew Fuller,"Vice President, Sales",8-14-1992,Tacoma,USA,1,Speedy Express,(503) 555-9831,18,Aux joyeux eccl siastiques,Guyl ne Nodier,France
10541,65,Louisiana Fiery Hot Pepper Sauce,Condiments,"Sweet and savory sauces, relishes, spreads, and seasonings",21.05,21.05,36,0.1,682.02,5-19-1997,6-16-1997,5-29-1997,68.65,Hanari Carnes,"Rua do Pa o, 67",Rio de Janeiro,RJ,05454-876,Brazil,32 - 8 oz bottles,76,0,0,0,HANAR,Hanari Carnes,Mario Pontes,Accounting Manager,"Rua do Pa o, 67",Rio de Janeiro,RJ,05454-876,Brazil,(21) 555-0091,2,Andrew Fuller,"Vice President, Sales",8-14-1992,Tacoma,USA,1,Speedy Express,(503) 555-9831,2,New Orleans Cajun Delights,Shelley Burke,USA
10541,71,Flotemysost,Dairy Products,Cheeses,21.5,21.5,9,0.1,174.15,5-19-1997,6-16-1997,5-29-1997,68.65,Hanari Carnes,"Rua do Pa o, 67",Rio de Janeiro,RJ,05454-876,Brazil,10 - 500 g pkgs.,26,0,0,0,HANAR,Hanari Carnes,Mario Pontes,Accounting Manager,"Rua do Pa o, 67",Rio de Janeiro,RJ,05454-876,Brazil,(21) 555-0091,2,Andrew Fuller,"Vice President, Sales",8-14-1992,Tacoma,USA,1,Speedy Express,(503) 555-9831,15,Norske Meierier,Beate Vileid,Norway
10542,11,Queso Cabrales,Dairy Products,Cheeses,21,21,15,0.05,299.25,5-20-1997,6-17-1997,5-26-1997,10.95,K niglich Essen,Maubelstr. 90,Brandenburg,,14776,Germany,1 kg pkg.,22,30,30,0,KOENE,K niglich Essen,Philip Cramer,Sales Associate,Maubelstr. 90,Brandenburg,,14776,Germany,0555-09876,1,Nancy Davolio,Sales Representative,5-1-1992,Seattle,USA,3,Federal Shipping,(503) 555-9931,5,Cooperativa de Quesos 'Las Cabras',Antonio del Valle Saavedra,Spain
10542,54,Tourti re,Meat/Poultry,Prepared meats,7.45,7.45,24,0.05,169.86,5-20-1997,6-17-1997,5-26-1997,10.95,K niglich Essen,Maubelstr. 90,Brandenburg,,14776,Germany,16 pies,21,0,10,0,KOENE,K niglich Essen,Philip Cramer,Sales Associate,Maubelstr. 90,Brandenburg,,14776,Germany,0555-09876,1,Nancy Davolio,Sales Representative,5-1-1992,Seattle,USA,3,Federal Shipping,(503) 555-9931,25,Ma Maison,Jean-Guy Lauzon,Canada
10543,12,Queso Manchego La Pastora,Dairy Products,Cheeses,38,38,30,0.15,969.0,5-21-1997,6-18-1997,5-23-1997,48.17,LILA-Supermercado,Carrera 52 con Ave. Bol var #65-98 Llano Largo,Barquisimeto,Lara,3508,Venezuela,10 - 500 g pkgs.,86,0,0,0,LILAS,LILA-Supermercado,Carlos Gonz lez,Accounting Manager,Carrera 52 con Ave. Bol var #65-98 Llano Largo,Barquisimeto,Lara,3508,Venezuela,(9) 331-6954,8,Laura Callahan,Inside Sales Coordinator,3-5-1994,Seattle,USA,2,United Package,(503) 555-3199,5,Cooperativa de Quesos 'Las Cabras',Antonio del Valle Saavedra,Spain
10543,23,Tunnbr d,Grains/Cereals,"Breads, crackers, pasta, and cereal",9,9,70,0.15,535.5,5-21-1997,6-18-1997,5-23-1997,48.17,LILA-Supermercado,Carrera 52 con Ave. Bol var #65-98 Llano Largo,Barquisimeto,Lara,3508,Venezuela,12 - 250 g pkgs.,61,0,25,0,LILAS,LILA-Supermercado,Carlos Gonz lez,Accounting Manager,Carrera 52 con Ave. Bol var #65-98 Llano Largo,Barquisimeto,Lara,3508,Venezuela,(9) 331-6954,8,Laura Callahan,Inside Sales Coordinator,3-5-1994,Seattle,USA,2,United Package,(503) 555-3199,9,PB Kn ckebr d AB,Lars Peterson,Sweden
10544,28,R ssle Sauerkraut,Produce,Dried fruit and bean curd,45.6,45.6,7,0,319.2,5-21-1997,6-18-1997,5-30-1997,24.91,Lonesome Pine Restaurant,89 Chiaroscuro Rd.,Portland,OR,97219,USA,25 - 825 g cans,26,0,0,1,LONEP,Lonesome Pine Restaurant,Fran Wilson,Sales Manager,89 Chiaroscuro Rd.,Portland,OR,97219,USA,(503) 555-9573,4,Margaret Peacock,Sales Representative,5-3-1993,Redmond,USA,1,Speedy Express,(503) 555-9831,12,Plutzer Lebensmittelgro m rkte AG,Martin Bein,Germany
10544,67,Laughing Lumberjack Lager,Beverages,"Soft drinks, coffees, teas, beers, and ales",14,14,7,0,98.0,5-21-1997,6-18-1997,5-30-1997,24.91,Lonesome Pine Restaurant,89 Chiaroscuro Rd.,Portland,OR,97219,USA,24 - 12 oz bottles,52,0,10,0,LONEP,Lonesome Pine Restaurant,Fran Wilson,Sales Manager,89 Chiaroscuro Rd.,Portland,OR,97219,USA,(503) 555-9573,4,Margaret Peacock,Sales Representative,5-3-1993,Redmond,USA,1,Speedy Express,(503) 555-9831,16,Bigfoot Breweries,Cheryl Saylor,USA
10545,11,Queso Cabrales,Dairy Products,Cheeses,21,21,10,0,210.0,5-22-1997,6-19-1997,6-26-1997,11.92,Lazy K Kountry Store,12 Orchestra Terrace,Walla Walla,WA,99362,USA,1 kg pkg.,22,30,30,0,LAZYK,Lazy K Kountry Store,John Steel,Marketing Manager,12 Orchestra Terrace,Walla Walla,WA,99362,USA,(509) 555-7969,8,Laura Callahan,Inside Sales Coordinator,3-5-1994,Seattle,USA,2,United Package,(503) 555-3199,5,Cooperativa de Quesos 'Las Cabras',Antonio del Valle Saavedra,Spain
10546,7,Uncle Bob's Organic Dried Pears,Produce,Dried fruit and bean curd,30,30,10,0,300.0,5-23-1997,6-20-1997,5-27-1997,194.72,Victuailles en stock,"2, rue du Commerce",Lyon,,69004,France,12 - 1 lb pkgs.,15,0,10,0,VICTE,Victuailles en stock,Mary Saveley,Sales Agent,"2, rue du Commerce",Lyon,,69004,France,78.32.54.86,1,Nancy Davolio,Sales Representative,5-1-1992,Seattle,USA,3,Federal Shipping,(503) 555-9931,3,Grandma Kelly's Homestead,Regina Murphy,USA
10546,35,Steeleye Stout,Beverages,"Soft drinks, coffees, teas, beers, and ales",18,18,30,0,540.0,5-23-1997,6-20-1997,5-27-1997,194.72,Victuailles en stock,"2, rue du Commerce",Lyon,,69004,France,24 - 12 oz bottles,20,0,15,0,VICTE,Victuailles en stock,Mary Saveley,Sales Agent,"2, rue du Commerce",Lyon,,69004,France,78.32.54.86,1,Nancy Davolio,Sales Representative,5-1-1992,Seattle,USA,3,Federal Shipping,(503) 555-9931,16,Bigfoot Breweries,Cheryl Saylor,USA
10546,62,Tarte au sucre,Confections,"Desserts, candies, and sweet breads",49.3,49.3,40,0,1972.0,5-23-1997,6-20-1997,5-27-1997,194.72,Victuailles en stock,"2, rue du Commerce",Lyon,,69004,France,48 pies,17,0,0,0,VICTE,Victuailles en stock,Mary Saveley,Sales Agent,"2, rue du Commerce",Lyon,,69004,France,78.32.54.86,1,Nancy Davolio,Sales Representative,5-1-1992,Seattle,USA,3,Federal Shipping,(503) 555-9931,29,For ts d' rables,Chantal Goulet,Canada
10547,32,Mascarpone Fabioli,Dairy Products,Cheeses,32,32,24,0.15,652.8,5-23-1997,6-20-1997,6-2-1997,178.43,Seven Seas Imports,90 Wadhurst Rd.,London,,OX15 4NB,UK,24 - 200 g pkgs.,9,40,25,0,SEVES,Seven Seas Imports,Hari Kumar,Sales Manager,90 Wadhurst Rd.,London,,OX15 4NB,UK,(171) 555-1717,3,Janet Leverling,Sales Representative,4-1-1992,Kirkland,USA,2,United Package,(503) 555-3199,14,Formaggi Fortini s.r.l.,Elio Rossi,Italy
10547,36,Inlagd Sill,Seafood,Seaweed and fish,19,19,60,0,1140.0,5-23-1997,6-20-1997,6-2-1997,178.43,Seven Seas Imports,90 Wadhurst Rd.,London,,OX15 4NB,UK,24 - 250 g  jars,112,0,20,0,SEVES,Seven Seas Imports,Hari Kumar,Sales Manager,90 Wadhurst Rd.,London,,OX15 4NB,UK,(171) 555-1717,3,Janet Leverling,Sales Representative,4-1-1992,Kirkland,USA,2,United Package,(503) 555-3199,17,Svensk Sj f da AB,Michael Bj rn,Sweden
10548,34,Sasquatch Ale,Beverages,"Soft drinks, coffees, teas, beers, and ales",14,14,10,0.25,105.0,5-26-1997,6-23-1997,6-2-1997,1.43,Toms Spezialit ten,Luisenstr. 48,M nster,,44087,Germany,24 - 12 oz bottles,111,0,15,0,TOMSP,Toms Spezialit ten,Karin Josephs,Marketing Manager,Luisenstr. 48,M nster,,44087,Germany,0251-031259,3,Janet Leverling,Sales Representative,4-1-1992,Kirkland,USA,2,United Package,(503) 555-3199,16,Bigfoot Breweries,Cheryl Saylor,USA
10548,41,Jack's New England Clam Chowder,Seafood,Seaweed and fish,9.65,9.65,14,0,135.1,5-26-1997,6-23-1997,6-2-1997,1.43,Toms Spezialit ten,Luisenstr. 48,M nster,,44087,Germany,12 - 12 oz cans,85,0,10,0,TOMSP,Toms Spezialit ten,Karin Josephs,Marketing Manager,Luisenstr. 48,M nster,,44087,Germany,0251-031259,3,Janet Leverling,Sales Representative,4-1-1992,Kirkland,USA,2,United Package,(503) 555-3199,19,New England Seafood Cannery,Robb Merchant,USA
10549,31,Gorgonzola Telino,Dairy Products,Cheeses,12.5,12.5,55,0.15,584.38,5-27-1997,6-10-1997,5-30-1997,171.24,QUICK-Stop,Taucherstra e 10,Cunewalde,,01307,Germany,12 - 100 g pkgs,0,70,20,0,QUICK,QUICK-Stop,Horst Kloss,Accounting Manager,Taucherstra e 10,Cunewalde,,01307,Germany,0372-035188,5,Steven Buchanan,Sales Manager,10-17-1993,London,UK,1,Speedy Express,(503) 555-9831,14,Formaggi Fortini s.r.l.,Elio Rossi,Italy
10549,45,Rogede sild,Seafood,Seaweed and fish,9.5,9.5,100,0.15,807.5,5-27-1997,6-10-1997,5-30-1997,171.24,QUICK-Stop,Taucherstra e 10,Cunewalde,,01307,Germany,1k pkg.,5,70,15,0,QUICK,QUICK-Stop,Horst Kloss,Accounting Manager,Taucherstra e 10,Cunewalde,,01307,Germany,0372-035188,5,Steven Buchanan,Sales Manager,10-17-1993,London,UK,1,Speedy Express,(503) 555-9831,21,Lyngbysild,Niels Petersen,Denmark
10549,51,Manjimup Dried Apples,Produce,Dried fruit and bean curd,53,53,48,0.15,2162.4,5-27-1997,6-10-1997,5-30-1997,171.24,QUICK-Stop,Taucherstra e 10,Cunewalde,,01307,Germany,50 - 300 g pkgs.,20,0,10,0,QUICK,QUICK-Stop,Horst Kloss,Accounting Manager,Taucherstra e 10,Cunewalde,,01307,Germany,0372-035188,5,Steven Buchanan,Sales Manager,10-17-1993,London,UK,1,Speedy Express,(503) 555-9831,24,"G'day, Mate",Wendy Mackenzie,Australia
10550,17,Alice Mutton,Meat/Poultry,Prepared meats,39,39,8,0.1,280.8,5-28-1997,6-25-1997,6-6-1997,4.32,Godos Cocina T pica,"C/ Romero, 33",Sevilla,,41101,Spain,20 - 1 kg tins,0,0,0,1,GODOS,Godos Cocina T pica,Jos  Pedro Freyre,Sales Manager,"C/ Romero, 33",Sevilla,,41101,Spain,(95) 555 82 82,7,Robert King,Sales Representative,1-2-1994,London,UK,3,Federal Shipping,(503) 555-9931,7,"Pavlova, Ltd.",Ian Devling,Australia
10550,19,Teatime Chocolate Biscuits,Confections,"Desserts, candies, and sweet breads",9.2,9.2,10,0,92.0,5-28-1997,6-25-1997,6-6-1997,4.32,Godos Cocina T pica,"C/ Romero, 33",Sevilla,,41101,Spain,10 boxes x 12 pieces,25,0,5,0,GODOS,Godos Cocina T pica,Jos  Pedro Freyre,Sales Manager,"C/ Romero, 33",Sevilla,,41101,Spain,(95) 555 82 82,7,Robert King,Sales Representative,1-2-1994,London,UK,3,Federal Shipping,(503) 555-9931,8,"Specialty Biscuits, Ltd.",Peter Wilson,UK
10550,21,Sir Rodney's Scones,Confections,"Desserts, candies, and sweet breads",10,10,6,0.1,54.0,5-28-1997,6-25-1997,6-6-1997,4.32,Godos Cocina T pica,"C/ Romero, 33",Sevilla,,41101,Spain,24 pkgs. x 4 pieces,3,40,5,0,GODOS,Godos Cocina T pica,Jos  Pedro Freyre,Sales Manager,"C/ Romero, 33",Sevilla,,41101,Spain,(95) 555 82 82,7,Robert King,Sales Representative,1-2-1994,London,UK,3,Federal Shipping,(503) 555-9931,8,"Specialty Biscuits, Ltd.",Peter Wilson,UK
10550,61,Sirop d' rable,Condiments,"Sweet and savory sauces, relishes, spreads, and seasonings",28.5,28.5,10,0.1,256.5,5-28-1997,6-25-1997,6-6-1997,4.32,Godos Cocina T pica,"C/ Romero, 33",Sevilla,,41101,Spain,24 - 500 ml bottles,113,0,25,0,GODOS,Godos Cocina T pica,Jos  Pedro Freyre,Sales Manager,"C/ Romero, 33",Sevilla,,41101,Spain,(95) 555 82 82,7,Robert King,Sales Representative,1-2-1994,London,UK,3,Federal Shipping,(503) 555-9931,29,For ts d' rables,Chantal Goulet,Canada
10551,16,Pavlova,Confections,"Desserts, candies, and sweet breads",17.45,17.45,40,0.15,593.3,5-28-1997,7-9-1997,6-6-1997,72.95,Furia Bacalhau e Frutos do Mar,Jardim das rosas n. 32,Lisboa,,1675,Portugal,32 - 500 g boxes,29,0,10,0,FURIB,Furia Bacalhau e Frutos do Mar,Lino Rodriguez,Sales Manager,Jardim das rosas n. 32,Lisboa,,1675,Portugal,(1) 354-2534,4,Margaret Peacock,Sales Representative,5-3-1993,Redmond,USA,3,Federal Shipping,(503) 555-9931,7,"Pavlova, Ltd.",Ian Devling,Australia
10551,35,Steeleye Stout,Beverages,"Soft drinks, coffees, teas, beers, and ales",18,18,20,0.15,306.0,5-28-1997,7-9-1997,6-6-1997,72.95,Furia Bacalhau e Frutos do Mar,Jardim das rosas n. 32,Lisboa,,1675,Portugal,24 - 12 oz bottles,20,0,15,0,FURIB,Furia Bacalhau e Frutos do Mar,Lino Rodriguez,Sales Manager,Jardim das rosas n. 32,Lisboa,,1675,Portugal,(1) 354-2534,4,Margaret Peacock,Sales Representative,5-3-1993,Redmond,USA,3,Federal Shipping,(503) 555-9931,16,Bigfoot Breweries,Cheryl Saylor,USA
10551,44,Gula Malacca,Condiments,"Sweet and savory sauces, relishes, spreads, and seasonings",19.45,19.45,40,0,778.0,5-28-1997,7-9-1997,6-6-1997,72.95,Furia Bacalhau e Frutos do Mar,Jardim das rosas n. 32,Lisboa,,1675,Portugal,20 - 2 kg bags,27,0,15,0,FURIB,Furia Bacalhau e Frutos do Mar,Lino Rodriguez,Sales Manager,Jardim das rosas n. 32,Lisboa,,1675,Portugal,(1) 354-2534,4,Margaret Peacock,Sales Representative,5-3-1993,Redmond,USA,3,Federal Shipping,(503) 555-9931,20,Leka Trading,Chandra Leka,Singapore
10552,69,Gudbrandsdalsost,Dairy Products,Cheeses,36,36,18,0,648.0,5-29-1997,6-26-1997,6-5-1997,83.22,HILARION-Abastos,Carrera 22 con Ave. Carlos Soublette #8-35,San Crist bal,T chira,5022,Venezuela,10 kg pkg.,26,0,15,0,HILAA,HILARION-Abastos,Carlos Hern ndez,Sales Representative,Carrera 22 con Ave. Carlos Soublette #8-35,San Crist bal,T chira,5022,Venezuela,(5) 555-1340,2,Andrew Fuller,"Vice President, Sales",8-14-1992,Tacoma,USA,1,Speedy Express,(503) 555-9831,15,Norske Meierier,Beate Vileid,Norway
10552,75,Rh nbr u Klosterbier,Beverages,"Soft drinks, coffees, teas, beers, and ales",7.75,7.75,30,0,232.5,5-29-1997,6-26-1997,6-5-1997,83.22,HILARION-Abastos,Carrera 22 con Ave. Carlos Soublette #8-35,San Crist bal,T chira,5022,Venezuela,24 - 0.5 l bottles,125,0,25,0,HILAA,HILARION-Abastos,Carlos Hern ndez,Sales Representative,Carrera 22 con Ave. Carlos Soublette #8-35,San Crist bal,T chira,5022,Venezuela,(5) 555-1340,2,Andrew Fuller,"Vice President, Sales",8-14-1992,Tacoma,USA,1,Speedy Express,(503) 555-9831,12,Plutzer Lebensmittelgro m rkte AG,Martin Bein,Germany
10553,11,Queso Cabrales,Dairy Products,Cheeses,21,21,15,0,315.0,5-30-1997,6-27-1997,6-3-1997,149.49,Wartian Herkku,Torikatu 38,Oulu,,90110,Finland,1 kg pkg.,22,30,30,0,WARTH,Wartian Herkku,Pirkko Koskitalo,Accounting Manager,Torikatu 38,Oulu,,90110,Finland,981-443655,2,Andrew Fuller,"Vice President, Sales",8-14-1992,Tacoma,USA,2,United Package,(503) 555-3199,5,Cooperativa de Quesos 'Las Cabras',Antonio del Valle Saavedra,Spain
10553,16,Pavlova,Confections,"Desserts, candies, and sweet breads",17.45,17.45,14,0,244.3,5-30-1997,6-27-1997,6-3-1997,149.49,Wartian Herkku,Torikatu 38,Oulu,,90110,Finland,32 - 500 g boxes,29,0,10,0,WARTH,Wartian Herkku,Pirkko Koskitalo,Accounting Manager,Torikatu 38,Oulu,,90110,Finland,981-443655,2,Andrew Fuller,"Vice President, Sales",8-14-1992,Tacoma,USA,2,United Package,(503) 555-3199,7,"Pavlova, Ltd.",Ian Devling,Australia
10553,22,Gustaf's Kn ckebr d,Grains/Cereals,"Breads, crackers, pasta, and cereal",21,21,24,0,504.0,5-30-1997,6-27-1997,6-3-1997,149.49,Wartian Herkku,Torikatu 38,Oulu,,90110,Finland,24 - 500 g pkgs.,104,0,25,0,WARTH,Wartian Herkku,Pirkko Koskitalo,Accounting Manager,Torikatu 38,Oulu,,90110,Finland,981-443655,2,Andrew Fuller,"Vice President, Sales",8-14-1992,Tacoma,USA,2,United Package,(503) 555-3199,9,PB Kn ckebr d AB,Lars Peterson,Sweden
10553,31,Gorgonzola Telino,Dairy Products,Cheeses,12.5,12.5,30,0,375.0,5-30-1997,6-27-1997,6-3-1997,149.49,Wartian Herkku,Torikatu 38,Oulu,,90110,Finland,12 - 100 g pkgs,0,70,20,0,WARTH,Wartian Herkku,Pirkko Koskitalo,Accounting Manager,Torikatu 38,Oulu,,90110,Finland,981-443655,2,Andrew Fuller,"Vice President, Sales",8-14-1992,Tacoma,USA,2,United Package,(503) 555-3199,14,Formaggi Fortini s.r.l.,Elio Rossi,Italy
10553,35,Steeleye Stout,Beverages,"Soft drinks, coffees, teas, beers, and ales",18,18,6,0,108.0,5-30-1997,6-27-1997,6-3-1997,149.49,Wartian Herkku,Torikatu 38,Oulu,,90110,Finland,24 - 12 oz bottles,20,0,15,0,WARTH,Wartian Herkku,Pirkko Koskitalo,Accounting Manager,Torikatu 38,Oulu,,90110,Finland,981-443655,2,Andrew Fuller,"Vice President, Sales",8-14-1992,Tacoma,USA,2,United Package,(503) 555-3199,16,Bigfoot Breweries,Cheryl Saylor,USA
10554,16,Pavlova,Confections,"Desserts, candies, and sweet breads",17.45,17.45,30,0.05,497.32,5-30-1997,6-27-1997,6-5-1997,120.97,Ottilies K seladen,Mehrheimerstr. 369,K ln,,50739,Germany,32 - 500 g boxes,29,0,10,0,OTTIK,Ottilies K seladen,Henriette Pfalzheim,Owner,Mehrheimerstr. 369,K ln,,50739,Germany,0221-0644327,4,Margaret Peacock,Sales Representative,5-3-1993,Redmond,USA,3,Federal Shipping,(503) 555-9931,7,"Pavlova, Ltd.",Ian Devling,Australia
10554,23,Tunnbr d,Grains/Cereals,"Breads, crackers, pasta, and cereal",9,9,20,0.05,171.0,5-30-1997,6-27-1997,6-5-1997,120.97,Ottilies K seladen,Mehrheimerstr. 369,K ln,,50739,Germany,12 - 250 g pkgs.,61,0,25,0,OTTIK,Ottilies K seladen,Henriette Pfalzheim,Owner,Mehrheimerstr. 369,K ln,,50739,Germany,0221-0644327,4,Margaret Peacock,Sales Representative,5-3-1993,Redmond,USA,3,Federal Shipping,(503) 555-9931,9,PB Kn ckebr d AB,Lars Peterson,Sweden
10554,62,Tarte au sucre,Confections,"Desserts, candies, and sweet breads",49.3,49.3,20,0.05,936.7,5-30-1997,6-27-1997,6-5-1997,120.97,Ottilies K seladen,Mehrheimerstr. 369,K ln,,50739,Germany,48 pies,17,0,0,0,OTTIK,Ottilies K seladen,Henriette Pfalzheim,Owner,Mehrheimerstr. 369,K ln,,50739,Germany,0221-0644327,4,Margaret Peacock,Sales Representative,5-3-1993,Redmond,USA,3,Federal Shipping,(503) 555-9931,29,For ts d' rables,Chantal Goulet,Canada
10554,77,Original Frankfurter gr ne So e,Condiments,"Sweet and savory sauces, relishes, spreads, and seasonings",13,13,10,0.05,123.5,5-30-1997,6-27-1997,6-5-1997,120.97,Ottilies K seladen,Mehrheimerstr. 369,K ln,,50739,Germany,12 boxes,32,0,15,0,OTTIK,Ottilies K seladen,Henriette Pfalzheim,Owner,Mehrheimerstr. 369,K ln,,50739,Germany,0221-0644327,4,Margaret Peacock,Sales Representative,5-3-1993,Redmond,USA,3,Federal Shipping,(503) 555-9931,12,Plutzer Lebensmittelgro m rkte AG,Martin Bein,Germany
10555,14,Tofu,Produce,Dried fruit and bean curd,23.25,23.25,30,0.2,558.0,6-2-1997,6-30-1997,6-4-1997,252.49,Save-a-lot Markets,187 Suffolk Ln.,Boise,ID,83720,USA,40 - 100 g pkgs.,35,0,0,0,SAVEA,Save-a-lot Markets,Jose Pavarotti,Sales Representative,187 Suffolk Ln.,Boise,ID,83720,USA,(208) 555-8097,6,Michael Suyama,Sales Representative,10-17-1993,London,UK,3,Federal Shipping,(503) 555-9931,6,Mayumi's,Mayumi Ohno,Japan
10555,19,Teatime Chocolate Biscuits,Confections,"Desserts, candies, and sweet breads",9.2,9.2,35,0.2,257.6,6-2-1997,6-30-1997,6-4-1997,252.49,Save-a-lot Markets,187 Suffolk Ln.,Boise,ID,83720,USA,10 boxes x 12 pieces,25,0,5,0,SAVEA,Save-a-lot Markets,Jose Pavarotti,Sales Representative,187 Suffolk Ln.,Boise,ID,83720,USA,(208) 555-8097,6,Michael Suyama,Sales Representative,10-17-1993,London,UK,3,Federal Shipping,(503) 555-9931,8,"Specialty Biscuits, Ltd.",Peter Wilson,UK
10555,24,Guaran  Fant stica,Beverages,"Soft drinks, coffees, teas, beers, and ales",4.5,4.5,18,0.2,64.8,6-2-1997,6-30-1997,6-4-1997,252.49,Save-a-lot Markets,187 Suffolk Ln.,Boise,ID,83720,USA,12 - 355 ml cans,20,0,0,1,SAVEA,Save-a-lot Markets,Jose Pavarotti,Sales Representative,187 Suffolk Ln.,Boise,ID,83720,USA,(208) 555-8097,6,Michael Suyama,Sales Representative,10-17-1993,London,UK,3,Federal Shipping,(503) 555-9931,10,Refrescos Americanas LTDA,Carlos Diaz,Brazil
10555,51,Manjimup Dried Apples,Produce,Dried fruit and bean curd,53,53,20,0.2,848.0,6-2-1997,6-30-1997,6-4-1997,252.49,Save-a-lot Markets,187 Suffolk Ln.,Boise,ID,83720,USA,50 - 300 g pkgs.,20,0,10,0,SAVEA,Save-a-lot Markets,Jose Pavarotti,Sales Representative,187 Suffolk Ln.,Boise,ID,83720,USA,(208) 555-8097,6,Michael Suyama,Sales Representative,10-17-1993,London,UK,3,Federal Shipping,(503) 555-9931,24,"G'day, Mate",Wendy Mackenzie,Australia
10555,56,Gnocchi di nonna Alice,Grains/Cereals,"Breads, crackers, pasta, and cereal",38,38,40,0.2,1216.0,6-2-1997,6-30-1997,6-4-1997,252.49,Save-a-lot Markets,187 Suffolk Ln.,Boise,ID,83720,USA,24 - 250 g pkgs.,21,10,30,0,SAVEA,Save-a-lot Markets,Jose Pavarotti,Sales Representative,187 Suffolk Ln.,Boise,ID,83720,USA,(208) 555-8097,6,Michael Suyama,Sales Representative,10-17-1993,London,UK,3,Federal Shipping,(503) 555-9931,26,Pasta Buttini s.r.l.,Giovanni Giudici,Italy
10556,72,Mozzarella di Giovanni,Dairy Products,Cheeses,34.8,34.8,24,0,835.2,6-3-1997,7-15-1997,6-13-1997,9.8,Simons bistro,Vinb ltet 34,Kobenhavn,,1734,Denmark,24 - 200 g pkgs.,14,0,0,0,SIMOB,Simons bistro,Jytte Petersen,Owner,Vinb ltet 34,Kobenhavn,,1734,Denmark,31 12 34 56,2,Andrew Fuller,"Vice President, Sales",8-14-1992,Tacoma,USA,1,Speedy Express,(503) 555-9831,14,Formaggi Fortini s.r.l.,Elio Rossi,Italy
10557,64,Wimmers gute Semmelkn del,Grains/Cereals,"Breads, crackers, pasta, and cereal",33.25,33.25,30,0,997.5,6-3-1997,6-17-1997,6-6-1997,96.72,Lehmanns Marktstand,Magazinweg 7,Frankfurt a.M.,,60528,Germany,20 bags x 4 pieces,22,80,30,0,LEHMS,Lehmanns Marktstand,Renate Messner,Sales Representative,Magazinweg 7,Frankfurt a.M.,,60528,Germany,069-0245984,9,Anne Dodsworth,Sales Representative,11-15-1994,London,UK,2,United Package,(503) 555-3199,12,Plutzer Lebensmittelgro m rkte AG,Martin Bein,Germany
10557,75,Rh nbr u Klosterbier,Beverages,"Soft drinks, coffees, teas, beers, and ales",7.75,7.75,20,0,155.0,6-3-1997,6-17-1997,6-6-1997,96.72,Lehmanns Marktstand,Magazinweg 7,Frankfurt a.M.,,60528,Germany,24 - 0.5 l bottles,125,0,25,0,LEHMS,Lehmanns Marktstand,Renate Messner,Sales Representative,Magazinweg 7,Frankfurt a.M.,,60528,Germany,069-0245984,9,Anne Dodsworth,Sales Representative,11-15-1994,London,UK,2,United Package,(503) 555-3199,12,Plutzer Lebensmittelgro m rkte AG,Martin Bein,Germany
10558,47,Zaanse koeken,Confections,"Desserts, candies, and sweet breads",9.5,9.5,25,0,237.5,6-4-1997,7-2-1997,6-10-1997,72.97,Around the Horn,Brook Farm Stratford St. Mary,Colchester,Essex,CO7 6JX,UK,10 - 4 oz boxes,36,0,0,0,AROUT,Around the Horn,Thomas Hardy,Sales Representative,120 Hanover Sq.,London,,WA1 1DP,UK,(171) 555-7788,1,Nancy Davolio,Sales Representative,5-1-1992,Seattle,USA,2,United Package,(503) 555-3199,22,Zaanse Snoepfabriek,Dirk Luchte,Netherlands
10558,51,Manjimup Dried Apples,Produce,Dried fruit and bean curd,53,53,20,0,1060.0,6-4-1997,7-2-1997,6-10-1997,72.97,Around the Horn,Brook Farm Stratford St. Mary,Colchester,Essex,CO7 6JX,UK,50 - 300 g pkgs.,20,0,10,0,AROUT,Around the Horn,Thomas Hardy,Sales Representative,120 Hanover Sq.,London,,WA1 1DP,UK,(171) 555-7788,1,Nancy Davolio,Sales Representative,5-1-1992,Seattle,USA,2,United Package,(503) 555-3199,24,"G'day, Mate",Wendy Mackenzie,Australia
10558,52,Filo Mix,Grains/Cereals,"Breads, crackers, pasta, and cereal",7,7,30,0,210.0,6-4-1997,7-2-1997,6-10-1997,72.97,Around the Horn,Brook Farm Stratford St. Mary,Colchester,Essex,CO7 6JX,UK,16 - 2 kg boxes,38,0,25,0,AROUT,Around the Horn,Thomas Hardy,Sales Representative,120 Hanover Sq.,London,,WA1 1DP,UK,(171) 555-7788,1,Nancy Davolio,Sales Representative,5-1-1992,Seattle,USA,2,United Package,(503) 555-3199,24,"G'day, Mate",Wendy Mackenzie,Australia
10558,53,Perth Pasties,Meat/Poultry,Prepared meats,32.8,32.8,18,0,590.4,6-4-1997,7-2-1997,6-10-1997,72.97,Around the Horn,Brook Farm Stratford St. Mary,Colchester,Essex,CO7 6JX,UK,48 pieces,0,0,0,1,AROUT,Around the Horn,Thomas Hardy,Sales Representative,120 Hanover Sq.,London,,WA1 1DP,UK,(171) 555-7788,1,Nancy Davolio,Sales Representative,5-1-1992,Seattle,USA,2,United Package,(503) 555-3199,24,"G'day, Mate",Wendy Mackenzie,Australia
10558,73,R d Kaviar,Seafood,Seaweed and fish,15,15,3,0,45.0,6-4-1997,7-2-1997,6-10-1997,72.97,Around the Horn,Brook Farm Stratford St. Mary,Colchester,Essex,CO7 6JX,UK,24 - 150 g jars,101,0,5,0,AROUT,Around the Horn,Thomas Hardy,Sales Representative,120 Hanover Sq.,London,,WA1 1DP,UK,(171) 555-7788,1,Nancy Davolio,Sales Representative,5-1-1992,Seattle,USA,2,United Package,(503) 555-3199,17,Svensk Sj f da AB,Michael Bj rn,Sweden
10559,41,Jack's New England Clam Chowder,Seafood,Seaweed and fish,9.65,9.65,12,0.05,110.01,6-5-1997,7-3-1997,6-13-1997,8.05,Blondel p re et fils,"24, place Kl ber",Strasbourg,,67000,France,12 - 12 oz cans,85,0,10,0,BLONP,Blondesddsl p re et fils,Fr d rique Citeaux,Marketing Manager,"24, place Kl ber",Strasbourg,,67000,France,88.60.15.31,6,Michael Suyama,Sales Representative,10-17-1993,London,UK,1,Speedy Express,(503) 555-9831,19,New England Seafood Cannery,Robb Merchant,USA
10559,55,P t  chinois,Meat/Poultry,Prepared meats,24,24,18,0.05,410.4,6-5-1997,7-3-1997,6-13-1997,8.05,Blondel p re et fils,"24, place Kl ber",Strasbourg,,67000,France,24 boxes x 2 pies,115,0,20,0,BLONP,Blondesddsl p re et fils,Fr d rique Citeaux,Marketing Manager,"24, place Kl ber",Strasbourg,,67000,France,88.60.15.31,6,Michael Suyama,Sales Representative,10-17-1993,London,UK,1,Speedy Express,(503) 555-9831,25,Ma Maison,Jean-Guy Lauzon,Canada
10560,30,Nord-Ost Matjeshering,Seafood,Seaweed and fish,25.89,25.89,20,0,517.8,6-6-1997,7-4-1997,6-9-1997,36.65,Frankenversand,Berliner Platz 43,M nchen,,80805,Germany,10 - 200 g glasses,10,0,15,0,FRANK,Frankenversand,Peter Franken,Marketing Manager,Berliner Platz 43,M nchen,,80805,Germany,089-0877310,8,Laura Callahan,Inside Sales Coordinator,3-5-1994,Seattle,USA,1,Speedy Express,(503) 555-9831,13,Nord-Ost-Fisch Handelsgesellschaft mbH,Sven Petersen,Germany
10560,62,Tarte au sucre,Confections,"Desserts, candies, and sweet breads",49.3,49.3,15,0.25,554.62,6-6-1997,7-4-1997,6-9-1997,36.65,Frankenversand,Berliner Platz 43,M nchen,,80805,Germany,48 pies,17,0,0,0,FRANK,Frankenversand,Peter Franken,Marketing Manager,Berliner Platz 43,M nchen,,80805,Germany,089-0877310,8,Laura Callahan,Inside Sales Coordinator,3-5-1994,Seattle,USA,1,Speedy Express,(503) 555-9831,29,For ts d' rables,Chantal Goulet,Canada
10561,44,Gula Malacca,Condiments,"Sweet and savory sauces, relishes, spreads, and seasonings",19.45,19.45,10,0,194.5,6-6-1997,7-4-1997,6-9-1997,242.21,Folk och f  HB,kergatan 24,Br cke,,S-844 67,Sweden,20 - 2 kg bags,27,0,15,0,FOLKO,Folk och f  HB,Maria Larsson,Owner,kergatan 24,Br cke,,S-844 67,Sweden,0695-34 67 21,2,Andrew Fuller,"Vice President, Sales",8-14-1992,Tacoma,USA,2,United Package,(503) 555-3199,20,Leka Trading,Chandra Leka,Singapore
10561,51,Manjimup Dried Apples,Produce,Dried fruit and bean curd,53,53,50,0,2650.0,6-6-1997,7-4-1997,6-9-1997,242.21,Folk och f  HB,kergatan 24,Br cke,,S-844 67,Sweden,50 - 300 g pkgs.,20,0,10,0,FOLKO,Folk och f  HB,Maria Larsson,Owner,kergatan 24,Br cke,,S-844 67,Sweden,0695-34 67 21,2,Andrew Fuller,"Vice President, Sales",8-14-1992,Tacoma,USA,2,United Package,(503) 555-3199,24,"G'day, Mate",Wendy Mackenzie,Australia
10562,33,Geitost,Dairy Products,Cheeses,2.5,2.5,20,0.1,45.0,6-9-1997,7-7-1997,6-12-1997,22.95,Reggiani Caseifici,Strada Provinciale 124,Reggio Emilia,,42100,Italy,500 g,112,0,20,0,REGGC,Reggiani Caseifici,Maurizio Moroni,Sales Associate,Strada Provinciale 124,Reggio Emilia,,42100,Italy,0522-556721,1,Nancy Davolio,Sales Representative,5-1-1992,Seattle,USA,1,Speedy Express,(503) 555-9831,15,Norske Meierier,Beate Vileid,Norway
10562,62,Tarte au sucre,Confections,"Desserts, candies, and sweet breads",49.3,49.3,10,0.1,443.7,6-9-1997,7-7-1997,6-12-1997,22.95,Reggiani Caseifici,Strada Provinciale 124,Reggio Emilia,,42100,Italy,48 pies,17,0,0,0,REGGC,Reggiani Caseifici,Maurizio Moroni,Sales Associate,Strada Provinciale 124,Reggio Emilia,,42100,Italy,0522-556721,1,Nancy Davolio,Sales Representative,5-1-1992,Seattle,USA,1,Speedy Express,(503) 555-9831,29,For ts d' rables,Chantal Goulet,Canada
10563,36,Inlagd Sill,Seafood,Seaweed and fish,19,19,25,0,475.0,6-10-1997,7-22-1997,6-24-1997,60.43,Ricardo Adocicados,"Av. Copacabana, 267",Rio de Janeiro,RJ,02389-890,Brazil,24 - 250 g  jars,112,0,20,0,RICAR,Ricardo Adocicados,Janete Limeira,Assistant Sales Agent,"Av. Copacabana, 267",Rio de Janeiro,RJ,02389-890,Brazil,(21) 555-3412,2,Andrew Fuller,"Vice President, Sales",8-14-1992,Tacoma,USA,2,United Package,(503) 555-3199,17,Svensk Sj f da AB,Michael Bj rn,Sweden
10563,52,Filo Mix,Grains/Cereals,"Breads, crackers, pasta, and cereal",7,7,70,0,490.0,6-10-1997,7-22-1997,6-24-1997,60.43,Ricardo Adocicados,"Av. Copacabana, 267",Rio de Janeiro,RJ,02389-890,Brazil,16 - 2 kg boxes,38,0,25,0,RICAR,Ricardo Adocicados,Janete Limeira,Assistant Sales Agent,"Av. Copacabana, 267",Rio de Janeiro,RJ,02389-890,Brazil,(21) 555-3412,2,Andrew Fuller,"Vice President, Sales",8-14-1992,Tacoma,USA,2,United Package,(503) 555-3199,24,"G'day, Mate",Wendy Mackenzie,Australia
10564,17,Alice Mutton,Meat/Poultry,Prepared meats,39,39,16,0.05,592.8,6-10-1997,7-8-1997,6-16-1997,13.75,Rattlesnake Canyon Grocery,2817 Milton Dr.,Albuquerque,NM,87110,USA,20 - 1 kg tins,0,0,0,1,RATTC,Rattlesnake Canyon Grocery,Paula Wilson,Assistant Sales Representative,2817 Milton Dr.,Albuquerque,NM,87110,USA,(505) 555-5939,4,Margaret Peacock,Sales Representative,5-3-1993,Redmond,USA,3,Federal Shipping,(503) 555-9931,7,"Pavlova, Ltd.",Ian Devling,Australia
10564,31,Gorgonzola Telino,Dairy Products,Cheeses,12.5,12.5,6,0.05,71.25,6-10-1997,7-8-1997,6-16-1997,13.75,Rattlesnake Canyon Grocery,2817 Milton Dr.,Albuquerque,NM,87110,USA,12 - 100 g pkgs,0,70,20,0,RATTC,Rattlesnake Canyon Grocery,Paula Wilson,Assistant Sales Representative,2817 Milton Dr.,Albuquerque,NM,87110,USA,(505) 555-5939,4,Margaret Peacock,Sales Representative,5-3-1993,Redmond,USA,3,Federal Shipping,(503) 555-9931,14,Formaggi Fortini s.r.l.,Elio Rossi,Italy
10564,55,P t  chinois,Meat/Poultry,Prepared meats,24,24,25,0.05,570.0,6-10-1997,7-8-1997,6-16-1997,13.75,Rattlesnake Canyon Grocery,2817 Milton Dr.,Albuquerque,NM,87110,USA,24 boxes x 2 pies,115,0,20,0,RATTC,Rattlesnake Canyon Grocery,Paula Wilson,Assistant Sales Representative,2817 Milton Dr.,Albuquerque,NM,87110,USA,(505) 555-5939,4,Margaret Peacock,Sales Representative,5-3-1993,Redmond,USA,3,Federal Shipping,(503) 555-9931,25,Ma Maison,Jean-Guy Lauzon,Canada
10565,24,Guaran  Fant stica,Beverages,"Soft drinks, coffees, teas, beers, and ales",4.5,4.5,25,0.1,101.25,6-11-1997,7-9-1997,6-18-1997,7.15,M re Paillarde,43 rue St. Laurent,Montr al,Qu bec,H1J 1C3,Canada,12 - 355 ml cans,20,0,0,1,MEREP,M re Paillarde,Jean Fresni re,Marketing Assistant,43 rue St. Laurent,Montr al,Qu bec,H1J 1C3,Canada,(514) 555-8054,8,Laura Callahan,Inside Sales Coordinator,3-5-1994,Seattle,USA,2,United Package,(503) 555-3199,10,Refrescos Americanas LTDA,Carlos Diaz,Brazil
10565,64,Wimmers gute Semmelkn del,Grains/Cereals,"Breads, crackers, pasta, and cereal",33.25,33.25,18,0.1,538.65,6-11-1997,7-9-1997,6-18-1997,7.15,M re Paillarde,43 rue St. Laurent,Montr al,Qu bec,H1J 1C3,Canada,20 bags x 4 pieces,22,80,30,0,MEREP,M re Paillarde,Jean Fresni re,Marketing Assistant,43 rue St. Laurent,Montr al,Qu bec,H1J 1C3,Canada,(514) 555-8054,8,Laura Callahan,Inside Sales Coordinator,3-5-1994,Seattle,USA,2,United Package,(503) 555-3199,12,Plutzer Lebensmittelgro m rkte AG,Martin Bein,Germany
10566,11,Queso Cabrales,Dairy Products,Cheeses,21,21,35,0.15,624.75,6-12-1997,7-10-1997,6-18-1997,88.4,Blondel p re et fils,"24, place Kl ber",Strasbourg,,67000,France,1 kg pkg.,22,30,30,0,BLONP,Blondesddsl p re et fils,Fr d rique Citeaux,Marketing Manager,"24, place Kl ber",Strasbourg,,67000,France,88.60.15.31,9,Anne Dodsworth,Sales Representative,11-15-1994,London,UK,1,Speedy Express,(503) 555-9831,5,Cooperativa de Quesos 'Las Cabras',Antonio del Valle Saavedra,Spain
10566,18,Carnarvon Tigers,Seafood,Seaweed and fish,62.5,62.5,18,0.15,956.25,6-12-1997,7-10-1997,6-18-1997,88.4,Blondel p re et fils,"24, place Kl ber",Strasbourg,,67000,France,16 kg pkg.,42,0,0,0,BLONP,Blondesddsl p re et fils,Fr d rique Citeaux,Marketing Manager,"24, place Kl ber",Strasbourg,,67000,France,88.60.15.31,9,Anne Dodsworth,Sales Representative,11-15-1994,London,UK,1,Speedy Express,(503) 555-9831,7,"Pavlova, Ltd.",Ian Devling,Australia
10566,76,Lakkalik  ri,Beverages,"Soft drinks, coffees, teas, beers, and ales",18,18,10,0,180.0,6-12-1997,7-10-1997,6-18-1997,88.4,Blondel p re et fils,"24, place Kl ber",Strasbourg,,67000,France,500 ml,57,0,20,0,BLONP,Blondesddsl p re et fils,Fr d rique Citeaux,Marketing Manager,"24, place Kl ber",Strasbourg,,67000,France,88.60.15.31,9,Anne Dodsworth,Sales Representative,11-15-1994,London,UK,1,Speedy Express,(503) 555-9831,23,Karkki Oy,Anne Heikkonen,Finland
10567,31,Gorgonzola Telino,Dairy Products,Cheeses,12.5,12.5,60,0.2,600.0,6-12-1997,7-10-1997,6-17-1997,33.97,Hungry Owl All-Night Grocers,8 Johnstown Road,Cork,Co. Cork,,Ireland,12 - 100 g pkgs,0,70,20,0,HUNGO,Hungry Owl All-Night Grocers,Patricia McKenna,Sales Associate,8 Johnstown Road,Cork,Co. Cork,,Ireland,2967 542,1,Nancy Davolio,Sales Representative,5-1-1992,Seattle,USA,1,Speedy Express,(503) 555-9831,14,Formaggi Fortini s.r.l.,Elio Rossi,Italy
10567,51,Manjimup Dried Apples,Produce,Dried fruit and bean curd,53,53,3,0,159.0,6-12-1997,7-10-1997,6-17-1997,33.97,Hungry Owl All-Night Grocers,8 Johnstown Road,Cork,Co. Cork,,Ireland,50 - 300 g pkgs.,20,0,10,0,HUNGO,Hungry Owl All-Night Grocers,Patricia McKenna,Sales Associate,8 Johnstown Road,Cork,Co. Cork,,Ireland,2967 542,1,Nancy Davolio,Sales Representative,5-1-1992,Seattle,USA,1,Speedy Express,(503) 555-9831,24,"G'day, Mate",Wendy Mackenzie,Australia
10567,59,Raclette Courdavault,Dairy Products,Cheeses,55,55,40,0.2,1760.0,6-12-1997,7-10-1997,6-17-1997,33.97,Hungry Owl All-Night Grocers,8 Johnstown Road,Cork,Co. Cork,,Ireland,5 kg pkg.,79,0,0,0,HUNGO,Hungry Owl All-Night Grocers,Patricia McKenna,Sales Associate,8 Johnstown Road,Cork,Co. Cork,,Ireland,2967 542,1,Nancy Davolio,Sales Representative,5-1-1992,Seattle,USA,1,Speedy Express,(503) 555-9831,28,Gai p turage,Eliane Noz,France
10568,10,Ikura,Seafood,Seaweed and fish,31,31,5,0,155.0,6-13-1997,7-11-1997,7-9-1997,6.54,Galer a del gastron mo,"Rambla de Catalu a, 23",Barcelona,,8022,Spain,12 - 200 ml jars,31,0,0,0,GALED,Galer a del gastr nomo,Eduardo Saavedra,Marketing Manager,"Rambla de Catalu a, 23",Barcelona,,08022,Spain,(93) 203 4560,3,Janet Leverling,Sales Representative,4-1-1992,Kirkland,USA,3,Federal Shipping,(503) 555-9931,4,Tokyo Traders,Yoshi Nagase,Japan
10569,31,Gorgonzola Telino,Dairy Products,Cheeses,12.5,12.5,35,0.2,350.0,6-16-1997,7-14-1997,7-11-1997,58.98,Rattlesnake Canyon Grocery,2817 Milton Dr.,Albuquerque,NM,87110,USA,12 - 100 g pkgs,0,70,20,0,RATTC,Rattlesnake Canyon Grocery,Paula Wilson,Assistant Sales Representative,2817 Milton Dr.,Albuquerque,NM,87110,USA,(505) 555-5939,5,Steven Buchanan,Sales Manager,10-17-1993,London,UK,1,Speedy Express,(503) 555-9831,14,Formaggi Fortini s.r.l.,Elio Rossi,Italy
10569,76,Lakkalik  ri,Beverages,"Soft drinks, coffees, teas, beers, and ales",18,18,30,0,540.0,6-16-1997,7-14-1997,7-11-1997,58.98,Rattlesnake Canyon Grocery,2817 Milton Dr.,Albuquerque,NM,87110,USA,500 ml,57,0,20,0,RATTC,Rattlesnake Canyon Grocery,Paula Wilson,Assistant Sales Representative,2817 Milton Dr.,Albuquerque,NM,87110,USA,(505) 555-5939,5,Steven Buchanan,Sales Manager,10-17-1993,London,UK,1,Speedy Express,(503) 555-9831,23,Karkki Oy,Anne Heikkonen,Finland
10570,11,Queso Cabrales,Dairy Products,Cheeses,21,21,15,0.05,299.25,6-17-1997,7-15-1997,6-19-1997,188.99,M re Paillarde,43 rue St. Laurent,Montr al,Qu bec,H1J 1C3,Canada,1 kg pkg.,22,30,30,0,MEREP,M re Paillarde,Jean Fresni re,Marketing Assistant,43 rue St. Laurent,Montr al,Qu bec,H1J 1C3,Canada,(514) 555-8054,3,Janet Leverling,Sales Representative,4-1-1992,Kirkland,USA,3,Federal Shipping,(503) 555-9931,5,Cooperativa de Quesos 'Las Cabras',Antonio del Valle Saavedra,Spain
10570,56,Gnocchi di nonna Alice,Grains/Cereals,"Breads, crackers, pasta, and cereal",38,38,60,0.05,2166.0,6-17-1997,7-15-1997,6-19-1997,188.99,M re Paillarde,43 rue St. Laurent,Montr al,Qu bec,H1J 1C3,Canada,24 - 250 g pkgs.,21,10,30,0,MEREP,M re Paillarde,Jean Fresni re,Marketing Assistant,43 rue St. Laurent,Montr al,Qu bec,H1J 1C3,Canada,(514) 555-8054,3,Janet Leverling,Sales Representative,4-1-1992,Kirkland,USA,3,Federal Shipping,(503) 555-9931,26,Pasta Buttini s.r.l.,Giovanni Giudici,Italy
10571,14,Tofu,Produce,Dried fruit and bean curd,23.25,23.25,11,0.15,217.39,6-17-1997,7-29-1997,7-4-1997,26.06,Ernst Handel,Kirchgasse 6,Graz,,8010,Austria,40 - 100 g pkgs.,35,0,0,0,ERNSH,Ernst Handel,Roland Mendel,Sales Manager,Kirchgasse 6,Graz,,8010,Austria,7675-3425,8,Laura Callahan,Inside Sales Coordinator,3-5-1994,Seattle,USA,3,Federal Shipping,(503) 555-9931,6,Mayumi's,Mayumi Ohno,Japan
10571,42,Singaporean Hokkien Fried Mee,Grains/Cereals,"Breads, crackers, pasta, and cereal",14,14,28,0.15,333.2,6-17-1997,7-29-1997,7-4-1997,26.06,Ernst Handel,Kirchgasse 6,Graz,,8010,Austria,32 - 1 kg pkgs.,26,0,0,1,ERNSH,Ernst Handel,Roland Mendel,Sales Manager,Kirchgasse 6,Graz,,8010,Austria,7675-3425,8,Laura Callahan,Inside Sales Coordinator,3-5-1994,Seattle,USA,3,Federal Shipping,(503) 555-9931,20,Leka Trading,Chandra Leka,Singapore
10572,16,Pavlova,Confections,"Desserts, candies, and sweet breads",17.45,17.45,12,0.1,188.46,6-18-1997,7-16-1997,6-25-1997,116.43,Berglunds snabbk p,Berguvsv gen  8,Lule,,S-958 22,Sweden,32 - 500 g boxes,29,0,10,0,BERGS,Berglunds snabbk p,Christina Berglund,Order Administrator,Berguvsv gen  8,Lule,,S-958 22,Sweden,0921-12 34 65,3,Janet Leverling,Sales Representative,4-1-1992,Kirkland,USA,2,United Package,(503) 555-3199,7,"Pavlova, Ltd.",Ian Devling,Australia
10572,32,Mascarpone Fabioli,Dairy Products,Cheeses,32,32,10,0.1,288.0,6-18-1997,7-16-1997,6-25-1997,116.43,Berglunds snabbk p,Berguvsv gen  8,Lule,,S-958 22,Sweden,24 - 200 g pkgs.,9,40,25,0,BERGS,Berglunds snabbk p,Christina Berglund,Order Administrator,Berguvsv gen  8,Lule,,S-958 22,Sweden,0921-12 34 65,3,Janet Leverling,Sales Representative,4-1-1992,Kirkland,USA,2,United Package,(503) 555-3199,14,Formaggi Fortini s.r.l.,Elio Rossi,Italy
10572,40,Boston Crab Meat,Seafood,Seaweed and fish,18.4,18.4,50,0,920.0,6-18-1997,7-16-1997,6-25-1997,116.43,Berglunds snabbk p,Berguvsv gen  8,Lule,,S-958 22,Sweden,24 - 4 oz tins,123,0,30,0,BERGS,Berglunds snabbk p,Christina Berglund,Order Administrator,Berguvsv gen  8,Lule,,S-958 22,Sweden,0921-12 34 65,3,Janet Leverling,Sales Representative,4-1-1992,Kirkland,USA,2,United Package,(503) 555-3199,19,New England Seafood Cannery,Robb Merchant,USA
10572,75,Rh nbr u Klosterbier,Beverages,"Soft drinks, coffees, teas, beers, and ales",7.75,7.75,15,0.1,104.62,6-18-1997,7-16-1997,6-25-1997,116.43,Berglunds snabbk p,Berguvsv gen  8,Lule,,S-958 22,Sweden,24 - 0.5 l bottles,125,0,25,0,BERGS,Berglunds snabbk p,Christina Berglund,Order Administrator,Berguvsv gen  8,Lule,,S-958 22,Sweden,0921-12 34 65,3,Janet Leverling,Sales Representative,4-1-1992,Kirkland,USA,2,United Package,(503) 555-3199,12,Plutzer Lebensmittelgro m rkte AG,Martin Bein,Germany
10573,17,Alice Mutton,Meat/Poultry,Prepared meats,39,39,18,0,702.0,6-19-1997,7-17-1997,6-20-1997,84.84,Antonio Moreno Taquer a,Mataderos  2312,M xico D.F.,,05023,Mexico,20 - 1 kg tins,0,0,0,1,ANTON,Antonio Moreno Taquer a,Antonio Moreno,Owner,Mataderos  2312,M xico D.F.,,05023,Mexico,(5) 555-3932,7,Robert King,Sales Representative,1-2-1994,London,UK,3,Federal Shipping,(503) 555-9931,7,"Pavlova, Ltd.",Ian Devling,Australia
10573,34,Sasquatch Ale,Beverages,"Soft drinks, coffees, teas, beers, and ales",14,14,40,0,560.0,6-19-1997,7-17-1997,6-20-1997,84.84,Antonio Moreno Taquer a,Mataderos  2312,M xico D.F.,,05023,Mexico,24 - 12 oz bottles,111,0,15,0,ANTON,Antonio Moreno Taquer a,Antonio Moreno,Owner,Mataderos  2312,M xico D.F.,,05023,Mexico,(5) 555-3932,7,Robert King,Sales Representative,1-2-1994,London,UK,3,Federal Shipping,(503) 555-9931,16,Bigfoot Breweries,Cheryl Saylor,USA
10573,53,Perth Pasties,Meat/Poultry,Prepared meats,32.8,32.8,25,0,820.0,6-19-1997,7-17-1997,6-20-1997,84.84,Antonio Moreno Taquer a,Mataderos  2312,M xico D.F.,,05023,Mexico,48 pieces,0,0,0,1,ANTON,Antonio Moreno Taquer a,Antonio Moreno,Owner,Mataderos  2312,M xico D.F.,,05023,Mexico,(5) 555-3932,7,Robert King,Sales Representative,1-2-1994,London,UK,3,Federal Shipping,(503) 555-9931,24,"G'day, Mate",Wendy Mackenzie,Australia
10574,33,Geitost,Dairy Products,Cheeses,2.5,2.5,14,0,35.0,6-19-1997,7-17-1997,6-30-1997,37.6,Trail's Head Gourmet Provisioners,722 DaVinci Blvd.,Kirkland,WA,98034,USA,500 g,112,0,20,0,TRAIH,Trail's Head Gourmet Provisioners,Helvetius Nagy,Sales Associate,722 DaVinci Blvd.,Kirkland,WA,98034,USA,(206) 555-8257,4,Margaret Peacock,Sales Representative,5-3-1993,Redmond,USA,2,United Package,(503) 555-3199,15,Norske Meierier,Beate Vileid,Norway
10574,40,Boston Crab Meat,Seafood,Seaweed and fish,18.4,18.4,2,0,36.8,6-19-1997,7-17-1997,6-30-1997,37.6,Trail's Head Gourmet Provisioners,722 DaVinci Blvd.,Kirkland,WA,98034,USA,24 - 4 oz tins,123,0,30,0,TRAIH,Trail's Head Gourmet Provisioners,Helvetius Nagy,Sales Associate,722 DaVinci Blvd.,Kirkland,WA,98034,USA,(206) 555-8257,4,Margaret Peacock,Sales Representative,5-3-1993,Redmond,USA,2,United Package,(503) 555-3199,19,New England Seafood Cannery,Robb Merchant,USA
10574,62,Tarte au sucre,Confections,"Desserts, candies, and sweet breads",49.3,49.3,10,0,493.0,6-19-1997,7-17-1997,6-30-1997,37.6,Trail's Head Gourmet Provisioners,722 DaVinci Blvd.,Kirkland,WA,98034,USA,48 pies,17,0,0,0,TRAIH,Trail's Head Gourmet Provisioners,Helvetius Nagy,Sales Associate,722 DaVinci Blvd.,Kirkland,WA,98034,USA,(206) 555-8257,4,Margaret Peacock,Sales Representative,5-3-1993,Redmond,USA,2,United Package,(503) 555-3199,29,For ts d' rables,Chantal Goulet,Canada
10574,64,Wimmers gute Semmelkn del,Grains/Cereals,"Breads, crackers, pasta, and cereal",33.25,33.25,6,0,199.5,6-19-1997,7-17-1997,6-30-1997,37.6,Trail's Head Gourmet Provisioners,722 DaVinci Blvd.,Kirkland,WA,98034,USA,20 bags x 4 pieces,22,80,30,0,TRAIH,Trail's Head Gourmet Provisioners,Helvetius Nagy,Sales Associate,722 DaVinci Blvd.,Kirkland,WA,98034,USA,(206) 555-8257,4,Margaret Peacock,Sales Representative,5-3-1993,Redmond,USA,2,United Package,(503) 555-3199,12,Plutzer Lebensmittelgro m rkte AG,Martin Bein,Germany
10575,59,Raclette Courdavault,Dairy Products,Cheeses,55,55,12,0,660.0,6-20-1997,7-4-1997,6-30-1997,127.34,Morgenstern Gesundkost,Heerstr. 22,Leipzig,,04179,Germany,5 kg pkg.,79,0,0,0,MORGK,Morgenstern Gesundkost,Alexander Feuer,Marketing Assistant,Heerstr. 22,Leipzig,,04179,Germany,0342-023176,5,Steven Buchanan,Sales Manager,10-17-1993,London,UK,1,Speedy Express,(503) 555-9831,28,Gai p turage,Eliane Noz,France
10575,63,Vegie-spread,Condiments,"Sweet and savory sauces, relishes, spreads, and seasonings",43.9,43.9,6,0,263.4,6-20-1997,7-4-1997,6-30-1997,127.34,Morgenstern Gesundkost,Heerstr. 22,Leipzig,,04179,Germany,15 - 625 g jars,24,0,5,0,MORGK,Morgenstern Gesundkost,Alexander Feuer,Marketing Assistant,Heerstr. 22,Leipzig,,04179,Germany,0342-023176,5,Steven Buchanan,Sales Manager,10-17-1993,London,UK,1,Speedy Express,(503) 555-9831,7,"Pavlova, Ltd.",Ian Devling,Australia
10575,72,Mozzarella di Giovanni,Dairy Products,Cheeses,34.8,34.8,30,0,1044.0,6-20-1997,7-4-1997,6-30-1997,127.34,Morgenstern Gesundkost,Heerstr. 22,Leipzig,,04179,Germany,24 - 200 g pkgs.,14,0,0,0,MORGK,Morgenstern Gesundkost,Alexander Feuer,Marketing Assistant,Heerstr. 22,Leipzig,,04179,Germany,0342-023176,5,Steven Buchanan,Sales Manager,10-17-1993,London,UK,1,Speedy Express,(503) 555-9831,14,Formaggi Fortini s.r.l.,Elio Rossi,Italy
10575,76,Lakkalik  ri,Beverages,"Soft drinks, coffees, teas, beers, and ales",18,18,10,0,180.0,6-20-1997,7-4-1997,6-30-1997,127.34,Morgenstern Gesundkost,Heerstr. 22,Leipzig,,04179,Germany,500 ml,57,0,20,0,MORGK,Morgenstern Gesundkost,Alexander Feuer,Marketing Assistant,Heerstr. 22,Leipzig,,04179,Germany,0342-023176,5,Steven Buchanan,Sales Manager,10-17-1993,London,UK,1,Speedy Express,(503) 555-9831,23,Karkki Oy,Anne Heikkonen,Finland
10576,1,Chai,Beverages,"Soft drinks, coffees, teas, beers, and ales",18,18,10,0,180.0,6-23-1997,7-7-1997,6-30-1997,18.56,Tortuga Restaurante,Avda. Azteca 123,M xico D.F.,,05033,Mexico,10 boxes x 30 bags,39,0,10,1,TORTU,Tortuga Restaurante,Miguel Angel Paolino,Owner,Avda. Azteca 123,M xico D.F.,,05033,Mexico,(5) 555-2933,3,Janet Leverling,Sales Representative,4-1-1992,Kirkland,USA,3,Federal Shipping,(503) 555-9931,8,"Specialty Biscuits, Ltd.",Peter Wilson,UK
10576,31,Gorgonzola Telino,Dairy Products,Cheeses,12.5,12.5,20,0,250.0,6-23-1997,7-7-1997,6-30-1997,18.56,Tortuga Restaurante,Avda. Azteca 123,M xico D.F.,,05033,Mexico,12 - 100 g pkgs,0,70,20,0,TORTU,Tortuga Restaurante,Miguel Angel Paolino,Owner,Avda. Azteca 123,M xico D.F.,,05033,Mexico,(5) 555-2933,3,Janet Leverling,Sales Representative,4-1-1992,Kirkland,USA,3,Federal Shipping,(503) 555-9931,14,Formaggi Fortini s.r.l.,Elio Rossi,Italy
10576,44,Gula Malacca,Condiments,"Sweet and savory sauces, relishes, spreads, and seasonings",19.45,19.45,21,0,408.45,6-23-1997,7-7-1997,6-30-1997,18.56,Tortuga Restaurante,Avda. Azteca 123,M xico D.F.,,05033,Mexico,20 - 2 kg bags,27,0,15,0,TORTU,Tortuga Restaurante,Miguel Angel Paolino,Owner,Avda. Azteca 123,M xico D.F.,,05033,Mexico,(5) 555-2933,3,Janet Leverling,Sales Representative,4-1-1992,Kirkland,USA,3,Federal Shipping,(503) 555-9931,20,Leka Trading,Chandra Leka,Singapore
10577,39,Chartreuse verte,Beverages,"Soft drinks, coffees, teas, beers, and ales",18,18,10,0,180.0,6-23-1997,8-4-1997,6-30-1997,25.41,Trail's Head Gourmet Provisioners,722 DaVinci Blvd.,Kirkland,WA,98034,USA,750 cc per bottle,69,0,5,0,TRAIH,Trail's Head Gourmet Provisioners,Helvetius Nagy,Sales Associate,722 DaVinci Blvd.,Kirkland,WA,98034,USA,(206) 555-8257,9,Anne Dodsworth,Sales Representative,11-15-1994,London,UK,2,United Package,(503) 555-3199,18,Aux joyeux eccl siastiques,Guyl ne Nodier,France
10577,75,Rh nbr u Klosterbier,Beverages,"Soft drinks, coffees, teas, beers, and ales",7.75,7.75,20,0,155.0,6-23-1997,8-4-1997,6-30-1997,25.41,Trail's Head Gourmet Provisioners,722 DaVinci Blvd.,Kirkland,WA,98034,USA,24 - 0.5 l bottles,125,0,25,0,TRAIH,Trail's Head Gourmet Provisioners,Helvetius Nagy,Sales Associate,722 DaVinci Blvd.,Kirkland,WA,98034,USA,(206) 555-8257,9,Anne Dodsworth,Sales Representative,11-15-1994,London,UK,2,United Package,(503) 555-3199,12,Plutzer Lebensmittelgro m rkte AG,Martin Bein,Germany
10577,77,Original Frankfurter gr ne So e,Condiments,"Sweet and savory sauces, relishes, spreads, and seasonings",13,13,18,0,234.0,6-23-1997,8-4-1997,6-30-1997,25.41,Trail's Head Gourmet Provisioners,722 DaVinci Blvd.,Kirkland,WA,98034,USA,12 boxes,32,0,15,0,TRAIH,Trail's Head Gourmet Provisioners,Helvetius Nagy,Sales Associate,722 DaVinci Blvd.,Kirkland,WA,98034,USA,(206) 555-8257,9,Anne Dodsworth,Sales Representative,11-15-1994,London,UK,2,United Package,(503) 555-3199,12,Plutzer Lebensmittelgro m rkte AG,Martin Bein,Germany
10578,35,Steeleye Stout,Beverages,"Soft drinks, coffees, teas, beers, and ales",18,18,20,0,360.0,6-24-1997,7-22-1997,7-25-1997,29.6,B's Beverages,Fauntleroy Circus,London,,EC2 5NT,UK,24 - 12 oz bottles,20,0,15,0,BSBEV,B's Beverages,Victoria Ashworth,Sales Representative,Fauntleroy Circus,London,,EC2 5NT,UK,(171) 555-1212,4,Margaret Peacock,Sales Representative,5-3-1993,Redmond,USA,3,Federal Shipping,(503) 555-9931,16,Bigfoot Breweries,Cheryl Saylor,USA
10578,57,Ravioli Angelo,Grains/Cereals,"Breads, crackers, pasta, and cereal",19.5,19.5,6,0,117.0,6-24-1997,7-22-1997,7-25-1997,29.6,B's Beverages,Fauntleroy Circus,London,,EC2 5NT,UK,24 - 250 g pkgs.,36,0,20,0,BSBEV,B's Beverages,Victoria Ashworth,Sales Representative,Fauntleroy Circus,London,,EC2 5NT,UK,(171) 555-1212,4,Margaret Peacock,Sales Representative,5-3-1993,Redmond,USA,3,Federal Shipping,(503) 555-9931,26,Pasta Buttini s.r.l.,Giovanni Giudici,Italy
10579,15,Genen Shouyu,Condiments,"Sweet and savory sauces, relishes, spreads, and seasonings",15.5,13,10,0,155.0,6-25-1997,7-23-1997,7-4-1997,13.73,Let's Stop N Shop,87 Polk St. Suite 5,San Francisco,CA,94117,USA,24 - 250 ml bottles,39,0,5,0,LETSS,Let's Stop N Shop,Jaime Yorres,Owner,87 Polk St. Suite 5,San Francisco,CA,94117,USA,(415) 555-5938,1,Nancy Davolio,Sales Representative,5-1-1992,Seattle,USA,2,United Package,(503) 555-3199,6,Mayumi's,Mayumi Ohno,Japan
10579,75,Rh nbr u Klosterbier,Beverages,"Soft drinks, coffees, teas, beers, and ales",7.75,7.75,21,0,162.75,6-25-1997,7-23-1997,7-4-1997,13.73,Let's Stop N Shop,87 Polk St. Suite 5,San Francisco,CA,94117,USA,24 - 0.5 l bottles,125,0,25,0,LETSS,Let's Stop N Shop,Jaime Yorres,Owner,87 Polk St. Suite 5,San Francisco,CA,94117,USA,(415) 555-5938,1,Nancy Davolio,Sales Representative,5-1-1992,Seattle,USA,2,United Package,(503) 555-3199,12,Plutzer Lebensmittelgro m rkte AG,Martin Bein,Germany
10580,14,Tofu,Produce,Dried fruit and bean curd,23.25,23.25,15,0.05,331.31,6-26-1997,7-24-1997,7-1-1997,75.89,Ottilies K seladen,Mehrheimerstr. 369,K ln,,50739,Germany,40 - 100 g pkgs.,35,0,0,0,OTTIK,Ottilies K seladen,Henriette Pfalzheim,Owner,Mehrheimerstr. 369,K ln,,50739,Germany,0221-0644327,4,Margaret Peacock,Sales Representative,5-3-1993,Redmond,USA,3,Federal Shipping,(503) 555-9931,6,Mayumi's,Mayumi Ohno,Japan
10580,41,Jack's New England Clam Chowder,Seafood,Seaweed and fish,9.65,9.65,9,0.05,82.51,6-26-1997,7-24-1997,7-1-1997,75.89,Ottilies K seladen,Mehrheimerstr. 369,K ln,,50739,Germany,12 - 12 oz cans,85,0,10,0,OTTIK,Ottilies K seladen,Henriette Pfalzheim,Owner,Mehrheimerstr. 369,K ln,,50739,Germany,0221-0644327,4,Margaret Peacock,Sales Representative,5-3-1993,Redmond,USA,3,Federal Shipping,(503) 555-9931,19,New England Seafood Cannery,Robb Merchant,USA
10580,65,Louisiana Fiery Hot Pepper Sauce,Condiments,"Sweet and savory sauces, relishes, spreads, and seasonings",21.05,21.05,30,0.05,599.92,6-26-1997,7-24-1997,7-1-1997,75.89,Ottilies K seladen,Mehrheimerstr. 369,K ln,,50739,Germany,32 - 8 oz bottles,76,0,0,0,OTTIK,Ottilies K seladen,Henriette Pfalzheim,Owner,Mehrheimerstr. 369,K ln,,50739,Germany,0221-0644327,4,Margaret Peacock,Sales Representative,5-3-1993,Redmond,USA,3,Federal Shipping,(503) 555-9931,2,New Orleans Cajun Delights,Shelley Burke,USA
10581,75,Rh nbr u Klosterbier,Beverages,"Soft drinks, coffees, teas, beers, and ales",7.75,7.75,50,0.2,310.0,6-26-1997,7-24-1997,7-2-1997,3.01,Familia Arquibaldo,"Rua Or s, 92",Sao Paulo,SP,05442-030,Brazil,24 - 0.5 l bottles,125,0,25,0,FAMIA,Familia Arquibaldo,Aria Cruz,Marketing Assistant,"Rua Or s, 92",Sao Paulo,SP,05442-030,Brazil,(11) 555-9857,3,Janet Leverling,Sales Representative,4-1-1992,Kirkland,USA,1,Speedy Express,(503) 555-9831,12,Plutzer Lebensmittelgro m rkte AG,Martin Bein,Germany
10582,57,Ravioli Angelo,Grains/Cereals,"Breads, crackers, pasta, and cereal",19.5,19.5,4,0,78.0,6-27-1997,7-25-1997,7-14-1997,27.71,Blauer See Delikatessen,Forsterstr. 57,Mannheim,,68306,Germany,24 - 250 g pkgs.,36,0,20,0,BLAUS,Blauer See Delikatessen,Hanna Moos,Sales Representative,Forsterstr. 57,Mannheim,,68306,Germany,0621-08460,3,Janet Leverling,Sales Representative,4-1-1992,Kirkland,USA,2,United Package,(503) 555-3199,26,Pasta Buttini s.r.l.,Giovanni Giudici,Italy
10582,76,Lakkalik  ri,Beverages,"Soft drinks, coffees, teas, beers, and ales",18,18,14,0,252.0,6-27-1997,7-25-1997,7-14-1997,27.71,Blauer See Delikatessen,Forsterstr. 57,Mannheim,,68306,Germany,500 ml,57,0,20,0,BLAUS,Blauer See Delikatessen,Hanna Moos,Sales Representative,Forsterstr. 57,Mannheim,,68306,Germany,0621-08460,3,Janet Leverling,Sales Representative,4-1-1992,Kirkland,USA,2,United Package,(503) 555-3199,23,Karkki Oy,Anne Heikkonen,Finland
10583,29,Th ringer Rostbratwurst,Meat/Poultry,Prepared meats,123.79,123.79,10,0,1237.9,6-30-1997,7-28-1997,7-4-1997,7.28,Wartian Herkku,Torikatu 38,Oulu,,90110,Finland,50 bags x 30 sausgs.,0,0,0,1,WARTH,Wartian Herkku,Pirkko Koskitalo,Accounting Manager,Torikatu 38,Oulu,,90110,Finland,981-443655,2,Andrew Fuller,"Vice President, Sales",8-14-1992,Tacoma,USA,2,United Package,(503) 555-3199,12,Plutzer Lebensmittelgro m rkte AG,Martin Bein,Germany
10583,60,Camembert Pierrot,Dairy Products,Cheeses,34,34,24,0.15,693.6,6-30-1997,7-28-1997,7-4-1997,7.28,Wartian Herkku,Torikatu 38,Oulu,,90110,Finland,15 - 300 g rounds,19,0,0,0,WARTH,Wartian Herkku,Pirkko Koskitalo,Accounting Manager,Torikatu 38,Oulu,,90110,Finland,981-443655,2,Andrew Fuller,"Vice President, Sales",8-14-1992,Tacoma,USA,2,United Package,(503) 555-3199,28,Gai p turage,Eliane Noz,France
10583,69,Gudbrandsdalsost,Dairy Products,Cheeses,36,36,10,0.15,306.0,6-30-1997,7-28-1997,7-4-1997,7.28,Wartian Herkku,Torikatu 38,Oulu,,90110,Finland,10 kg pkg.,26,0,15,0,WARTH,Wartian Herkku,Pirkko Koskitalo,Accounting Manager,Torikatu 38,Oulu,,90110,Finland,981-443655,2,Andrew Fuller,"Vice President, Sales",8-14-1992,Tacoma,USA,2,United Package,(503) 555-3199,15,Norske Meierier,Beate Vileid,Norway
10584,31,Gorgonzola Telino,Dairy Products,Cheeses,12.5,12.5,50,0.05,593.75,6-30-1997,7-28-1997,7-4-1997,59.14,Blondel p re et fils,"24, place Kl ber",Strasbourg,,67000,France,12 - 100 g pkgs,0,70,20,0,BLONP,Blondesddsl p re et fils,Fr d rique Citeaux,Marketing Manager,"24, place Kl ber",Strasbourg,,67000,France,88.60.15.31,4,Margaret Peacock,Sales Representative,5-3-1993,Redmond,USA,1,Speedy Express,(503) 555-9831,14,Formaggi Fortini s.r.l.,Elio Rossi,Italy
10585,47,Zaanse koeken,Confections,"Desserts, candies, and sweet breads",9.5,9.5,15,0,142.5,7-1-1997,7-29-1997,7-10-1997,13.41,Wellington Importadora,"Rua do Mercado, 12",Resende,SP,08737-363,Brazil,10 - 4 oz boxes,36,0,0,0,WELLI,Wellington Importadora,Paula Parente,Sales Manager,"Rua do Mercado, 12",Resende,SP,08737-363,Brazil,(14) 555-8122,7,Robert King,Sales Representative,1-2-1994,London,UK,1,Speedy Express,(503) 555-9831,22,Zaanse Snoepfabriek,Dirk Luchte,Netherlands
10586,52,Filo Mix,Grains/Cereals,"Breads, crackers, pasta, and cereal",7,7,4,0.15,23.8,7-2-1997,7-30-1997,7-9-1997,0.48,Reggiani Caseifici,Strada Provinciale 124,Reggio Emilia,,42100,Italy,16 - 2 kg boxes,38,0,25,0,REGGC,Reggiani Caseifici,Maurizio Moroni,Sales Associate,Strada Provinciale 124,Reggio Emilia,,42100,Italy,0522-556721,9,Anne Dodsworth,Sales Representative,11-15-1994,London,UK,1,Speedy Express,(503) 555-9831,24,"G'day, Mate",Wendy Mackenzie,Australia
10587,26,Gumb r Gummib rchen,Confections,"Desserts, candies, and sweet breads",31.23,31.23,6,0,187.38,7-2-1997,7-30-1997,7-9-1997,62.52,Que Del cia,"Rua da Panificadora, 12",Rio de Janeiro,RJ,02389-673,Brazil,100 - 250 g bags,15,0,0,0,QUEDE,Que Del cia,Bernardo Batista,Accounting Manager,"Rua da Panificadora, 12",Rio de Janeiro,RJ,02389-673,Brazil,(21) 555-4252,1,Nancy Davolio,Sales Representative,5-1-1992,Seattle,USA,1,Speedy Express,(503) 555-9831,11,Heli S  waren GmbH & Co. KG,Petra Winkler,Germany
10587,35,Steeleye Stout,Beverages,"Soft drinks, coffees, teas, beers, and ales",18,18,20,0,360.0,7-2-1997,7-30-1997,7-9-1997,62.52,Que Del cia,"Rua da Panificadora, 12",Rio de Janeiro,RJ,02389-673,Brazil,24 - 12 oz bottles,20,0,15,0,QUEDE,Que Del cia,Bernardo Batista,Accounting Manager,"Rua da Panificadora, 12",Rio de Janeiro,RJ,02389-673,Brazil,(21) 555-4252,1,Nancy Davolio,Sales Representative,5-1-1992,Seattle,USA,1,Speedy Express,(503) 555-9831,16,Bigfoot Breweries,Cheryl Saylor,USA
10587,77,Original Frankfurter gr ne So e,Condiments,"Sweet and savory sauces, relishes, spreads, and seasonings",13,13,20,0,260.0,7-2-1997,7-30-1997,7-9-1997,62.52,Que Del cia,"Rua da Panificadora, 12",Rio de Janeiro,RJ,02389-673,Brazil,12 boxes,32,0,15,0,QUEDE,Que Del cia,Bernardo Batista,Accounting Manager,"Rua da Panificadora, 12",Rio de Janeiro,RJ,02389-673,Brazil,(21) 555-4252,1,Nancy Davolio,Sales Representative,5-1-1992,Seattle,USA,1,Speedy Express,(503) 555-9831,12,Plutzer Lebensmittelgro m rkte AG,Martin Bein,Germany
10588,18,Carnarvon Tigers,Seafood,Seaweed and fish,62.5,62.5,40,0.2,2000.0,7-3-1997,7-31-1997,7-10-1997,194.67,QUICK-Stop,Taucherstra e 10,Cunewalde,,01307,Germany,16 kg pkg.,42,0,0,0,QUICK,QUICK-Stop,Horst Kloss,Accounting Manager,Taucherstra e 10,Cunewalde,,01307,Germany,0372-035188,2,Andrew Fuller,"Vice President, Sales",8-14-1992,Tacoma,USA,3,Federal Shipping,(503) 555-9931,7,"Pavlova, Ltd.",Ian Devling,Australia
10588,42,Singaporean Hokkien Fried Mee,Grains/Cereals,"Breads, crackers, pasta, and cereal",14,14,100,0.2,1120.0,7-3-1997,7-31-1997,7-10-1997,194.67,QUICK-Stop,Taucherstra e 10,Cunewalde,,01307,Germany,32 - 1 kg pkgs.,26,0,0,1,QUICK,QUICK-Stop,Horst Kloss,Accounting Manager,Taucherstra e 10,Cunewalde,,01307,Germany,0372-035188,2,Andrew Fuller,"Vice President, Sales",8-14-1992,Tacoma,USA,3,Federal Shipping,(503) 555-9931,20,Leka Trading,Chandra Leka,Singapore
10589,35,Steeleye Stout,Beverages,"Soft drinks, coffees, teas, beers, and ales",18,18,4,0,72.0,7-4-1997,8-1-1997,7-14-1997,4.42,Great Lakes Food Market,2732 Baker Blvd.,Eugene,OR,97403,USA,24 - 12 oz bottles,20,0,15,0,GREAL,Great Lakes Food Market,Howard Snyder,Marketing Manager,2732 Baker Blvd.,Eugene,OR,97403,USA,(503) 555-7555,8,Laura Callahan,Inside Sales Coordinator,3-5-1994,Seattle,USA,2,United Package,(503) 555-3199,16,Bigfoot Breweries,Cheryl Saylor,USA
10590,1,Chai,Beverages,"Soft drinks, coffees, teas, beers, and ales",18,18,20,0,360.0,7-7-1997,8-4-1997,7-14-1997,44.77,M re Paillarde,43 rue St. Laurent,Montr al,Qu bec,H1J 1C3,Canada,10 boxes x 30 bags,39,0,10,1,MEREP,M re Paillarde,Jean Fresni re,Marketing Assistant,43 rue St. Laurent,Montr al,Qu bec,H1J 1C3,Canada,(514) 555-8054,4,Margaret Peacock,Sales Representative,5-3-1993,Redmond,USA,3,Federal Shipping,(503) 555-9931,8,"Specialty Biscuits, Ltd.",Peter Wilson,UK
10590,77,Original Frankfurter gr ne So e,Condiments,"Sweet and savory sauces, relishes, spreads, and seasonings",13,13,60,0.05,741.0,7-7-1997,8-4-1997,7-14-1997,44.77,M re Paillarde,43 rue St. Laurent,Montr al,Qu bec,H1J 1C3,Canada,12 boxes,32,0,15,0,MEREP,M re Paillarde,Jean Fresni re,Marketing Assistant,43 rue St. Laurent,Montr al,Qu bec,H1J 1C3,Canada,(514) 555-8054,4,Margaret Peacock,Sales Representative,5-3-1993,Redmond,USA,3,Federal Shipping,(503) 555-9931,12,Plutzer Lebensmittelgro m rkte AG,Martin Bein,Germany
10591,3,Aniseed Syrup,Condiments,"Sweet and savory sauces, relishes, spreads, and seasonings",10,10,14,0,140.0,7-7-1997,7-21-1997,7-16-1997,55.92,Vaffeljernet,Smagsloget 45,rhus,,8200,Denmark,12 - 550 ml bottles,13,70,25,0,VAFFE,Vaffeljernet,Palle Ibsen,Sales Manager,Smagsloget 45,rhus,,8200,Denmark,86 21 32 43,1,Nancy Davolio,Sales Representative,5-1-1992,Seattle,USA,1,Speedy Express,(503) 555-9831,1,Exotic Liquids,Charlotte Cooper,UK
10591,7,Uncle Bob's Organic Dried Pears,Produce,Dried fruit and bean curd,30,30,10,0,300.0,7-7-1997,7-21-1997,7-16-1997,55.92,Vaffeljernet,Smagsloget 45,rhus,,8200,Denmark,12 - 1 lb pkgs.,15,0,10,0,VAFFE,Vaffeljernet,Palle Ibsen,Sales Manager,Smagsloget 45,rhus,,8200,Denmark,86 21 32 43,1,Nancy Davolio,Sales Representative,5-1-1992,Seattle,USA,1,Speedy Express,(503) 555-9831,3,Grandma Kelly's Homestead,Regina Murphy,USA
10591,54,Tourti re,Meat/Poultry,Prepared meats,7.45,7.45,50,0,372.5,7-7-1997,7-21-1997,7-16-1997,55.92,Vaffeljernet,Smagsloget 45,rhus,,8200,Denmark,16 pies,21,0,10,0,VAFFE,Vaffeljernet,Palle Ibsen,Sales Manager,Smagsloget 45,rhus,,8200,Denmark,86 21 32 43,1,Nancy Davolio,Sales Representative,5-1-1992,Seattle,USA,1,Speedy Express,(503) 555-9831,25,Ma Maison,Jean-Guy Lauzon,Canada
10592,15,Genen Shouyu,Condiments,"Sweet and savory sauces, relishes, spreads, and seasonings",15.5,13,25,0.05,368.12,7-8-1997,8-5-1997,7-16-1997,32.1,Lehmanns Marktstand,Magazinweg 7,Frankfurt a.M.,,60528,Germany,24 - 250 ml bottles,39,0,5,0,LEHMS,Lehmanns Marktstand,Renate Messner,Sales Representative,Magazinweg 7,Frankfurt a.M.,,60528,Germany,069-0245984,3,Janet Leverling,Sales Representative,4-1-1992,Kirkland,USA,1,Speedy Express,(503) 555-9831,6,Mayumi's,Mayumi Ohno,Japan
10592,26,Gumb r Gummib rchen,Confections,"Desserts, candies, and sweet breads",31.23,31.23,5,0.05,148.34,7-8-1997,8-5-1997,7-16-1997,32.1,Lehmanns Marktstand,Magazinweg 7,Frankfurt a.M.,,60528,Germany,100 - 250 g bags,15,0,0,0,LEHMS,Lehmanns Marktstand,Renate Messner,Sales Representative,Magazinweg 7,Frankfurt a.M.,,60528,Germany,069-0245984,3,Janet Leverling,Sales Representative,4-1-1992,Kirkland,USA,1,Speedy Express,(503) 555-9831,11,Heli S  waren GmbH & Co. KG,Petra Winkler,Germany
10593,20,Sir Rodney's Marmalade,Confections,"Desserts, candies, and sweet breads",81,81,21,0.2,1360.8,7-9-1997,8-6-1997,8-13-1997,174.2,Lehmanns Marktstand,Magazinweg 7,Frankfurt a.M.,,60528,Germany,30 gift boxes,40,0,0,0,LEHMS,Lehmanns Marktstand,Renate Messner,Sales Representative,Magazinweg 7,Frankfurt a.M.,,60528,Germany,069-0245984,7,Robert King,Sales Representative,1-2-1994,London,UK,2,United Package,(503) 555-3199,8,"Specialty Biscuits, Ltd.",Peter Wilson,UK
10593,69,Gudbrandsdalsost,Dairy Products,Cheeses,36,36,20,0.2,576.0,7-9-1997,8-6-1997,8-13-1997,174.2,Lehmanns Marktstand,Magazinweg 7,Frankfurt a.M.,,60528,Germany,10 kg pkg.,26,0,15,0,LEHMS,Lehmanns Marktstand,Renate Messner,Sales Representative,Magazinweg 7,Frankfurt a.M.,,60528,Germany,069-0245984,7,Robert King,Sales Representative,1-2-1994,London,UK,2,United Package,(503) 555-3199,15,Norske Meierier,Beate Vileid,Norway
10593,76,Lakkalik  ri,Beverages,"Soft drinks, coffees, teas, beers, and ales",18,18,4,0.2,57.6,7-9-1997,8-6-1997,8-13-1997,174.2,Lehmanns Marktstand,Magazinweg 7,Frankfurt a.M.,,60528,Germany,500 ml,57,0,20,0,LEHMS,Lehmanns Marktstand,Renate Messner,Sales Representative,Magazinweg 7,Frankfurt a.M.,,60528,Germany,069-0245984,7,Robert King,Sales Representative,1-2-1994,London,UK,2,United Package,(503) 555-3199,23,Karkki Oy,Anne Heikkonen,Finland
10594,52,Filo Mix,Grains/Cereals,"Breads, crackers, pasta, and cereal",7,7,24,0,168.0,7-9-1997,8-6-1997,7-16-1997,5.24,Old World Delicatessen,2743 Bering St.,Anchorage,AK,99508,USA,16 - 2 kg boxes,38,0,25,0,OLDWO,Old World Delicatessen,Rene Phillips,Sales Representative,2743 Bering St.,Anchorage,AK,99508,USA,(907) 555-7584,3,Janet Leverling,Sales Representative,4-1-1992,Kirkland,USA,2,United Package,(503) 555-3199,24,"G'day, Mate",Wendy Mackenzie,Australia
10594,58,Escargots de Bourgogne,Seafood,Seaweed and fish,13.25,13.25,30,0,397.5,7-9-1997,8-6-1997,7-16-1997,5.24,Old World Delicatessen,2743 Bering St.,Anchorage,AK,99508,USA,24 pieces,62,0,20,0,OLDWO,Old World Delicatessen,Rene Phillips,Sales Representative,2743 Bering St.,Anchorage,AK,99508,USA,(907) 555-7584,3,Janet Leverling,Sales Representative,4-1-1992,Kirkland,USA,2,United Package,(503) 555-3199,27,Escargots Nouveaux,Marie Delamare,France
10595,35,Steeleye Stout,Beverages,"Soft drinks, coffees, teas, beers, and ales",18,18,30,0.25,405.0,7-10-1997,8-7-1997,7-14-1997,96.78,Ernst Handel,Kirchgasse 6,Graz,,8010,Austria,24 - 12 oz bottles,20,0,15,0,ERNSH,Ernst Handel,Roland Mendel,Sales Manager,Kirchgasse 6,Graz,,8010,Austria,7675-3425,2,Andrew Fuller,"Vice President, Sales",8-14-1992,Tacoma,USA,1,Speedy Express,(503) 555-9831,16,Bigfoot Breweries,Cheryl Saylor,USA
10595,61,Sirop d' rable,Condiments,"Sweet and savory sauces, relishes, spreads, and seasonings",28.5,28.5,120,0.25,2565.0,7-10-1997,8-7-1997,7-14-1997,96.78,Ernst Handel,Kirchgasse 6,Graz,,8010,Austria,24 - 500 ml bottles,113,0,25,0,ERNSH,Ernst Handel,Roland Mendel,Sales Manager,Kirchgasse 6,Graz,,8010,Austria,7675-3425,2,Andrew Fuller,"Vice President, Sales",8-14-1992,Tacoma,USA,1,Speedy Express,(503) 555-9831,29,For ts d' rables,Chantal Goulet,Canada
10595,69,Gudbrandsdalsost,Dairy Products,Cheeses,36,36,65,0.25,1755.0,7-10-1997,8-7-1997,7-14-1997,96.78,Ernst Handel,Kirchgasse 6,Graz,,8010,Austria,10 kg pkg.,26,0,15,0,ERNSH,Ernst Handel,Roland Mendel,Sales Manager,Kirchgasse 6,Graz,,8010,Austria,7675-3425,2,Andrew Fuller,"Vice President, Sales",8-14-1992,Tacoma,USA,1,Speedy Express,(503) 555-9831,15,Norske Meierier,Beate Vileid,Norway
10596,56,Gnocchi di nonna Alice,Grains/Cereals,"Breads, crackers, pasta, and cereal",38,38,5,0.2,152.0,7-11-1997,8-8-1997,8-12-1997,16.34,White Clover Markets,1029 - 12th Ave. S.,Seattle,WA,98124,USA,24 - 250 g pkgs.,21,10,30,0,WHITC,White Clover Markets,Karl Jablonski,Owner,305 - 14th Ave. S. Suite 3B,Seattle,WA,98128,USA,(206) 555-4112,8,Laura Callahan,Inside Sales Coordinator,3-5-1994,Seattle,USA,1,Speedy Express,(503) 555-9831,26,Pasta Buttini s.r.l.,Giovanni Giudici,Italy
10596,63,Vegie-spread,Condiments,"Sweet and savory sauces, relishes, spreads, and seasonings",43.9,43.9,24,0.2,842.88,7-11-1997,8-8-1997,8-12-1997,16.34,White Clover Markets,1029 - 12th Ave. S.,Seattle,WA,98124,USA,15 - 625 g jars,24,0,5,0,WHITC,White Clover Markets,Karl Jablonski,Owner,305 - 14th Ave. S. Suite 3B,Seattle,WA,98128,USA,(206) 555-4112,8,Laura Callahan,Inside Sales Coordinator,3-5-1994,Seattle,USA,1,Speedy Express,(503) 555-9831,7,"Pavlova, Ltd.",Ian Devling,Australia
10596,75,Rh nbr u Klosterbier,Beverages,"Soft drinks, coffees, teas, beers, and ales",7.75,7.75,30,0.2,186.0,7-11-1997,8-8-1997,8-12-1997,16.34,White Clover Markets,1029 - 12th Ave. S.,Seattle,WA,98124,USA,24 - 0.5 l bottles,125,0,25,0,WHITC,White Clover Markets,Karl Jablonski,Owner,305 - 14th Ave. S. Suite 3B,Seattle,WA,98128,USA,(206) 555-4112,8,Laura Callahan,Inside Sales Coordinator,3-5-1994,Seattle,USA,1,Speedy Express,(503) 555-9831,12,Plutzer Lebensmittelgro m rkte AG,Martin Bein,Germany
10597,24,Guaran  Fant stica,Beverages,"Soft drinks, coffees, teas, beers, and ales",4.5,4.5,35,0.2,126.0,7-11-1997,8-8-1997,7-18-1997,35.12,Piccolo und mehr,Geislweg 14,Salzburg,,5020,Austria,12 - 355 ml cans,20,0,0,1,PICCO,Piccolo und mehr,Georg Pipps,Sales Manager,Geislweg 14,Salzburg,,5020,Austria,6562-9722,7,Robert King,Sales Representative,1-2-1994,London,UK,3,Federal Shipping,(503) 555-9931,10,Refrescos Americanas LTDA,Carlos Diaz,Brazil
10597,57,Ravioli Angelo,Grains/Cereals,"Breads, crackers, pasta, and cereal",19.5,19.5,20,0,390.0,7-11-1997,8-8-1997,7-18-1997,35.12,Piccolo und mehr,Geislweg 14,Salzburg,,5020,Austria,24 - 250 g pkgs.,36,0,20,0,PICCO,Piccolo und mehr,Georg Pipps,Sales Manager,Geislweg 14,Salzburg,,5020,Austria,6562-9722,7,Robert King,Sales Representative,1-2-1994,London,UK,3,Federal Shipping,(503) 555-9931,26,Pasta Buttini s.r.l.,Giovanni Giudici,Italy
10597,65,Louisiana Fiery Hot Pepper Sauce,Condiments,"Sweet and savory sauces, relishes, spreads, and seasonings",21.05,21.05,12,0.2,202.08,7-11-1997,8-8-1997,7-18-1997,35.12,Piccolo und mehr,Geislweg 14,Salzburg,,5020,Austria,32 - 8 oz bottles,76,0,0,0,PICCO,Piccolo und mehr,Georg Pipps,Sales Manager,Geislweg 14,Salzburg,,5020,Austria,6562-9722,7,Robert King,Sales Representative,1-2-1994,London,UK,3,Federal Shipping,(503) 555-9931,2,New Orleans Cajun Delights,Shelley Burke,USA
10598,27,Schoggi Schokolade,Confections,"Desserts, candies, and sweet breads",43.9,43.9,50,0,2195.0,7-14-1997,8-11-1997,7-18-1997,44.42,Rattlesnake Canyon Grocery,2817 Milton Dr.,Albuquerque,NM,87110,USA,100 - 100 g pieces,49,0,30,0,RATTC,Rattlesnake Canyon Grocery,Paula Wilson,Assistant Sales Representative,2817 Milton Dr.,Albuquerque,NM,87110,USA,(505) 555-5939,1,Nancy Davolio,Sales Representative,5-1-1992,Seattle,USA,3,Federal Shipping,(503) 555-9931,11,Heli S  waren GmbH & Co. KG,Petra Winkler,Germany
10598,71,Flotemysost,Dairy Products,Cheeses,21.5,21.5,9,0,193.5,7-14-1997,8-11-1997,7-18-1997,44.42,Rattlesnake Canyon Grocery,2817 Milton Dr.,Albuquerque,NM,87110,USA,10 - 500 g pkgs.,26,0,0,0,RATTC,Rattlesnake Canyon Grocery,Paula Wilson,Assistant Sales Representative,2817 Milton Dr.,Albuquerque,NM,87110,USA,(505) 555-5939,1,Nancy Davolio,Sales Representative,5-1-1992,Seattle,USA,3,Federal Shipping,(503) 555-9931,15,Norske Meierier,Beate Vileid,Norway
10599,62,Tarte au sucre,Confections,"Desserts, candies, and sweet breads",49.3,49.3,10,0,493.0,7-15-1997,8-26-1997,7-21-1997,29.98,B's Beverages,Fauntleroy Circus,London,,EC2 5NT,UK,48 pies,17,0,0,0,BSBEV,B's Beverages,Victoria Ashworth,Sales Representative,Fauntleroy Circus,London,,EC2 5NT,UK,(171) 555-1212,6,Michael Suyama,Sales Representative,10-17-1993,London,UK,3,Federal Shipping,(503) 555-9931,29,For ts d' rables,Chantal Goulet,Canada
10600,54,Tourti re,Meat/Poultry,Prepared meats,7.45,7.45,4,0,29.8,7-16-1997,8-13-1997,7-21-1997,45.13,Hungry Coyote Import Store,City Center Plaza 516 Main St.,Elgin,OR,97827,USA,16 pies,21,0,10,0,HUNGC,Hungry Coyote Import Store,Yoshi Latimer,Sales Representative,City Center Plaza 516 Main St.,Elgin,OR,97827,USA,(503) 555-6874,4,Margaret Peacock,Sales Representative,5-3-1993,Redmond,USA,1,Speedy Express,(503) 555-9831,25,Ma Maison,Jean-Guy Lauzon,Canada
10600,73,R d Kaviar,Seafood,Seaweed and fish,15,15,30,0,450.0,7-16-1997,8-13-1997,7-21-1997,45.13,Hungry Coyote Import Store,City Center Plaza 516 Main St.,Elgin,OR,97827,USA,24 - 150 g jars,101,0,5,0,HUNGC,Hungry Coyote Import Store,Yoshi Latimer,Sales Representative,City Center Plaza 516 Main St.,Elgin,OR,97827,USA,(503) 555-6874,4,Margaret Peacock,Sales Representative,5-3-1993,Redmond,USA,1,Speedy Express,(503) 555-9831,17,Svensk Sj f da AB,Michael Bj rn,Sweden
10601,13,Konbu,Seafood,Seaweed and fish,6,6,60,0,360.0,7-16-1997,8-27-1997,7-22-1997,58.3,HILARION-Abastos,Carrera 22 con Ave. Carlos Soublette #8-35,San Crist bal,T chira,5022,Venezuela,2 kg box,24,0,5,0,HILAA,HILARION-Abastos,Carlos Hern ndez,Sales Representative,Carrera 22 con Ave. Carlos Soublette #8-35,San Crist bal,T chira,5022,Venezuela,(5) 555-1340,7,Robert King,Sales Representative,1-2-1994,London,UK,1,Speedy Express,(503) 555-9831,6,Mayumi's,Mayumi Ohno,Japan
10601,59,Raclette Courdavault,Dairy Products,Cheeses,55,55,35,0,1925.0,7-16-1997,8-27-1997,7-22-1997,58.3,HILARION-Abastos,Carrera 22 con Ave. Carlos Soublette #8-35,San Crist bal,T chira,5022,Venezuela,5 kg pkg.,79,0,0,0,HILAA,HILARION-Abastos,Carlos Hern ndez,Sales Representative,Carrera 22 con Ave. Carlos Soublette #8-35,San Crist bal,T chira,5022,Venezuela,(5) 555-1340,7,Robert King,Sales Representative,1-2-1994,London,UK,1,Speedy Express,(503) 555-9831,28,Gai p turage,Eliane Noz,France
10602,77,Original Frankfurter gr ne So e,Condiments,"Sweet and savory sauces, relishes, spreads, and seasonings",13,13,5,0.25,48.75,7-17-1997,8-14-1997,7-22-1997,2.92,Vaffeljernet,Smagsloget 45,rhus,,8200,Denmark,12 boxes,32,0,15,0,VAFFE,Vaffeljernet,Palle Ibsen,Sales Manager,Smagsloget 45,rhus,,8200,Denmark,86 21 32 43,8,Laura Callahan,Inside Sales Coordinator,3-5-1994,Seattle,USA,2,United Package,(503) 555-3199,12,Plutzer Lebensmittelgro m rkte AG,Martin Bein,Germany
10603,22,Gustaf's Kn ckebr d,Grains/Cereals,"Breads, crackers, pasta, and cereal",21,21,48,0,1008.0,7-18-1997,8-15-1997,8-8-1997,48.77,Save-a-lot Markets,187 Suffolk Ln.,Boise,ID,83720,USA,24 - 500 g pkgs.,104,0,25,0,SAVEA,Save-a-lot Markets,Jose Pavarotti,Sales Representative,187 Suffolk Ln.,Boise,ID,83720,USA,(208) 555-8097,8,Laura Callahan,Inside Sales Coordinator,3-5-1994,Seattle,USA,2,United Package,(503) 555-3199,9,PB Kn ckebr d AB,Lars Peterson,Sweden
10603,49,Maxilaku,Confections,"Desserts, candies, and sweet breads",20,20,25,0.05,475.0,7-18-1997,8-15-1997,8-8-1997,48.77,Save-a-lot Markets,187 Suffolk Ln.,Boise,ID,83720,USA,24 - 50 g pkgs.,10,60,15,0,SAVEA,Save-a-lot Markets,Jose Pavarotti,Sales Representative,187 Suffolk Ln.,Boise,ID,83720,USA,(208) 555-8097,8,Laura Callahan,Inside Sales Coordinator,3-5-1994,Seattle,USA,2,United Package,(503) 555-3199,23,Karkki Oy,Anne Heikkonen,Finland
10604,48,Chocolade,Confections,"Desserts, candies, and sweet breads",12.75,12.75,6,0.1,68.85,7-18-1997,8-15-1997,7-29-1997,7.46,Furia Bacalhau e Frutos do Mar,Jardim das rosas n. 32,Lisboa,,1675,Portugal,10 pkgs.,15,70,25,0,FURIB,Furia Bacalhau e Frutos do Mar,Lino Rodriguez,Sales Manager,Jardim das rosas n. 32,Lisboa,,1675,Portugal,(1) 354-2534,1,Nancy Davolio,Sales Representative,5-1-1992,Seattle,USA,1,Speedy Express,(503) 555-9831,22,Zaanse Snoepfabriek,Dirk Luchte,Netherlands
10604,76,Lakkalik  ri,Beverages,"Soft drinks, coffees, teas, beers, and ales",18,18,10,0.1,162.0,7-18-1997,8-15-1997,7-29-1997,7.46,Furia Bacalhau e Frutos do Mar,Jardim das rosas n. 32,Lisboa,,1675,Portugal,500 ml,57,0,20,0,FURIB,Furia Bacalhau e Frutos do Mar,Lino Rodriguez,Sales Manager,Jardim das rosas n. 32,Lisboa,,1675,Portugal,(1) 354-2534,1,Nancy Davolio,Sales Representative,5-1-1992,Seattle,USA,1,Speedy Express,(503) 555-9831,23,Karkki Oy,Anne Heikkonen,Finland
10605,16,Pavlova,Confections,"Desserts, candies, and sweet breads",17.45,17.45,30,0.05,497.32,7-21-1997,8-18-1997,7-29-1997,379.13,M re Paillarde,43 rue St. Laurent,Montr al,Qu bec,H1J 1C3,Canada,32 - 500 g boxes,29,0,10,0,MEREP,M re Paillarde,Jean Fresni re,Marketing Assistant,43 rue St. Laurent,Montr al,Qu bec,H1J 1C3,Canada,(514) 555-8054,1,Nancy Davolio,Sales Representative,5-1-1992,Seattle,USA,2,United Package,(503) 555-3199,7,"Pavlova, Ltd.",Ian Devling,Australia
10605,59,Raclette Courdavault,Dairy Products,Cheeses,55,55,20,0.05,1045.0,7-21-1997,8-18-1997,7-29-1997,379.13,M re Paillarde,43 rue St. Laurent,Montr al,Qu bec,H1J 1C3,Canada,5 kg pkg.,79,0,0,0,MEREP,M re Paillarde,Jean Fresni re,Marketing Assistant,43 rue St. Laurent,Montr al,Qu bec,H1J 1C3,Canada,(514) 555-8054,1,Nancy Davolio,Sales Representative,5-1-1992,Seattle,USA,2,United Package,(503) 555-3199,28,Gai p turage,Eliane Noz,France
10605,60,Camembert Pierrot,Dairy Products,Cheeses,34,34,70,0.05,2261.0,7-21-1997,8-18-1997,7-29-1997,379.13,M re Paillarde,43 rue St. Laurent,Montr al,Qu bec,H1J 1C3,Canada,15 - 300 g rounds,19,0,0,0,MEREP,M re Paillarde,Jean Fresni re,Marketing Assistant,43 rue St. Laurent,Montr al,Qu bec,H1J 1C3,Canada,(514) 555-8054,1,Nancy Davolio,Sales Representative,5-1-1992,Seattle,USA,2,United Package,(503) 555-3199,28,Gai p turage,Eliane Noz,France
10605,71,Flotemysost,Dairy Products,Cheeses,21.5,21.5,15,0.05,306.38,7-21-1997,8-18-1997,7-29-1997,379.13,M re Paillarde,43 rue St. Laurent,Montr al,Qu bec,H1J 1C3,Canada,10 - 500 g pkgs.,26,0,0,0,MEREP,M re Paillarde,Jean Fresni re,Marketing Assistant,43 rue St. Laurent,Montr al,Qu bec,H1J 1C3,Canada,(514) 555-8054,1,Nancy Davolio,Sales Representative,5-1-1992,Seattle,USA,2,United Package,(503) 555-3199,15,Norske Meierier,Beate Vileid,Norway
10606,4,Chef Anton's Cajun Seasoning,Condiments,"Sweet and savory sauces, relishes, spreads, and seasonings",22,22,20,0.2,352.0,7-22-1997,8-19-1997,7-31-1997,79.4,Tradi ao Hipermercados,"Av. In s de Castro, 414",Sao Paulo,SP,05634-030,Brazil,48 - 6 oz jars,53,0,0,0,TRADH,Tradi  o Hipermercados,Anabela Domingues,Sales Representative,"Av. In s de Castro, 414",Sao Paulo,SP,05634-030,Brazil,(11) 555-2167,4,Margaret Peacock,Sales Representative,5-3-1993,Redmond,USA,3,Federal Shipping,(503) 555-9931,2,New Orleans Cajun Delights,Shelley Burke,USA
10606,55,P t  chinois,Meat/Poultry,Prepared meats,24,24,20,0.2,384.0,7-22-1997,8-19-1997,7-31-1997,79.4,Tradi ao Hipermercados,"Av. In s de Castro, 414",Sao Paulo,SP,05634-030,Brazil,24 boxes x 2 pies,115,0,20,0,TRADH,Tradi  o Hipermercados,Anabela Domingues,Sales Representative,"Av. In s de Castro, 414",Sao Paulo,SP,05634-030,Brazil,(11) 555-2167,4,Margaret Peacock,Sales Representative,5-3-1993,Redmond,USA,3,Federal Shipping,(503) 555-9931,25,Ma Maison,Jean-Guy Lauzon,Canada
10606,62,Tarte au sucre,Confections,"Desserts, candies, and sweet breads",49.3,49.3,10,0.2,394.4,7-22-1997,8-19-1997,7-31-1997,79.4,Tradi ao Hipermercados,"Av. In s de Castro, 414",Sao Paulo,SP,05634-030,Brazil,48 pies,17,0,0,0,TRADH,Tradi  o Hipermercados,Anabela Domingues,Sales Representative,"Av. In s de Castro, 414",Sao Paulo,SP,05634-030,Brazil,(11) 555-2167,4,Margaret Peacock,Sales Representative,5-3-1993,Redmond,USA,3,Federal Shipping,(503) 555-9931,29,For ts d' rables,Chantal Goulet,Canada
10607,7,Uncle Bob's Organic Dried Pears,Produce,Dried fruit and bean curd,30,30,45,0,1350.0,7-22-1997,8-19-1997,7-25-1997,200.24,Save-a-lot Markets,187 Suffolk Ln.,Boise,ID,83720,USA,12 - 1 lb pkgs.,15,0,10,0,SAVEA,Save-a-lot Markets,Jose Pavarotti,Sales Representative,187 Suffolk Ln.,Boise,ID,83720,USA,(208) 555-8097,5,Steven Buchanan,Sales Manager,10-17-1993,London,UK,1,Speedy Express,(503) 555-9831,3,Grandma Kelly's Homestead,Regina Murphy,USA
10607,17,Alice Mutton,Meat/Poultry,Prepared meats,39,39,100,0,3900.0,7-22-1997,8-19-1997,7-25-1997,200.24,Save-a-lot Markets,187 Suffolk Ln.,Boise,ID,83720,USA,20 - 1 kg tins,0,0,0,1,SAVEA,Save-a-lot Markets,Jose Pavarotti,Sales Representative,187 Suffolk Ln.,Boise,ID,83720,USA,(208) 555-8097,5,Steven Buchanan,Sales Manager,10-17-1993,London,UK,1,Speedy Express,(503) 555-9831,7,"Pavlova, Ltd.",Ian Devling,Australia
10607,33,Geitost,Dairy Products,Cheeses,2.5,2.5,14,0,35.0,7-22-1997,8-19-1997,7-25-1997,200.24,Save-a-lot Markets,187 Suffolk Ln.,Boise,ID,83720,USA,500 g,112,0,20,0,SAVEA,Save-a-lot Markets,Jose Pavarotti,Sales Representative,187 Suffolk Ln.,Boise,ID,83720,USA,(208) 555-8097,5,Steven Buchanan,Sales Manager,10-17-1993,London,UK,1,Speedy Express,(503) 555-9831,15,Norske Meierier,Beate Vileid,Norway
10607,40,Boston Crab Meat,Seafood,Seaweed and fish,18.4,18.4,42,0,772.8,7-22-1997,8-19-1997,7-25-1997,200.24,Save-a-lot Markets,187 Suffolk Ln.,Boise,ID,83720,USA,24 - 4 oz tins,123,0,30,0,SAVEA,Save-a-lot Markets,Jose Pavarotti,Sales Representative,187 Suffolk Ln.,Boise,ID,83720,USA,(208) 555-8097,5,Steven Buchanan,Sales Manager,10-17-1993,London,UK,1,Speedy Express,(503) 555-9831,19,New England Seafood Cannery,Robb Merchant,USA
10607,72,Mozzarella di Giovanni,Dairy Products,Cheeses,34.8,34.8,12,0,417.6,7-22-1997,8-19-1997,7-25-1997,200.24,Save-a-lot Markets,187 Suffolk Ln.,Boise,ID,83720,USA,24 - 200 g pkgs.,14,0,0,0,SAVEA,Save-a-lot Markets,Jose Pavarotti,Sales Representative,187 Suffolk Ln.,Boise,ID,83720,USA,(208) 555-8097,5,Steven Buchanan,Sales Manager,10-17-1993,London,UK,1,Speedy Express,(503) 555-9831,14,Formaggi Fortini s.r.l.,Elio Rossi,Italy
10608,56,Gnocchi di nonna Alice,Grains/Cereals,"Breads, crackers, pasta, and cereal",38,38,28,0,1064.0,7-23-1997,8-20-1997,8-1-1997,27.79,Toms Spezialit ten,Luisenstr. 48,M nster,,44087,Germany,24 - 250 g pkgs.,21,10,30,0,TOMSP,Toms Spezialit ten,Karin Josephs,Marketing Manager,Luisenstr. 48,M nster,,44087,Germany,0251-031259,4,Margaret Peacock,Sales Representative,5-3-1993,Redmond,USA,2,United Package,(503) 555-3199,26,Pasta Buttini s.r.l.,Giovanni Giudici,Italy
10609,1,Chai,Beverages,"Soft drinks, coffees, teas, beers, and ales",18,18,3,0,54.0,7-24-1997,8-21-1997,7-30-1997,1.85,Du monde entier,"67, rue des Cinquante Otages",Nantes,,44000,France,10 boxes x 30 bags,39,0,10,1,DUMON,Du monde entier,Janine Labrune,Owner,"67, rue des Cinquante Otages",Nantes,,44000,France,40.67.88.88,7,Robert King,Sales Representative,1-2-1994,London,UK,2,United Package,(503) 555-3199,8,"Specialty Biscuits, Ltd.",Peter Wilson,UK
10609,10,Ikura,Seafood,Seaweed and fish,31,31,10,0,310.0,7-24-1997,8-21-1997,7-30-1997,1.85,Du monde entier,"67, rue des Cinquante Otages",Nantes,,44000,France,12 - 200 ml jars,31,0,0,0,DUMON,Du monde entier,Janine Labrune,Owner,"67, rue des Cinquante Otages",Nantes,,44000,France,40.67.88.88,7,Robert King,Sales Representative,1-2-1994,London,UK,2,United Package,(503) 555-3199,4,Tokyo Traders,Yoshi Nagase,Japan
10609,21,Sir Rodney's Scones,Confections,"Desserts, candies, and sweet breads",10,10,6,0,60.0,7-24-1997,8-21-1997,7-30-1997,1.85,Du monde entier,"67, rue des Cinquante Otages",Nantes,,44000,France,24 pkgs. x 4 pieces,3,40,5,0,DUMON,Du monde entier,Janine Labrune,Owner,"67, rue des Cinquante Otages",Nantes,,44000,France,40.67.88.88,7,Robert King,Sales Representative,1-2-1994,London,UK,2,United Package,(503) 555-3199,8,"Specialty Biscuits, Ltd.",Peter Wilson,UK
10610,36,Inlagd Sill,Seafood,Seaweed and fish,19,19,21,0.25,299.25,7-25-1997,8-22-1997,8-6-1997,26.78,La maison d'Asie,1 rue Alsace-Lorraine,Toulouse,,31000,France,24 - 250 g  jars,112,0,20,0,LAMAI,La maison d'Asie,Annette Roulet,Sales Manager,1 rue Alsace-Lorraine,Toulouse,,31000,France,61.77.61.10,8,Laura Callahan,Inside Sales Coordinator,3-5-1994,Seattle,USA,1,Speedy Express,(503) 555-9831,17,Svensk Sj f da AB,Michael Bj rn,Sweden
10611,1,Chai,Beverages,"Soft drinks, coffees, teas, beers, and ales",18,18,6,0,108.0,7-25-1997,8-22-1997,8-1-1997,80.65,Wolski Zajazd,ul. Filtrowa 68,Warszawa,,01-012,Poland,10 boxes x 30 bags,39,0,10,1,WOLZA,Wolski  Zajazd,Zbyszek Piestrzeniewicz,Owner,ul. Filtrowa 68,Warszawa,,01-012,Poland,(26) 642-7012,6,Michael Suyama,Sales Representative,10-17-1993,London,UK,2,United Package,(503) 555-3199,8,"Specialty Biscuits, Ltd.",Peter Wilson,UK
10611,2,Chang,Beverages,"Soft drinks, coffees, teas, beers, and ales",19,19,10,0,190.0,7-25-1997,8-22-1997,8-1-1997,80.65,Wolski Zajazd,ul. Filtrowa 68,Warszawa,,01-012,Poland,24 - 12 oz bottles,17,40,25,1,WOLZA,Wolski  Zajazd,Zbyszek Piestrzeniewicz,Owner,ul. Filtrowa 68,Warszawa,,01-012,Poland,(26) 642-7012,6,Michael Suyama,Sales Representative,10-17-1993,London,UK,2,United Package,(503) 555-3199,1,Exotic Liquids,Charlotte Cooper,UK
10611,60,Camembert Pierrot,Dairy Products,Cheeses,34,34,15,0,510.0,7-25-1997,8-22-1997,8-1-1997,80.65,Wolski Zajazd,ul. Filtrowa 68,Warszawa,,01-012,Poland,15 - 300 g rounds,19,0,0,0,WOLZA,Wolski  Zajazd,Zbyszek Piestrzeniewicz,Owner,ul. Filtrowa 68,Warszawa,,01-012,Poland,(26) 642-7012,6,Michael Suyama,Sales Representative,10-17-1993,London,UK,2,United Package,(503) 555-3199,28,Gai p turage,Eliane Noz,France
10612,10,Ikura,Seafood,Seaweed and fish,31,31,70,0,2170.0,7-28-1997,8-25-1997,8-1-1997,544.08,Save-a-lot Markets,187 Suffolk Ln.,Boise,ID,83720,USA,12 - 200 ml jars,31,0,0,0,SAVEA,Save-a-lot Markets,Jose Pavarotti,Sales Representative,187 Suffolk Ln.,Boise,ID,83720,USA,(208) 555-8097,1,Nancy Davolio,Sales Representative,5-1-1992,Seattle,USA,2,United Package,(503) 555-3199,4,Tokyo Traders,Yoshi Nagase,Japan
10612,36,Inlagd Sill,Seafood,Seaweed and fish,19,19,55,0,1045.0,7-28-1997,8-25-1997,8-1-1997,544.08,Save-a-lot Markets,187 Suffolk Ln.,Boise,ID,83720,USA,24 - 250 g  jars,112,0,20,0,SAVEA,Save-a-lot Markets,Jose Pavarotti,Sales Representative,187 Suffolk Ln.,Boise,ID,83720,USA,(208) 555-8097,1,Nancy Davolio,Sales Representative,5-1-1992,Seattle,USA,2,United Package,(503) 555-3199,17,Svensk Sj f da AB,Michael Bj rn,Sweden
10612,49,Maxilaku,Confections,"Desserts, candies, and sweet breads",20,20,18,0,360.0,7-28-1997,8-25-1997,8-1-1997,544.08,Save-a-lot Markets,187 Suffolk Ln.,Boise,ID,83720,USA,24 - 50 g pkgs.,10,60,15,0,SAVEA,Save-a-lot Markets,Jose Pavarotti,Sales Representative,187 Suffolk Ln.,Boise,ID,83720,USA,(208) 555-8097,1,Nancy Davolio,Sales Representative,5-1-1992,Seattle,USA,2,United Package,(503) 555-3199,23,Karkki Oy,Anne Heikkonen,Finland
10612,60,Camembert Pierrot,Dairy Products,Cheeses,34,34,40,0,1360.0,7-28-1997,8-25-1997,8-1-1997,544.08,Save-a-lot Markets,187 Suffolk Ln.,Boise,ID,83720,USA,15 - 300 g rounds,19,0,0,0,SAVEA,Save-a-lot Markets,Jose Pavarotti,Sales Representative,187 Suffolk Ln.,Boise,ID,83720,USA,(208) 555-8097,1,Nancy Davolio,Sales Representative,5-1-1992,Seattle,USA,2,United Package,(503) 555-3199,28,Gai p turage,Eliane Noz,France
10612,76,Lakkalik  ri,Beverages,"Soft drinks, coffees, teas, beers, and ales",18,18,80,0,1440.0,7-28-1997,8-25-1997,8-1-1997,544.08,Save-a-lot Markets,187 Suffolk Ln.,Boise,ID,83720,USA,500 ml,57,0,20,0,SAVEA,Save-a-lot Markets,Jose Pavarotti,Sales Representative,187 Suffolk Ln.,Boise,ID,83720,USA,(208) 555-8097,1,Nancy Davolio,Sales Representative,5-1-1992,Seattle,USA,2,United Package,(503) 555-3199,23,Karkki Oy,Anne Heikkonen,Finland
10613,13,Konbu,Seafood,Seaweed and fish,6,6,8,0.1,43.2,7-29-1997,8-26-1997,8-1-1997,8.11,HILARION-Abastos,Carrera 22 con Ave. Carlos Soublette #8-35,San Crist bal,T chira,5022,Venezuela,2 kg box,24,0,5,0,HILAA,HILARION-Abastos,Carlos Hern ndez,Sales Representative,Carrera 22 con Ave. Carlos Soublette #8-35,San Crist bal,T chira,5022,Venezuela,(5) 555-1340,4,Margaret Peacock,Sales Representative,5-3-1993,Redmond,USA,2,United Package,(503) 555-3199,6,Mayumi's,Mayumi Ohno,Japan
10613,75,Rh nbr u Klosterbier,Beverages,"Soft drinks, coffees, teas, beers, and ales",7.75,7.75,40,0,310.0,7-29-1997,8-26-1997,8-1-1997,8.11,HILARION-Abastos,Carrera 22 con Ave. Carlos Soublette #8-35,San Crist bal,T chira,5022,Venezuela,24 - 0.5 l bottles,125,0,25,0,HILAA,HILARION-Abastos,Carlos Hern ndez,Sales Representative,Carrera 22 con Ave. Carlos Soublette #8-35,San Crist bal,T chira,5022,Venezuela,(5) 555-1340,4,Margaret Peacock,Sales Representative,5-3-1993,Redmond,USA,2,United Package,(503) 555-3199,12,Plutzer Lebensmittelgro m rkte AG,Martin Bein,Germany
10614,11,Queso Cabrales,Dairy Products,Cheeses,21,21,14,0,294.0,7-29-1997,8-26-1997,8-1-1997,1.93,Blauer See Delikatessen,Forsterstr. 57,Mannheim,,68306,Germany,1 kg pkg.,22,30,30,0,BLAUS,Blauer See Delikatessen,Hanna Moos,Sales Representative,Forsterstr. 57,Mannheim,,68306,Germany,0621-08460,8,Laura Callahan,Inside Sales Coordinator,3-5-1994,Seattle,USA,3,Federal Shipping,(503) 555-9931,5,Cooperativa de Quesos 'Las Cabras',Antonio del Valle Saavedra,Spain
10614,21,Sir Rodney's Scones,Confections,"Desserts, candies, and sweet breads",10,10,8,0,80.0,7-29-1997,8-26-1997,8-1-1997,1.93,Blauer See Delikatessen,Forsterstr. 57,Mannheim,,68306,Germany,24 pkgs. x 4 pieces,3,40,5,0,BLAUS,Blauer See Delikatessen,Hanna Moos,Sales Representative,Forsterstr. 57,Mannheim,,68306,Germany,0621-08460,8,Laura Callahan,Inside Sales Coordinator,3-5-1994,Seattle,USA,3,Federal Shipping,(503) 555-9931,8,"Specialty Biscuits, Ltd.",Peter Wilson,UK
10614,39,Chartreuse verte,Beverages,"Soft drinks, coffees, teas, beers, and ales",18,18,5,0,90.0,7-29-1997,8-26-1997,8-1-1997,1.93,Blauer See Delikatessen,Forsterstr. 57,Mannheim,,68306,Germany,750 cc per bottle,69,0,5,0,BLAUS,Blauer See Delikatessen,Hanna Moos,Sales Representative,Forsterstr. 57,Mannheim,,68306,Germany,0621-08460,8,Laura Callahan,Inside Sales Coordinator,3-5-1994,Seattle,USA,3,Federal Shipping,(503) 555-9931,18,Aux joyeux eccl siastiques,Guyl ne Nodier,France
10615,55,P t  chinois,Meat/Poultry,Prepared meats,24,24,5,0,120.0,7-30-1997,8-27-1997,8-6-1997,0.75,Wilman Kala,Keskuskatu 45,Helsinki,,21240,Finland,24 boxes x 2 pies,115,0,20,0,WILMK,Wilman Kala,Matti Karttunen,Owner/Marketing Assistant,Keskuskatu 45,Helsinki,,21240,Finland,90-224 8858,2,Andrew Fuller,"Vice President, Sales",8-14-1992,Tacoma,USA,3,Federal Shipping,(503) 555-9931,25,Ma Maison,Jean-Guy Lauzon,Canada
10616,38,C te de Blaye,Beverages,"Soft drinks, coffees, teas, beers, and ales",263.5,263.5,15,0.05,3754.88,7-31-1997,8-28-1997,8-5-1997,116.53,Great Lakes Food Market,2732 Baker Blvd.,Eugene,OR,97403,USA,12 - 75 cl bottles,17,0,15,0,GREAL,Great Lakes Food Market,Howard Snyder,Marketing Manager,2732 Baker Blvd.,Eugene,OR,97403,USA,(503) 555-7555,1,Nancy Davolio,Sales Representative,5-1-1992,Seattle,USA,2,United Package,(503) 555-3199,18,Aux joyeux eccl siastiques,Guyl ne Nodier,France
10616,56,Gnocchi di nonna Alice,Grains/Cereals,"Breads, crackers, pasta, and cereal",38,38,14,0,532.0,7-31-1997,8-28-1997,8-5-1997,116.53,Great Lakes Food Market,2732 Baker Blvd.,Eugene,OR,97403,USA,24 - 250 g pkgs.,21,10,30,0,GREAL,Great Lakes Food Market,Howard Snyder,Marketing Manager,2732 Baker Blvd.,Eugene,OR,97403,USA,(503) 555-7555,1,Nancy Davolio,Sales Representative,5-1-1992,Seattle,USA,2,United Package,(503) 555-3199,26,Pasta Buttini s.r.l.,Giovanni Giudici,Italy
10616,70,Outback Lager,Beverages,"Soft drinks, coffees, teas, beers, and ales",15,15,15,0.05,213.75,7-31-1997,8-28-1997,8-5-1997,116.53,Great Lakes Food Market,2732 Baker Blvd.,Eugene,OR,97403,USA,24 - 355 ml bottles,15,10,30,0,GREAL,Great Lakes Food Market,Howard Snyder,Marketing Manager,2732 Baker Blvd.,Eugene,OR,97403,USA,(503) 555-7555,1,Nancy Davolio,Sales Representative,5-1-1992,Seattle,USA,2,United Package,(503) 555-3199,7,"Pavlova, Ltd.",Ian Devling,Australia
10616,71,Flotemysost,Dairy Products,Cheeses,21.5,21.5,15,0.05,306.38,7-31-1997,8-28-1997,8-5-1997,116.53,Great Lakes Food Market,2732 Baker Blvd.,Eugene,OR,97403,USA,10 - 500 g pkgs.,26,0,0,0,GREAL,Great Lakes Food Market,Howard Snyder,Marketing Manager,2732 Baker Blvd.,Eugene,OR,97403,USA,(503) 555-7555,1,Nancy Davolio,Sales Representative,5-1-1992,Seattle,USA,2,United Package,(503) 555-3199,15,Norske Meierier,Beate Vileid,Norway
10617,59,Raclette Courdavault,Dairy Products,Cheeses,55,55,30,0.15,1402.5,7-31-1997,8-28-1997,8-4-1997,18.53,Great Lakes Food Market,2732 Baker Blvd.,Eugene,OR,97403,USA,5 kg pkg.,79,0,0,0,GREAL,Great Lakes Food Market,Howard Snyder,Marketing Manager,2732 Baker Blvd.,Eugene,OR,97403,USA,(503) 555-7555,4,Margaret Peacock,Sales Representative,5-3-1993,Redmond,USA,2,United Package,(503) 555-3199,28,Gai p turage,Eliane Noz,France
10618,6,Grandma's Boysenberry Spread,Condiments,"Sweet and savory sauces, relishes, spreads, and seasonings",25,25,70,0,1750.0,8-1-1997,9-12-1997,8-8-1997,154.68,M re Paillarde,43 rue St. Laurent,Montr al,Qu bec,H1J 1C3,Canada,12 - 8 oz jars,120,0,25,0,MEREP,M re Paillarde,Jean Fresni re,Marketing Assistant,43 rue St. Laurent,Montr al,Qu bec,H1J 1C3,Canada,(514) 555-8054,1,Nancy Davolio,Sales Representative,5-1-1992,Seattle,USA,1,Speedy Express,(503) 555-9831,3,Grandma Kelly's Homestead,Regina Murphy,USA
10618,56,Gnocchi di nonna Alice,Grains/Cereals,"Breads, crackers, pasta, and cereal",38,38,20,0,760.0,8-1-1997,9-12-1997,8-8-1997,154.68,M re Paillarde,43 rue St. Laurent,Montr al,Qu bec,H1J 1C3,Canada,24 - 250 g pkgs.,21,10,30,0,MEREP,M re Paillarde,Jean Fresni re,Marketing Assistant,43 rue St. Laurent,Montr al,Qu bec,H1J 1C3,Canada,(514) 555-8054,1,Nancy Davolio,Sales Representative,5-1-1992,Seattle,USA,1,Speedy Express,(503) 555-9831,26,Pasta Buttini s.r.l.,Giovanni Giudici,Italy
10618,68,Scottish Longbreads,Confections,"Desserts, candies, and sweet breads",12.5,12.5,15,0,187.5,8-1-1997,9-12-1997,8-8-1997,154.68,M re Paillarde,43 rue St. Laurent,Montr al,Qu bec,H1J 1C3,Canada,10 boxes x 8 pieces,6,10,15,0,MEREP,M re Paillarde,Jean Fresni re,Marketing Assistant,43 rue St. Laurent,Montr al,Qu bec,H1J 1C3,Canada,(514) 555-8054,1,Nancy Davolio,Sales Representative,5-1-1992,Seattle,USA,1,Speedy Express,(503) 555-9831,8,"Specialty Biscuits, Ltd.",Peter Wilson,UK
10619,21,Sir Rodney's Scones,Confections,"Desserts, candies, and sweet breads",10,10,42,0,420.0,8-4-1997,9-1-1997,8-7-1997,91.05,M re Paillarde,43 rue St. Laurent,Montr al,Qu bec,H1J 1C3,Canada,24 pkgs. x 4 pieces,3,40,5,0,MEREP,M re Paillarde,Jean Fresni re,Marketing Assistant,43 rue St. Laurent,Montr al,Qu bec,H1J 1C3,Canada,(514) 555-8054,3,Janet Leverling,Sales Representative,4-1-1992,Kirkland,USA,3,Federal Shipping,(503) 555-9931,8,"Specialty Biscuits, Ltd.",Peter Wilson,UK
10619,22,Gustaf's Kn ckebr d,Grains/Cereals,"Breads, crackers, pasta, and cereal",21,21,40,0,840.0,8-4-1997,9-1-1997,8-7-1997,91.05,M re Paillarde,43 rue St. Laurent,Montr al,Qu bec,H1J 1C3,Canada,24 - 500 g pkgs.,104,0,25,0,MEREP,M re Paillarde,Jean Fresni re,Marketing Assistant,43 rue St. Laurent,Montr al,Qu bec,H1J 1C3,Canada,(514) 555-8054,3,Janet Leverling,Sales Representative,4-1-1992,Kirkland,USA,3,Federal Shipping,(503) 555-9931,9,PB Kn ckebr d AB,Lars Peterson,Sweden
10620,24,Guaran  Fant stica,Beverages,"Soft drinks, coffees, teas, beers, and ales",4.5,4.5,5,0,22.5,8-5-1997,9-2-1997,8-14-1997,0.94,Laughing Bacchus Wine Cellars,2319 Elm St.,Vancouver,BC,V3F 2K1,Canada,12 - 355 ml cans,20,0,0,1,LAUGB,Laughing Bacchus Wine Cellars,Yoshi Tannamuri,Marketing Assistant,1900 Oak St.,Vancouver,BC,V3F 2K1,Canada,(604) 555-3392,2,Andrew Fuller,"Vice President, Sales",8-14-1992,Tacoma,USA,3,Federal Shipping,(503) 555-9931,10,Refrescos Americanas LTDA,Carlos Diaz,Brazil
10620,52,Filo Mix,Grains/Cereals,"Breads, crackers, pasta, and cereal",7,7,5,0,35.0,8-5-1997,9-2-1997,8-14-1997,0.94,Laughing Bacchus Wine Cellars,2319 Elm St.,Vancouver,BC,V3F 2K1,Canada,16 - 2 kg boxes,38,0,25,0,LAUGB,Laughing Bacchus Wine Cellars,Yoshi Tannamuri,Marketing Assistant,1900 Oak St.,Vancouver,BC,V3F 2K1,Canada,(604) 555-3392,2,Andrew Fuller,"Vice President, Sales",8-14-1992,Tacoma,USA,3,Federal Shipping,(503) 555-9931,24,"G'day, Mate",Wendy Mackenzie,Australia
10621,19,Teatime Chocolate Biscuits,Confections,"Desserts, candies, and sweet breads",9.2,9.2,5,0,46.0,8-5-1997,9-2-1997,8-11-1997,23.73,Island Trading,Garden House Crowther Way,Cowes,Isle of Wight,PO31 7PJ,UK,10 boxes x 12 pieces,25,0,5,0,ISLAT,Island Trading,Helen Bennett,Marketing Manager,Garden House Crowther Way,Cowes,Isle of Wight,PO31 7PJ,UK,(198) 555-8888,4,Margaret Peacock,Sales Representative,5-3-1993,Redmond,USA,2,United Package,(503) 555-3199,8,"Specialty Biscuits, Ltd.",Peter Wilson,UK
10621,23,Tunnbr d,Grains/Cereals,"Breads, crackers, pasta, and cereal",9,9,10,0,90.0,8-5-1997,9-2-1997,8-11-1997,23.73,Island Trading,Garden House Crowther Way,Cowes,Isle of Wight,PO31 7PJ,UK,12 - 250 g pkgs.,61,0,25,0,ISLAT,Island Trading,Helen Bennett,Marketing Manager,Garden House Crowther Way,Cowes,Isle of Wight,PO31 7PJ,UK,(198) 555-8888,4,Margaret Peacock,Sales Representative,5-3-1993,Redmond,USA,2,United Package,(503) 555-3199,9,PB Kn ckebr d AB,Lars Peterson,Sweden
10621,70,Outback Lager,Beverages,"Soft drinks, coffees, teas, beers, and ales",15,15,20,0,300.0,8-5-1997,9-2-1997,8-11-1997,23.73,Island Trading,Garden House Crowther Way,Cowes,Isle of Wight,PO31 7PJ,UK,24 - 355 ml bottles,15,10,30,0,ISLAT,Island Trading,Helen Bennett,Marketing Manager,Garden House Crowther Way,Cowes,Isle of Wight,PO31 7PJ,UK,(198) 555-8888,4,Margaret Peacock,Sales Representative,5-3-1993,Redmond,USA,2,United Package,(503) 555-3199,7,"Pavlova, Ltd.",Ian Devling,Australia
10621,71,Flotemysost,Dairy Products,Cheeses,21.5,21.5,15,0,322.5,8-5-1997,9-2-1997,8-11-1997,23.73,Island Trading,Garden House Crowther Way,Cowes,Isle of Wight,PO31 7PJ,UK,10 - 500 g pkgs.,26,0,0,0,ISLAT,Island Trading,Helen Bennett,Marketing Manager,Garden House Crowther Way,Cowes,Isle of Wight,PO31 7PJ,UK,(198) 555-8888,4,Margaret Peacock,Sales Representative,5-3-1993,Redmond,USA,2,United Package,(503) 555-3199,15,Norske Meierier,Beate Vileid,Norway
10622,2,Chang,Beverages,"Soft drinks, coffees, teas, beers, and ales",19,19,20,0,380.0,8-6-1997,9-3-1997,8-11-1997,50.97,Ricardo Adocicados,"Av. Copacabana, 267",Rio de Janeiro,RJ,02389-890,Brazil,24 - 12 oz bottles,17,40,25,1,RICAR,Ricardo Adocicados,Janete Limeira,Assistant Sales Agent,"Av. Copacabana, 267",Rio de Janeiro,RJ,02389-890,Brazil,(21) 555-3412,4,Margaret Peacock,Sales Representative,5-3-1993,Redmond,USA,3,Federal Shipping,(503) 555-9931,1,Exotic Liquids,Charlotte Cooper,UK
10622,68,Scottish Longbreads,Confections,"Desserts, candies, and sweet breads",12.5,12.5,18,0.2,180.0,8-6-1997,9-3-1997,8-11-1997,50.97,Ricardo Adocicados,"Av. Copacabana, 267",Rio de Janeiro,RJ,02389-890,Brazil,10 boxes x 8 pieces,6,10,15,0,RICAR,Ricardo Adocicados,Janete Limeira,Assistant Sales Agent,"Av. Copacabana, 267",Rio de Janeiro,RJ,02389-890,Brazil,(21) 555-3412,4,Margaret Peacock,Sales Representative,5-3-1993,Redmond,USA,3,Federal Shipping,(503) 555-9931,8,"Specialty Biscuits, Ltd.",Peter Wilson,UK
10623,14,Tofu,Produce,Dried fruit and bean curd,23.25,23.25,21,0,488.25,8-7-1997,9-4-1997,8-12-1997,97.18,Frankenversand,Berliner Platz 43,M nchen,,80805,Germany,40 - 100 g pkgs.,35,0,0,0,FRANK,Frankenversand,Peter Franken,Marketing Manager,Berliner Platz 43,M nchen,,80805,Germany,089-0877310,8,Laura Callahan,Inside Sales Coordinator,3-5-1994,Seattle,USA,2,United Package,(503) 555-3199,6,Mayumi's,Mayumi Ohno,Japan
10623,19,Teatime Chocolate Biscuits,Confections,"Desserts, candies, and sweet breads",9.2,9.2,15,0.1,124.2,8-7-1997,9-4-1997,8-12-1997,97.18,Frankenversand,Berliner Platz 43,M nchen,,80805,Germany,10 boxes x 12 pieces,25,0,5,0,FRANK,Frankenversand,Peter Franken,Marketing Manager,Berliner Platz 43,M nchen,,80805,Germany,089-0877310,8,Laura Callahan,Inside Sales Coordinator,3-5-1994,Seattle,USA,2,United Package,(503) 555-3199,8,"Specialty Biscuits, Ltd.",Peter Wilson,UK
10623,21,Sir Rodney's Scones,Confections,"Desserts, candies, and sweet breads",10,10,25,0.1,225.0,8-7-1997,9-4-1997,8-12-1997,97.18,Frankenversand,Berliner Platz 43,M nchen,,80805,Germany,24 pkgs. x 4 pieces,3,40,5,0,FRANK,Frankenversand,Peter Franken,Marketing Manager,Berliner Platz 43,M nchen,,80805,Germany,089-0877310,8,Laura Callahan,Inside Sales Coordinator,3-5-1994,Seattle,USA,2,United Package,(503) 555-3199,8,"Specialty Biscuits, Ltd.",Peter Wilson,UK
10623,24,Guaran  Fant stica,Beverages,"Soft drinks, coffees, teas, beers, and ales",4.5,4.5,3,0,13.5,8-7-1997,9-4-1997,8-12-1997,97.18,Frankenversand,Berliner Platz 43,M nchen,,80805,Germany,12 - 355 ml cans,20,0,0,1,FRANK,Frankenversand,Peter Franken,Marketing Manager,Berliner Platz 43,M nchen,,80805,Germany,089-0877310,8,Laura Callahan,Inside Sales Coordinator,3-5-1994,Seattle,USA,2,United Package,(503) 555-3199,10,Refrescos Americanas LTDA,Carlos Diaz,Brazil
10623,35,Steeleye Stout,Beverages,"Soft drinks, coffees, teas, beers, and ales",18,18,30,0.1,486.0,8-7-1997,9-4-1997,8-12-1997,97.18,Frankenversand,Berliner Platz 43,M nchen,,80805,Germany,24 - 12 oz bottles,20,0,15,0,FRANK,Frankenversand,Peter Franken,Marketing Manager,Berliner Platz 43,M nchen,,80805,Germany,089-0877310,8,Laura Callahan,Inside Sales Coordinator,3-5-1994,Seattle,USA,2,United Package,(503) 555-3199,16,Bigfoot Breweries,Cheryl Saylor,USA
10624,28,R ssle Sauerkraut,Produce,Dried fruit and bean curd,45.6,45.6,10,0,456.0,8-7-1997,9-4-1997,8-19-1997,94.8,The Cracker Box,55 Grizzly Peak Rd.,Butte,MT,59801,USA,25 - 825 g cans,26,0,0,1,THECR,The Cracker Box,Liu Wong,Marketing Assistant,55 Grizzly Peak Rd.,Butte,MT,59801,USA,(406) 555-5834,4,Margaret Peacock,Sales Representative,5-3-1993,Redmond,USA,2,United Package,(503) 555-3199,12,Plutzer Lebensmittelgro m rkte AG,Martin Bein,Germany
10624,29,Th ringer Rostbratwurst,Meat/Poultry,Prepared meats,123.79,123.79,6,0,742.74,8-7-1997,9-4-1997,8-19-1997,94.8,The Cracker Box,55 Grizzly Peak Rd.,Butte,MT,59801,USA,50 bags x 30 sausgs.,0,0,0,1,THECR,The Cracker Box,Liu Wong,Marketing Assistant,55 Grizzly Peak Rd.,Butte,MT,59801,USA,(406) 555-5834,4,Margaret Peacock,Sales Representative,5-3-1993,Redmond,USA,2,United Package,(503) 555-3199,12,Plutzer Lebensmittelgro m rkte AG,Martin Bein,Germany
10624,44,Gula Malacca,Condiments,"Sweet and savory sauces, relishes, spreads, and seasonings",19.45,19.45,10,0,194.5,8-7-1997,9-4-1997,8-19-1997,94.8,The Cracker Box,55 Grizzly Peak Rd.,Butte,MT,59801,USA,20 - 2 kg bags,27,0,15,0,THECR,The Cracker Box,Liu Wong,Marketing Assistant,55 Grizzly Peak Rd.,Butte,MT,59801,USA,(406) 555-5834,4,Margaret Peacock,Sales Representative,5-3-1993,Redmond,USA,2,United Package,(503) 555-3199,20,Leka Trading,Chandra Leka,Singapore
10625,14,Tofu,Produce,Dried fruit and bean curd,23.25,23.25,3,0,69.75,8-8-1997,9-5-1997,8-14-1997,43.9,Ana Trujillo Emparedados y helados,Avda. de la Constituci n 2222,M xico D.F.,,05021,Mexico,40 - 100 g pkgs.,35,0,0,0,ANATR,Ana Trujillo Emparedados y helados,Ana Trujillo,Owner,Avda. de la Constituci n 2222,M xico D.F.,,05021,Mexico,(5) 555-4729,3,Janet Leverling,Sales Representative,4-1-1992,Kirkland,USA,1,Speedy Express,(503) 555-9831,6,Mayumi's,Mayumi Ohno,Japan
10625,42,Singaporean Hokkien Fried Mee,Grains/Cereals,"Breads, crackers, pasta, and cereal",14,14,5,0,70.0,8-8-1997,9-5-1997,8-14-1997,43.9,Ana Trujillo Emparedados y helados,Avda. de la Constituci n 2222,M xico D.F.,,05021,Mexico,32 - 1 kg pkgs.,26,0,0,1,ANATR,Ana Trujillo Emparedados y helados,Ana Trujillo,Owner,Avda. de la Constituci n 2222,M xico D.F.,,05021,Mexico,(5) 555-4729,3,Janet Leverling,Sales Representative,4-1-1992,Kirkland,USA,1,Speedy Express,(503) 555-9831,20,Leka Trading,Chandra Leka,Singapore
10625,60,Camembert Pierrot,Dairy Products,Cheeses,34,34,10,0,340.0,8-8-1997,9-5-1997,8-14-1997,43.9,Ana Trujillo Emparedados y helados,Avda. de la Constituci n 2222,M xico D.F.,,05021,Mexico,15 - 300 g rounds,19,0,0,0,ANATR,Ana Trujillo Emparedados y helados,Ana Trujillo,Owner,Avda. de la Constituci n 2222,M xico D.F.,,05021,Mexico,(5) 555-4729,3,Janet Leverling,Sales Representative,4-1-1992,Kirkland,USA,1,Speedy Express,(503) 555-9831,28,Gai p turage,Eliane Noz,France
10626,53,Perth Pasties,Meat/Poultry,Prepared meats,32.8,32.8,12,0,393.6,8-11-1997,9-8-1997,8-20-1997,138.69,Berglunds snabbk p,Berguvsv gen  8,Lule,,S-958 22,Sweden,48 pieces,0,0,0,1,BERGS,Berglunds snabbk p,Christina Berglund,Order Administrator,Berguvsv gen  8,Lule,,S-958 22,Sweden,0921-12 34 65,1,Nancy Davolio,Sales Representative,5-1-1992,Seattle,USA,2,United Package,(503) 555-3199,24,"G'day, Mate",Wendy Mackenzie,Australia
10626,60,Camembert Pierrot,Dairy Products,Cheeses,34,34,20,0,680.0,8-11-1997,9-8-1997,8-20-1997,138.69,Berglunds snabbk p,Berguvsv gen  8,Lule,,S-958 22,Sweden,15 - 300 g rounds,19,0,0,0,BERGS,Berglunds snabbk p,Christina Berglund,Order Administrator,Berguvsv gen  8,Lule,,S-958 22,Sweden,0921-12 34 65,1,Nancy Davolio,Sales Representative,5-1-1992,Seattle,USA,2,United Package,(503) 555-3199,28,Gai p turage,Eliane Noz,France
10626,71,Flotemysost,Dairy Products,Cheeses,21.5,21.5,20,0,430.0,8-11-1997,9-8-1997,8-20-1997,138.69,Berglunds snabbk p,Berguvsv gen  8,Lule,,S-958 22,Sweden,10 - 500 g pkgs.,26,0,0,0,BERGS,Berglunds snabbk p,Christina Berglund,Order Administrator,Berguvsv gen  8,Lule,,S-958 22,Sweden,0921-12 34 65,1,Nancy Davolio,Sales Representative,5-1-1992,Seattle,USA,2,United Package,(503) 555-3199,15,Norske Meierier,Beate Vileid,Norway
10627,62,Tarte au sucre,Confections,"Desserts, candies, and sweet breads",49.3,49.3,15,0,739.5,8-11-1997,9-22-1997,8-21-1997,107.46,Save-a-lot Markets,187 Suffolk Ln.,Boise,ID,83720,USA,48 pies,17,0,0,0,SAVEA,Save-a-lot Markets,Jose Pavarotti,Sales Representative,187 Suffolk Ln.,Boise,ID,83720,USA,(208) 555-8097,8,Laura Callahan,Inside Sales Coordinator,3-5-1994,Seattle,USA,3,Federal Shipping,(503) 555-9931,29,For ts d' rables,Chantal Goulet,Canada
10627,73,R d Kaviar,Seafood,Seaweed and fish,15,15,35,0.15,446.25,8-11-1997,9-22-1997,8-21-1997,107.46,Save-a-lot Markets,187 Suffolk Ln.,Boise,ID,83720,USA,24 - 150 g jars,101,0,5,0,SAVEA,Save-a-lot Markets,Jose Pavarotti,Sales Representative,187 Suffolk Ln.,Boise,ID,83720,USA,(208) 555-8097,8,Laura Callahan,Inside Sales Coordinator,3-5-1994,Seattle,USA,3,Federal Shipping,(503) 555-9931,17,Svensk Sj f da AB,Michael Bj rn,Sweden
10628,1,Chai,Beverages,"Soft drinks, coffees, teas, beers, and ales",18,18,25,0,450.0,8-12-1997,9-9-1997,8-20-1997,30.36,Blondel p re et fils,"24, place Kl ber",Strasbourg,,67000,France,10 boxes x 30 bags,39,0,10,1,BLONP,Blondesddsl p re et fils,Fr d rique Citeaux,Marketing Manager,"24, place Kl ber",Strasbourg,,67000,France,88.60.15.31,4,Margaret Peacock,Sales Representative,5-3-1993,Redmond,USA,3,Federal Shipping,(503) 555-9931,8,"Specialty Biscuits, Ltd.",Peter Wilson,UK
10629,29,Th ringer Rostbratwurst,Meat/Poultry,Prepared meats,123.79,123.79,20,0,2475.8,8-12-1997,9-9-1997,8-20-1997,85.46,Godos Cocina T pica,"C/ Romero, 33",Sevilla,,41101,Spain,50 bags x 30 sausgs.,0,0,0,1,GODOS,Godos Cocina T pica,Jos  Pedro Freyre,Sales Manager,"C/ Romero, 33",Sevilla,,41101,Spain,(95) 555 82 82,4,Margaret Peacock,Sales Representative,5-3-1993,Redmond,USA,3,Federal Shipping,(503) 555-9931,12,Plutzer Lebensmittelgro m rkte AG,Martin Bein,Germany
10629,64,Wimmers gute Semmelkn del,Grains/Cereals,"Breads, crackers, pasta, and cereal",33.25,33.25,9,0,299.25,8-12-1997,9-9-1997,8-20-1997,85.46,Godos Cocina T pica,"C/ Romero, 33",Sevilla,,41101,Spain,20 bags x 4 pieces,22,80,30,0,GODOS,Godos Cocina T pica,Jos  Pedro Freyre,Sales Manager,"C/ Romero, 33",Sevilla,,41101,Spain,(95) 555 82 82,4,Margaret Peacock,Sales Representative,5-3-1993,Redmond,USA,3,Federal Shipping,(503) 555-9931,12,Plutzer Lebensmittelgro m rkte AG,Martin Bein,Germany
10630,55,P t  chinois,Meat/Poultry,Prepared meats,24,24,12,0.05,273.6,8-13-1997,9-10-1997,8-19-1997,32.35,K niglich Essen,Maubelstr. 90,Brandenburg,,14776,Germany,24 boxes x 2 pies,115,0,20,0,KOENE,K niglich Essen,Philip Cramer,Sales Associate,Maubelstr. 90,Brandenburg,,14776,Germany,0555-09876,1,Nancy Davolio,Sales Representative,5-1-1992,Seattle,USA,2,United Package,(503) 555-3199,25,Ma Maison,Jean-Guy Lauzon,Canada
10630,76,Lakkalik  ri,Beverages,"Soft drinks, coffees, teas, beers, and ales",18,18,35,0,630.0,8-13-1997,9-10-1997,8-19-1997,32.35,K niglich Essen,Maubelstr. 90,Brandenburg,,14776,Germany,500 ml,57,0,20,0,KOENE,K niglich Essen,Philip Cramer,Sales Associate,Maubelstr. 90,Brandenburg,,14776,Germany,0555-09876,1,Nancy Davolio,Sales Representative,5-1-1992,Seattle,USA,2,United Package,(503) 555-3199,23,Karkki Oy,Anne Heikkonen,Finland
10631,75,Rh nbr u Klosterbier,Beverages,"Soft drinks, coffees, teas, beers, and ales",7.75,7.75,8,0.1,55.8,8-14-1997,9-11-1997,8-15-1997,0.87,La maison d'Asie,1 rue Alsace-Lorraine,Toulouse,,31000,France,24 - 0.5 l bottles,125,0,25,0,LAMAI,La maison d'Asie,Annette Roulet,Sales Manager,1 rue Alsace-Lorraine,Toulouse,,31000,France,61.77.61.10,8,Laura Callahan,Inside Sales Coordinator,3-5-1994,Seattle,USA,1,Speedy Express,(503) 555-9831,12,Plutzer Lebensmittelgro m rkte AG,Martin Bein,Germany
10632,2,Chang,Beverages,"Soft drinks, coffees, teas, beers, and ales",19,19,30,0.05,541.5,8-14-1997,9-11-1997,8-19-1997,41.38,Die Wandernde Kuh,Adenauerallee 900,Stuttgart,,70563,Germany,24 - 12 oz bottles,17,40,25,1,WANDK,Die Wandernde Kuh,Rita M ller,Sales Representative,Adenauerallee 900,Stuttgart,,70563,Germany,0711-020361,8,Laura Callahan,Inside Sales Coordinator,3-5-1994,Seattle,USA,1,Speedy Express,(503) 555-9831,1,Exotic Liquids,Charlotte Cooper,UK
10632,33,Geitost,Dairy Products,Cheeses,2.5,2.5,20,0.05,47.5,8-14-1997,9-11-1997,8-19-1997,41.38,Die Wandernde Kuh,Adenauerallee 900,Stuttgart,,70563,Germany,500 g,112,0,20,0,WANDK,Die Wandernde Kuh,Rita M ller,Sales Representative,Adenauerallee 900,Stuttgart,,70563,Germany,0711-020361,8,Laura Callahan,Inside Sales Coordinator,3-5-1994,Seattle,USA,1,Speedy Express,(503) 555-9831,15,Norske Meierier,Beate Vileid,Norway
10633,12,Queso Manchego La Pastora,Dairy Products,Cheeses,38,38,36,0.15,1162.8,8-15-1997,9-12-1997,8-18-1997,477.9,Ernst Handel,Kirchgasse 6,Graz,,8010,Austria,10 - 500 g pkgs.,86,0,0,0,ERNSH,Ernst Handel,Roland Mendel,Sales Manager,Kirchgasse 6,Graz,,8010,Austria,7675-3425,7,Robert King,Sales Representative,1-2-1994,London,UK,3,Federal Shipping,(503) 555-9931,5,Cooperativa de Quesos 'Las Cabras',Antonio del Valle Saavedra,Spain
10633,13,Konbu,Seafood,Seaweed and fish,6,6,13,0.15,66.3,8-15-1997,9-12-1997,8-18-1997,477.9,Ernst Handel,Kirchgasse 6,Graz,,8010,Austria,2 kg box,24,0,5,0,ERNSH,Ernst Handel,Roland Mendel,Sales Manager,Kirchgasse 6,Graz,,8010,Austria,7675-3425,7,Robert King,Sales Representative,1-2-1994,London,UK,3,Federal Shipping,(503) 555-9931,6,Mayumi's,Mayumi Ohno,Japan
10633,26,Gumb r Gummib rchen,Confections,"Desserts, candies, and sweet breads",31.23,31.23,35,0.15,929.09,8-15-1997,9-12-1997,8-18-1997,477.9,Ernst Handel,Kirchgasse 6,Graz,,8010,Austria,100 - 250 g bags,15,0,0,0,ERNSH,Ernst Handel,Roland Mendel,Sales Manager,Kirchgasse 6,Graz,,8010,Austria,7675-3425,7,Robert King,Sales Representative,1-2-1994,London,UK,3,Federal Shipping,(503) 555-9931,11,Heli S  waren GmbH & Co. KG,Petra Winkler,Germany
10633,62,Tarte au sucre,Confections,"Desserts, candies, and sweet breads",49.3,49.3,80,0.15,3352.4,8-15-1997,9-12-1997,8-18-1997,477.9,Ernst Handel,Kirchgasse 6,Graz,,8010,Austria,48 pies,17,0,0,0,ERNSH,Ernst Handel,Roland Mendel,Sales Manager,Kirchgasse 6,Graz,,8010,Austria,7675-3425,7,Robert King,Sales Representative,1-2-1994,London,UK,3,Federal Shipping,(503) 555-9931,29,For ts d' rables,Chantal Goulet,Canada
10634,7,Uncle Bob's Organic Dried Pears,Produce,Dried fruit and bean curd,30,30,35,0,1050.0,8-15-1997,9-12-1997,8-21-1997,487.38,Folies gourmandes,"184, chauss e de Tournai",Lille,,59000,France,12 - 1 lb pkgs.,15,0,10,0,FOLIG,Folies gourmandes,Martine Ranc,Assistant Sales Agent,"184, chauss e de Tournai",Lille,,59000,France,20.16.10.16,4,Margaret Peacock,Sales Representative,5-3-1993,Redmond,USA,3,Federal Shipping,(503) 555-9931,3,Grandma Kelly's Homestead,Regina Murphy,USA
10634,18,Carnarvon Tigers,Seafood,Seaweed and fish,62.5,62.5,50,0,3125.0,8-15-1997,9-12-1997,8-21-1997,487.38,Folies gourmandes,"184, chauss e de Tournai",Lille,,59000,France,16 kg pkg.,42,0,0,0,FOLIG,Folies gourmandes,Martine Ranc,Assistant Sales Agent,"184, chauss e de Tournai",Lille,,59000,France,20.16.10.16,4,Margaret Peacock,Sales Representative,5-3-1993,Redmond,USA,3,Federal Shipping,(503) 555-9931,7,"Pavlova, Ltd.",Ian Devling,Australia
10634,51,Manjimup Dried Apples,Produce,Dried fruit and bean curd,53,53,15,0,795.0,8-15-1997,9-12-1997,8-21-1997,487.38,Folies gourmandes,"184, chauss e de Tournai",Lille,,59000,France,50 - 300 g pkgs.,20,0,10,0,FOLIG,Folies gourmandes,Martine Ranc,Assistant Sales Agent,"184, chauss e de Tournai",Lille,,59000,France,20.16.10.16,4,Margaret Peacock,Sales Representative,5-3-1993,Redmond,USA,3,Federal Shipping,(503) 555-9931,24,"G'day, Mate",Wendy Mackenzie,Australia
10634,75,Rh nbr u Klosterbier,Beverages,"Soft drinks, coffees, teas, beers, and ales",7.75,7.75,2,0,15.5,8-15-1997,9-12-1997,8-21-1997,487.38,Folies gourmandes,"184, chauss e de Tournai",Lille,,59000,France,24 - 0.5 l bottles,125,0,25,0,FOLIG,Folies gourmandes,Martine Ranc,Assistant Sales Agent,"184, chauss e de Tournai",Lille,,59000,France,20.16.10.16,4,Margaret Peacock,Sales Representative,5-3-1993,Redmond,USA,3,Federal Shipping,(503) 555-9931,12,Plutzer Lebensmittelgro m rkte AG,Martin Bein,Germany
10635,4,Chef Anton's Cajun Seasoning,Condiments,"Sweet and savory sauces, relishes, spreads, and seasonings",22,22,10,0.1,198.0,8-18-1997,9-15-1997,8-21-1997,47.46,Magazzini Alimentari Riuniti,Via Ludovico il Moro 22,Bergamo,,24100,Italy,48 - 6 oz jars,53,0,0,0,MAGAA,Magazzini Alimentari Riuniti,Giovanni Rovelli,Marketing Manager,Via Ludovico il Moro 22,Bergamo,,24100,Italy,035-640230,8,Laura Callahan,Inside Sales Coordinator,3-5-1994,Seattle,USA,3,Federal Shipping,(503) 555-9931,2,New Orleans Cajun Delights,Shelley Burke,USA
10635,5,Chef Anton's Gumbo Mix,Condiments,"Sweet and savory sauces, relishes, spreads, and seasonings",21.35,21.35,15,0.1,288.23,8-18-1997,9-15-1997,8-21-1997,47.46,Magazzini Alimentari Riuniti,Via Ludovico il Moro 22,Bergamo,,24100,Italy,36 boxes,0,0,0,1,MAGAA,Magazzini Alimentari Riuniti,Giovanni Rovelli,Marketing Manager,Via Ludovico il Moro 22,Bergamo,,24100,Italy,035-640230,8,Laura Callahan,Inside Sales Coordinator,3-5-1994,Seattle,USA,3,Federal Shipping,(503) 555-9931,2,New Orleans Cajun Delights,Shelley Burke,USA
10635,22,Gustaf's Kn ckebr d,Grains/Cereals,"Breads, crackers, pasta, and cereal",21,21,40,0,840.0,8-18-1997,9-15-1997,8-21-1997,47.46,Magazzini Alimentari Riuniti,Via Ludovico il Moro 22,Bergamo,,24100,Italy,24 - 500 g pkgs.,104,0,25,0,MAGAA,Magazzini Alimentari Riuniti,Giovanni Rovelli,Marketing Manager,Via Ludovico il Moro 22,Bergamo,,24100,Italy,035-640230,8,Laura Callahan,Inside Sales Coordinator,3-5-1994,Seattle,USA,3,Federal Shipping,(503) 555-9931,9,PB Kn ckebr d AB,Lars Peterson,Sweden
10636,4,Chef Anton's Cajun Seasoning,Condiments,"Sweet and savory sauces, relishes, spreads, and seasonings",22,22,25,0,550.0,8-19-1997,9-16-1997,8-26-1997,1.15,Wartian Herkku,Torikatu 38,Oulu,,90110,Finland,48 - 6 oz jars,53,0,0,0,WARTH,Wartian Herkku,Pirkko Koskitalo,Accounting Manager,Torikatu 38,Oulu,,90110,Finland,981-443655,4,Margaret Peacock,Sales Representative,5-3-1993,Redmond,USA,1,Speedy Express,(503) 555-9831,2,New Orleans Cajun Delights,Shelley Burke,USA
10636,58,Escargots de Bourgogne,Seafood,Seaweed and fish,13.25,13.25,6,0,79.5,8-19-1997,9-16-1997,8-26-1997,1.15,Wartian Herkku,Torikatu 38,Oulu,,90110,Finland,24 pieces,62,0,20,0,WARTH,Wartian Herkku,Pirkko Koskitalo,Accounting Manager,Torikatu 38,Oulu,,90110,Finland,981-443655,4,Margaret Peacock,Sales Representative,5-3-1993,Redmond,USA,1,Speedy Express,(503) 555-9831,27,Escargots Nouveaux,Marie Delamare,France
10637,11,Queso Cabrales,Dairy Products,Cheeses,21,21,10,0,210.0,8-19-1997,9-16-1997,8-26-1997,201.29,Queen Cozinha,"Alameda dos Can rios, 891",Sao Paulo,SP,05487-020,Brazil,1 kg pkg.,22,30,30,0,QUEEN,Queen Cozinha,L cia Carvalho,Marketing Assistant,"Alameda dos Can rios, 891",Sao Paulo,SP,05487-020,Brazil,(11) 555-1189,6,Michael Suyama,Sales Representative,10-17-1993,London,UK,1,Speedy Express,(503) 555-9831,5,Cooperativa de Quesos 'Las Cabras',Antonio del Valle Saavedra,Spain
10637,50,Valkoinen suklaa,Confections,"Desserts, candies, and sweet breads",16.25,16.25,25,0.05,385.94,8-19-1997,9-16-1997,8-26-1997,201.29,Queen Cozinha,"Alameda dos Can rios, 891",Sao Paulo,SP,05487-020,Brazil,12 - 100 g bars,65,0,30,0,QUEEN,Queen Cozinha,L cia Carvalho,Marketing Assistant,"Alameda dos Can rios, 891",Sao Paulo,SP,05487-020,Brazil,(11) 555-1189,6,Michael Suyama,Sales Representative,10-17-1993,London,UK,1,Speedy Express,(503) 555-9831,23,Karkki Oy,Anne Heikkonen,Finland
10637,56,Gnocchi di nonna Alice,Grains/Cereals,"Breads, crackers, pasta, and cereal",38,38,60,0.05,2166.0,8-19-1997,9-16-1997,8-26-1997,201.29,Queen Cozinha,"Alameda dos Can rios, 891",Sao Paulo,SP,05487-020,Brazil,24 - 250 g pkgs.,21,10,30,0,QUEEN,Queen Cozinha,L cia Carvalho,Marketing Assistant,"Alameda dos Can rios, 891",Sao Paulo,SP,05487-020,Brazil,(11) 555-1189,6,Michael Suyama,Sales Representative,10-17-1993,London,UK,1,Speedy Express,(503) 555-9831,26,Pasta Buttini s.r.l.,Giovanni Giudici,Italy
10638,45,Rogede sild,Seafood,Seaweed and fish,9.5,9.5,20,0,190.0,8-20-1997,9-17-1997,9-1-1997,158.44,LINO-Delicateses,Ave. 5 de Mayo Porlamar,I. de Margarita,Nueva Esparta,4980,Venezuela,1k pkg.,5,70,15,0,LINOD,LINO-Delicateses,Felipe Izquierdo,Owner,Ave. 5 de Mayo Porlamar,I. de Margarita,Nueva Esparta,4980,Venezuela,(8) 34-56-12,3,Janet Leverling,Sales Representative,4-1-1992,Kirkland,USA,1,Speedy Express,(503) 555-9831,21,Lyngbysild,Niels Petersen,Denmark
10638,65,Louisiana Fiery Hot Pepper Sauce,Condiments,"Sweet and savory sauces, relishes, spreads, and seasonings",21.05,21.05,21,0,442.05,8-20-1997,9-17-1997,9-1-1997,158.44,LINO-Delicateses,Ave. 5 de Mayo Porlamar,I. de Margarita,Nueva Esparta,4980,Venezuela,32 - 8 oz bottles,76,0,0,0,LINOD,LINO-Delicateses,Felipe Izquierdo,Owner,Ave. 5 de Mayo Porlamar,I. de Margarita,Nueva Esparta,4980,Venezuela,(8) 34-56-12,3,Janet Leverling,Sales Representative,4-1-1992,Kirkland,USA,1,Speedy Express,(503) 555-9831,2,New Orleans Cajun Delights,Shelley Burke,USA
10638,72,Mozzarella di Giovanni,Dairy Products,Cheeses,34.8,34.8,60,0,2088.0,8-20-1997,9-17-1997,9-1-1997,158.44,LINO-Delicateses,Ave. 5 de Mayo Porlamar,I. de Margarita,Nueva Esparta,4980,Venezuela,24 - 200 g pkgs.,14,0,0,0,LINOD,LINO-Delicateses,Felipe Izquierdo,Owner,Ave. 5 de Mayo Porlamar,I. de Margarita,Nueva Esparta,4980,Venezuela,(8) 34-56-12,3,Janet Leverling,Sales Representative,4-1-1992,Kirkland,USA,1,Speedy Express,(503) 555-9831,14,Formaggi Fortini s.r.l.,Elio Rossi,Italy
10639,18,Carnarvon Tigers,Seafood,Seaweed and fish,62.5,62.5,8,0,500.0,8-20-1997,9-17-1997,8-27-1997,38.64,Sant  Gourmet,Erling Skakkes gate 78,Stavern,,4110,Norway,16 kg pkg.,42,0,0,0,SANTG,Sant  Gourmet,Jonas Bergulfsen,Owner,Erling Skakkes gate 78,Stavern,,4110,Norway,07-98 92 35,7,Robert King,Sales Representative,1-2-1994,London,UK,3,Federal Shipping,(503) 555-9931,7,"Pavlova, Ltd.",Ian Devling,Australia
10640,69,Gudbrandsdalsost,Dairy Products,Cheeses,36,36,20,0.25,540.0,8-21-1997,9-18-1997,8-28-1997,23.55,Die Wandernde Kuh,Adenauerallee 900,Stuttgart,,70563,Germany,10 kg pkg.,26,0,15,0,WANDK,Die Wandernde Kuh,Rita M ller,Sales Representative,Adenauerallee 900,Stuttgart,,70563,Germany,0711-020361,4,Margaret Peacock,Sales Representative,5-3-1993,Redmond,USA,1,Speedy Express,(503) 555-9831,15,Norske Meierier,Beate Vileid,Norway
10640,70,Outback Lager,Beverages,"Soft drinks, coffees, teas, beers, and ales",15,15,15,0.25,168.75,8-21-1997,9-18-1997,8-28-1997,23.55,Die Wandernde Kuh,Adenauerallee 900,Stuttgart,,70563,Germany,24 - 355 ml bottles,15,10,30,0,WANDK,Die Wandernde Kuh,Rita M ller,Sales Representative,Adenauerallee 900,Stuttgart,,70563,Germany,0711-020361,4,Margaret Peacock,Sales Representative,5-3-1993,Redmond,USA,1,Speedy Express,(503) 555-9831,7,"Pavlova, Ltd.",Ian Devling,Australia
10641,2,Chang,Beverages,"Soft drinks, coffees, teas, beers, and ales",19,19,50,0,950.0,8-22-1997,9-19-1997,8-26-1997,179.61,HILARION-Abastos,Carrera 22 con Ave. Carlos Soublette #8-35,San Crist bal,T chira,5022,Venezuela,24 - 12 oz bottles,17,40,25,1,HILAA,HILARION-Abastos,Carlos Hern ndez,Sales Representative,Carrera 22 con Ave. Carlos Soublette #8-35,San Crist bal,T chira,5022,Venezuela,(5) 555-1340,4,Margaret Peacock,Sales Representative,5-3-1993,Redmond,USA,2,United Package,(503) 555-3199,1,Exotic Liquids,Charlotte Cooper,UK
10641,40,Boston Crab Meat,Seafood,Seaweed and fish,18.4,18.4,60,0,1104.0,8-22-1997,9-19-1997,8-26-1997,179.61,HILARION-Abastos,Carrera 22 con Ave. Carlos Soublette #8-35,San Crist bal,T chira,5022,Venezuela,24 - 4 oz tins,123,0,30,0,HILAA,HILARION-Abastos,Carlos Hern ndez,Sales Representative,Carrera 22 con Ave. Carlos Soublette #8-35,San Crist bal,T chira,5022,Venezuela,(5) 555-1340,4,Margaret Peacock,Sales Representative,5-3-1993,Redmond,USA,2,United Package,(503) 555-3199,19,New England Seafood Cannery,Robb Merchant,USA
10642,21,Sir Rodney's Scones,Confections,"Desserts, candies, and sweet breads",10,10,30,0.2,240.0,8-22-1997,9-19-1997,9-5-1997,41.89,Simons bistro,Vinb ltet 34,Kobenhavn,,1734,Denmark,24 pkgs. x 4 pieces,3,40,5,0,SIMOB,Simons bistro,Jytte Petersen,Owner,Vinb ltet 34,Kobenhavn,,1734,Denmark,31 12 34 56,7,Robert King,Sales Representative,1-2-1994,London,UK,3,Federal Shipping,(503) 555-9931,8,"Specialty Biscuits, Ltd.",Peter Wilson,UK
10642,61,Sirop d' rable,Condiments,"Sweet and savory sauces, relishes, spreads, and seasonings",28.5,28.5,20,0.2,456.0,8-22-1997,9-19-1997,9-5-1997,41.89,Simons bistro,Vinb ltet 34,Kobenhavn,,1734,Denmark,24 - 500 ml bottles,113,0,25,0,SIMOB,Simons bistro,Jytte Petersen,Owner,Vinb ltet 34,Kobenhavn,,1734,Denmark,31 12 34 56,7,Robert King,Sales Representative,1-2-1994,London,UK,3,Federal Shipping,(503) 555-9931,29,For ts d' rables,Chantal Goulet,Canada
10643,28,R ssle Sauerkraut,Produce,Dried fruit and bean curd,45.6,45.6,15,0.25,513.0,8-25-1997,9-22-1997,9-2-1997,29.46,Alfreds Futterkiste,Obere Str. 57,Berlin,,12209,Germany,25 - 825 g cans,26,0,0,1,ALFKI,Alfreds Futterkiste,Maria Anders,Sales Representative,Obere Str. 57,Berlin,,12209,Germany,030-0074321,6,Michael Suyama,Sales Representative,10-17-1993,London,UK,1,Speedy Express,(503) 555-9831,12,Plutzer Lebensmittelgro m rkte AG,Martin Bein,Germany
10643,39,Chartreuse verte,Beverages,"Soft drinks, coffees, teas, beers, and ales",18,18,21,0.25,283.5,8-25-1997,9-22-1997,9-2-1997,29.46,Alfreds Futterkiste,Obere Str. 57,Berlin,,12209,Germany,750 cc per bottle,69,0,5,0,ALFKI,Alfreds Futterkiste,Maria Anders,Sales Representative,Obere Str. 57,Berlin,,12209,Germany,030-0074321,6,Michael Suyama,Sales Representative,10-17-1993,London,UK,1,Speedy Express,(503) 555-9831,18,Aux joyeux eccl siastiques,Guyl ne Nodier,France
10643,46,Spegesild,Seafood,Seaweed and fish,12,12,2,0.25,18.0,8-25-1997,9-22-1997,9-2-1997,29.46,Alfreds Futterkiste,Obere Str. 57,Berlin,,12209,Germany,4 - 450 g glasses,95,0,0,0,ALFKI,Alfreds Futterkiste,Maria Anders,Sales Representative,Obere Str. 57,Berlin,,12209,Germany,030-0074321,6,Michael Suyama,Sales Representative,10-17-1993,London,UK,1,Speedy Express,(503) 555-9831,21,Lyngbysild,Niels Petersen,Denmark
10644,18,Carnarvon Tigers,Seafood,Seaweed and fish,62.5,62.5,4,0.1,225.0,8-25-1997,9-22-1997,9-1-1997,0.14,Wellington Importadora,"Rua do Mercado, 12",Resende,SP,08737-363,Brazil,16 kg pkg.,42,0,0,0,WELLI,Wellington Importadora,Paula Parente,Sales Manager,"Rua do Mercado, 12",Resende,SP,08737-363,Brazil,(14) 555-8122,3,Janet Leverling,Sales Representative,4-1-1992,Kirkland,USA,2,United Package,(503) 555-3199,7,"Pavlova, Ltd.",Ian Devling,Australia
10644,43,Ipoh Coffee,Beverages,"Soft drinks, coffees, teas, beers, and ales",46,46,20,0,920.0,8-25-1997,9-22-1997,9-1-1997,0.14,Wellington Importadora,"Rua do Mercado, 12",Resende,SP,08737-363,Brazil,16 - 500 g tins,17,10,25,0,WELLI,Wellington Importadora,Paula Parente,Sales Manager,"Rua do Mercado, 12",Resende,SP,08737-363,Brazil,(14) 555-8122,3,Janet Leverling,Sales Representative,4-1-1992,Kirkland,USA,2,United Package,(503) 555-3199,20,Leka Trading,Chandra Leka,Singapore
10644,46,Spegesild,Seafood,Seaweed and fish,12,12,21,0.1,226.8,8-25-1997,9-22-1997,9-1-1997,0.14,Wellington Importadora,"Rua do Mercado, 12",Resende,SP,08737-363,Brazil,4 - 450 g glasses,95,0,0,0,WELLI,Wellington Importadora,Paula Parente,Sales Manager,"Rua do Mercado, 12",Resende,SP,08737-363,Brazil,(14) 555-8122,3,Janet Leverling,Sales Representative,4-1-1992,Kirkland,USA,2,United Package,(503) 555-3199,21,Lyngbysild,Niels Petersen,Denmark
10645,18,Carnarvon Tigers,Seafood,Seaweed and fish,62.5,62.5,20,0,1250.0,8-26-1997,9-23-1997,9-2-1997,12.41,Hanari Carnes,"Rua do Pa o, 67",Rio de Janeiro,RJ,05454-876,Brazil,16 kg pkg.,42,0,0,0,HANAR,Hanari Carnes,Mario Pontes,Accounting Manager,"Rua do Pa o, 67",Rio de Janeiro,RJ,05454-876,Brazil,(21) 555-0091,4,Margaret Peacock,Sales Representative,5-3-1993,Redmond,USA,1,Speedy Express,(503) 555-9831,7,"Pavlova, Ltd.",Ian Devling,Australia
10645,36,Inlagd Sill,Seafood,Seaweed and fish,19,19,15,0,285.0,8-26-1997,9-23-1997,9-2-1997,12.41,Hanari Carnes,"Rua do Pa o, 67",Rio de Janeiro,RJ,05454-876,Brazil,24 - 250 g  jars,112,0,20,0,HANAR,Hanari Carnes,Mario Pontes,Accounting Manager,"Rua do Pa o, 67",Rio de Janeiro,RJ,05454-876,Brazil,(21) 555-0091,4,Margaret Peacock,Sales Representative,5-3-1993,Redmond,USA,1,Speedy Express,(503) 555-9831,17,Svensk Sj f da AB,Michael Bj rn,Sweden
10646,1,Chai,Beverages,"Soft drinks, coffees, teas, beers, and ales",18,18,15,0.25,202.5,8-27-1997,10-8-1997,9-3-1997,142.33,Hungry Owl All-Night Grocers,8 Johnstown Road,Cork,Co. Cork,,Ireland,10 boxes x 30 bags,39,0,10,1,HUNGO,Hungry Owl All-Night Grocers,Patricia McKenna,Sales Associate,8 Johnstown Road,Cork,Co. Cork,,Ireland,2967 542,9,Anne Dodsworth,Sales Representative,11-15-1994,London,UK,3,Federal Shipping,(503) 555-9931,8,"Specialty Biscuits, Ltd.",Peter Wilson,UK
10646,10,Ikura,Seafood,Seaweed and fish,31,31,18,0.25,418.5,8-27-1997,10-8-1997,9-3-1997,142.33,Hungry Owl All-Night Grocers,8 Johnstown Road,Cork,Co. Cork,,Ireland,12 - 200 ml jars,31,0,0,0,HUNGO,Hungry Owl All-Night Grocers,Patricia McKenna,Sales Associate,8 Johnstown Road,Cork,Co. Cork,,Ireland,2967 542,9,Anne Dodsworth,Sales Representative,11-15-1994,London,UK,3,Federal Shipping,(503) 555-9931,4,Tokyo Traders,Yoshi Nagase,Japan
10646,71,Flotemysost,Dairy Products,Cheeses,21.5,21.5,30,0.25,483.75,8-27-1997,10-8-1997,9-3-1997,142.33,Hungry Owl All-Night Grocers,8 Johnstown Road,Cork,Co. Cork,,Ireland,10 - 500 g pkgs.,26,0,0,0,HUNGO,Hungry Owl All-Night Grocers,Patricia McKenna,Sales Associate,8 Johnstown Road,Cork,Co. Cork,,Ireland,2967 542,9,Anne Dodsworth,Sales Representative,11-15-1994,London,UK,3,Federal Shipping,(503) 555-9931,15,Norske Meierier,Beate Vileid,Norway
10646,77,Original Frankfurter gr ne So e,Condiments,"Sweet and savory sauces, relishes, spreads, and seasonings",13,13,35,0.25,341.25,8-27-1997,10-8-1997,9-3-1997,142.33,Hungry Owl All-Night Grocers,8 Johnstown Road,Cork,Co. Cork,,Ireland,12 boxes,32,0,15,0,HUNGO,Hungry Owl All-Night Grocers,Patricia McKenna,Sales Associate,8 Johnstown Road,Cork,Co. Cork,,Ireland,2967 542,9,Anne Dodsworth,Sales Representative,11-15-1994,London,UK,3,Federal Shipping,(503) 555-9931,12,Plutzer Lebensmittelgro m rkte AG,Martin Bein,Germany
10647,19,Teatime Chocolate Biscuits,Confections,"Desserts, candies, and sweet breads",9.2,9.2,30,0,276.0,8-27-1997,9-10-1997,9-3-1997,45.54,Que Del cia,"Rua da Panificadora, 12",Rio de Janeiro,RJ,02389-673,Brazil,10 boxes x 12 pieces,25,0,5,0,QUEDE,Que Del cia,Bernardo Batista,Accounting Manager,"Rua da Panificadora, 12",Rio de Janeiro,RJ,02389-673,Brazil,(21) 555-4252,4,Margaret Peacock,Sales Representative,5-3-1993,Redmond,USA,2,United Package,(503) 555-3199,8,"Specialty Biscuits, Ltd.",Peter Wilson,UK
10647,39,Chartreuse verte,Beverages,"Soft drinks, coffees, teas, beers, and ales",18,18,20,0,360.0,8-27-1997,9-10-1997,9-3-1997,45.54,Que Del cia,"Rua da Panificadora, 12",Rio de Janeiro,RJ,02389-673,Brazil,750 cc per bottle,69,0,5,0,QUEDE,Que Del cia,Bernardo Batista,Accounting Manager,"Rua da Panificadora, 12",Rio de Janeiro,RJ,02389-673,Brazil,(21) 555-4252,4,Margaret Peacock,Sales Representative,5-3-1993,Redmond,USA,2,United Package,(503) 555-3199,18,Aux joyeux eccl siastiques,Guyl ne Nodier,France
10648,22,Gustaf's Kn ckebr d,Grains/Cereals,"Breads, crackers, pasta, and cereal",21,21,15,0,315.0,8-28-1997,10-9-1997,9-9-1997,14.25,Ricardo Adocicados,"Av. Copacabana, 267",Rio de Janeiro,RJ,02389-890,Brazil,24 - 500 g pkgs.,104,0,25,0,RICAR,Ricardo Adocicados,Janete Limeira,Assistant Sales Agent,"Av. Copacabana, 267",Rio de Janeiro,RJ,02389-890,Brazil,(21) 555-3412,5,Steven Buchanan,Sales Manager,10-17-1993,London,UK,2,United Package,(503) 555-3199,9,PB Kn ckebr d AB,Lars Peterson,Sweden
10648,24,Guaran  Fant stica,Beverages,"Soft drinks, coffees, teas, beers, and ales",4.5,4.5,15,0.15,57.38,8-28-1997,10-9-1997,9-9-1997,14.25,Ricardo Adocicados,"Av. Copacabana, 267",Rio de Janeiro,RJ,02389-890,Brazil,12 - 355 ml cans,20,0,0,1,RICAR,Ricardo Adocicados,Janete Limeira,Assistant Sales Agent,"Av. Copacabana, 267",Rio de Janeiro,RJ,02389-890,Brazil,(21) 555-3412,5,Steven Buchanan,Sales Manager,10-17-1993,London,UK,2,United Package,(503) 555-3199,10,Refrescos Americanas LTDA,Carlos Diaz,Brazil
10649,28,R ssle Sauerkraut,Produce,Dried fruit and bean curd,45.6,45.6,20,0,912.0,8-28-1997,9-25-1997,8-29-1997,6.2,Maison Dewey,Rue Joseph-Bens 532,Bruxelles,,B-1180,Belgium,25 - 825 g cans,26,0,0,1,MAISD,Maison Dewey,Catherine Dewey,Sales Agent,Rue Joseph-Bens 532,Bruxelles,,B-1180,Belgium,(02) 201 24 67,5,Steven Buchanan,Sales Manager,10-17-1993,London,UK,3,Federal Shipping,(503) 555-9931,12,Plutzer Lebensmittelgro m rkte AG,Martin Bein,Germany
10649,72,Mozzarella di Giovanni,Dairy Products,Cheeses,34.8,34.8,15,0,522.0,8-28-1997,9-25-1997,8-29-1997,6.2,Maison Dewey,Rue Joseph-Bens 532,Bruxelles,,B-1180,Belgium,24 - 200 g pkgs.,14,0,0,0,MAISD,Maison Dewey,Catherine Dewey,Sales Agent,Rue Joseph-Bens 532,Bruxelles,,B-1180,Belgium,(02) 201 24 67,5,Steven Buchanan,Sales Manager,10-17-1993,London,UK,3,Federal Shipping,(503) 555-9931,14,Formaggi Fortini s.r.l.,Elio Rossi,Italy
10650,30,Nord-Ost Matjeshering,Seafood,Seaweed and fish,25.89,25.89,30,0,776.7,8-29-1997,9-26-1997,9-3-1997,176.81,Familia Arquibaldo,"Rua Or s, 92",Sao Paulo,SP,05442-030,Brazil,10 - 200 g glasses,10,0,15,0,FAMIA,Familia Arquibaldo,Aria Cruz,Marketing Assistant,"Rua Or s, 92",Sao Paulo,SP,05442-030,Brazil,(11) 555-9857,5,Steven Buchanan,Sales Manager,10-17-1993,London,UK,3,Federal Shipping,(503) 555-9931,13,Nord-Ost-Fisch Handelsgesellschaft mbH,Sven Petersen,Germany
10650,53,Perth Pasties,Meat/Poultry,Prepared meats,32.8,32.8,25,0.05,779.0,8-29-1997,9-26-1997,9-3-1997,176.81,Familia Arquibaldo,"Rua Or s, 92",Sao Paulo,SP,05442-030,Brazil,48 pieces,0,0,0,1,FAMIA,Familia Arquibaldo,Aria Cruz,Marketing Assistant,"Rua Or s, 92",Sao Paulo,SP,05442-030,Brazil,(11) 555-9857,5,Steven Buchanan,Sales Manager,10-17-1993,London,UK,3,Federal Shipping,(503) 555-9931,24,"G'day, Mate",Wendy Mackenzie,Australia
10650,54,Tourti re,Meat/Poultry,Prepared meats,7.45,7.45,30,0,223.5,8-29-1997,9-26-1997,9-3-1997,176.81,Familia Arquibaldo,"Rua Or s, 92",Sao Paulo,SP,05442-030,Brazil,16 pies,21,0,10,0,FAMIA,Familia Arquibaldo,Aria Cruz,Marketing Assistant,"Rua Or s, 92",Sao Paulo,SP,05442-030,Brazil,(11) 555-9857,5,Steven Buchanan,Sales Manager,10-17-1993,London,UK,3,Federal Shipping,(503) 555-9931,25,Ma Maison,Jean-Guy Lauzon,Canada
10651,19,Teatime Chocolate Biscuits,Confections,"Desserts, candies, and sweet breads",9.2,9.2,12,0.25,82.8,9-1-1997,9-29-1997,9-11-1997,20.6,Die Wandernde Kuh,Adenauerallee 900,Stuttgart,,70563,Germany,10 boxes x 12 pieces,25,0,5,0,WANDK,Die Wandernde Kuh,Rita M ller,Sales Representative,Adenauerallee 900,Stuttgart,,70563,Germany,0711-020361,8,Laura Callahan,Inside Sales Coordinator,3-5-1994,Seattle,USA,2,United Package,(503) 555-3199,8,"Specialty Biscuits, Ltd.",Peter Wilson,UK
10651,22,Gustaf's Kn ckebr d,Grains/Cereals,"Breads, crackers, pasta, and cereal",21,21,20,0.25,315.0,9-1-1997,9-29-1997,9-11-1997,20.6,Die Wandernde Kuh,Adenauerallee 900,Stuttgart,,70563,Germany,24 - 500 g pkgs.,104,0,25,0,WANDK,Die Wandernde Kuh,Rita M ller,Sales Representative,Adenauerallee 900,Stuttgart,,70563,Germany,0711-020361,8,Laura Callahan,Inside Sales Coordinator,3-5-1994,Seattle,USA,2,United Package,(503) 555-3199,9,PB Kn ckebr d AB,Lars Peterson,Sweden
10652,30,Nord-Ost Matjeshering,Seafood,Seaweed and fish,25.89,25.89,2,0.25,38.84,9-1-1997,9-29-1997,9-8-1997,7.14,Gourmet Lanchonetes,"Av. Brasil, 442",Campinas,SP,04876-786,Brazil,10 - 200 g glasses,10,0,15,0,GOURL,Gourmet Lanchonetes,Andr  Fonseca,Sales Associate,"Av. Brasil, 442",Campinas,SP,04876-786,Brazil,(11) 555-9482,4,Margaret Peacock,Sales Representative,5-3-1993,Redmond,USA,2,United Package,(503) 555-3199,13,Nord-Ost-Fisch Handelsgesellschaft mbH,Sven Petersen,Germany
10652,42,Singaporean Hokkien Fried Mee,Grains/Cereals,"Breads, crackers, pasta, and cereal",14,14,20,0,280.0,9-1-1997,9-29-1997,9-8-1997,7.14,Gourmet Lanchonetes,"Av. Brasil, 442",Campinas,SP,04876-786,Brazil,32 - 1 kg pkgs.,26,0,0,1,GOURL,Gourmet Lanchonetes,Andr  Fonseca,Sales Associate,"Av. Brasil, 442",Campinas,SP,04876-786,Brazil,(11) 555-9482,4,Margaret Peacock,Sales Representative,5-3-1993,Redmond,USA,2,United Package,(503) 555-3199,20,Leka Trading,Chandra Leka,Singapore
10653,16,Pavlova,Confections,"Desserts, candies, and sweet breads",17.45,17.45,30,0.1,471.15,9-2-1997,9-30-1997,9-19-1997,93.25,Frankenversand,Berliner Platz 43,M nchen,,80805,Germany,32 - 500 g boxes,29,0,10,0,FRANK,Frankenversand,Peter Franken,Marketing Manager,Berliner Platz 43,M nchen,,80805,Germany,089-0877310,1,Nancy Davolio,Sales Representative,5-1-1992,Seattle,USA,1,Speedy Express,(503) 555-9831,7,"Pavlova, Ltd.",Ian Devling,Australia
10653,60,Camembert Pierrot,Dairy Products,Cheeses,34,34,20,0.1,612.0,9-2-1997,9-30-1997,9-19-1997,93.25,Frankenversand,Berliner Platz 43,M nchen,,80805,Germany,15 - 300 g rounds,19,0,0,0,FRANK,Frankenversand,Peter Franken,Marketing Manager,Berliner Platz 43,M nchen,,80805,Germany,089-0877310,1,Nancy Davolio,Sales Representative,5-1-1992,Seattle,USA,1,Speedy Express,(503) 555-9831,28,Gai p turage,Eliane Noz,France
10654,4,Chef Anton's Cajun Seasoning,Condiments,"Sweet and savory sauces, relishes, spreads, and seasonings",22,22,12,0.1,237.6,9-2-1997,9-30-1997,9-11-1997,55.26,Berglunds snabbk p,Berguvsv gen  8,Lule,,S-958 22,Sweden,48 - 6 oz jars,53,0,0,0,BERGS,Berglunds snabbk p,Christina Berglund,Order Administrator,Berguvsv gen  8,Lule,,S-958 22,Sweden,0921-12 34 65,5,Steven Buchanan,Sales Manager,10-17-1993,London,UK,1,Speedy Express,(503) 555-9831,2,New Orleans Cajun Delights,Shelley Burke,USA
10654,39,Chartreuse verte,Beverages,"Soft drinks, coffees, teas, beers, and ales",18,18,20,0.1,324.0,9-2-1997,9-30-1997,9-11-1997,55.26,Berglunds snabbk p,Berguvsv gen  8,Lule,,S-958 22,Sweden,750 cc per bottle,69,0,5,0,BERGS,Berglunds snabbk p,Christina Berglund,Order Administrator,Berguvsv gen  8,Lule,,S-958 22,Sweden,0921-12 34 65,5,Steven Buchanan,Sales Manager,10-17-1993,London,UK,1,Speedy Express,(503) 555-9831,18,Aux joyeux eccl siastiques,Guyl ne Nodier,France
10654,54,Tourti re,Meat/Poultry,Prepared meats,7.45,7.45,6,0.1,40.23,9-2-1997,9-30-1997,9-11-1997,55.26,Berglunds snabbk p,Berguvsv gen  8,Lule,,S-958 22,Sweden,16 pies,21,0,10,0,BERGS,Berglunds snabbk p,Christina Berglund,Order Administrator,Berguvsv gen  8,Lule,,S-958 22,Sweden,0921-12 34 65,5,Steven Buchanan,Sales Manager,10-17-1993,London,UK,1,Speedy Express,(503) 555-9831,25,Ma Maison,Jean-Guy Lauzon,Canada
10655,41,Jack's New England Clam Chowder,Seafood,Seaweed and fish,9.65,9.65,20,0.2,154.4,9-3-1997,10-1-1997,9-11-1997,4.41,Reggiani Caseifici,Strada Provinciale 124,Reggio Emilia,,42100,Italy,12 - 12 oz cans,85,0,10,0,REGGC,Reggiani Caseifici,Maurizio Moroni,Sales Associate,Strada Provinciale 124,Reggio Emilia,,42100,Italy,0522-556721,1,Nancy Davolio,Sales Representative,5-1-1992,Seattle,USA,2,United Package,(503) 555-3199,19,New England Seafood Cannery,Robb Merchant,USA
10656,14,Tofu,Produce,Dried fruit and bean curd,23.25,23.25,3,0.1,62.77,9-4-1997,10-2-1997,9-10-1997,57.15,Great Lakes Food Market,2732 Baker Blvd.,Eugene,OR,97403,USA,40 - 100 g pkgs.,35,0,0,0,GREAL,Great Lakes Food Market,Howard Snyder,Marketing Manager,2732 Baker Blvd.,Eugene,OR,97403,USA,(503) 555-7555,6,Michael Suyama,Sales Representative,10-17-1993,London,UK,1,Speedy Express,(503) 555-9831,6,Mayumi's,Mayumi Ohno,Japan
10656,44,Gula Malacca,Condiments,"Sweet and savory sauces, relishes, spreads, and seasonings",19.45,19.45,28,0.1,490.14,9-4-1997,10-2-1997,9-10-1997,57.15,Great Lakes Food Market,2732 Baker Blvd.,Eugene,OR,97403,USA,20 - 2 kg bags,27,0,15,0,GREAL,Great Lakes Food Market,Howard Snyder,Marketing Manager,2732 Baker Blvd.,Eugene,OR,97403,USA,(503) 555-7555,6,Michael Suyama,Sales Representative,10-17-1993,London,UK,1,Speedy Express,(503) 555-9831,20,Leka Trading,Chandra Leka,Singapore
10656,47,Zaanse koeken,Confections,"Desserts, candies, and sweet breads",9.5,9.5,6,0.1,51.3,9-4-1997,10-2-1997,9-10-1997,57.15,Great Lakes Food Market,2732 Baker Blvd.,Eugene,OR,97403,USA,10 - 4 oz boxes,36,0,0,0,GREAL,Great Lakes Food Market,Howard Snyder,Marketing Manager,2732 Baker Blvd.,Eugene,OR,97403,USA,(503) 555-7555,6,Michael Suyama,Sales Representative,10-17-1993,London,UK,1,Speedy Express,(503) 555-9831,22,Zaanse Snoepfabriek,Dirk Luchte,Netherlands
10657,15,Genen Shouyu,Condiments,"Sweet and savory sauces, relishes, spreads, and seasonings",15.5,13,50,0,775.0,9-4-1997,10-2-1997,9-15-1997,352.69,Save-a-lot Markets,187 Suffolk Ln.,Boise,ID,83720,USA,24 - 250 ml bottles,39,0,5,0,SAVEA,Save-a-lot Markets,Jose Pavarotti,Sales Representative,187 Suffolk Ln.,Boise,ID,83720,USA,(208) 555-8097,2,Andrew Fuller,"Vice President, Sales",8-14-1992,Tacoma,USA,2,United Package,(503) 555-3199,6,Mayumi's,Mayumi Ohno,Japan
10657,41,Jack's New England Clam Chowder,Seafood,Seaweed and fish,9.65,9.65,24,0,231.6,9-4-1997,10-2-1997,9-15-1997,352.69,Save-a-lot Markets,187 Suffolk Ln.,Boise,ID,83720,USA,12 - 12 oz cans,85,0,10,0,SAVEA,Save-a-lot Markets,Jose Pavarotti,Sales Representative,187 Suffolk Ln.,Boise,ID,83720,USA,(208) 555-8097,2,Andrew Fuller,"Vice President, Sales",8-14-1992,Tacoma,USA,2,United Package,(503) 555-3199,19,New England Seafood Cannery,Robb Merchant,USA
10657,46,Spegesild,Seafood,Seaweed and fish,12,12,45,0,540.0,9-4-1997,10-2-1997,9-15-1997,352.69,Save-a-lot Markets,187 Suffolk Ln.,Boise,ID,83720,USA,4 - 450 g glasses,95,0,0,0,SAVEA,Save-a-lot Markets,Jose Pavarotti,Sales Representative,187 Suffolk Ln.,Boise,ID,83720,USA,(208) 555-8097,2,Andrew Fuller,"Vice President, Sales",8-14-1992,Tacoma,USA,2,United Package,(503) 555-3199,21,Lyngbysild,Niels Petersen,Denmark
10657,47,Zaanse koeken,Confections,"Desserts, candies, and sweet breads",9.5,9.5,10,0,95.0,9-4-1997,10-2-1997,9-15-1997,352.69,Save-a-lot Markets,187 Suffolk Ln.,Boise,ID,83720,USA,10 - 4 oz boxes,36,0,0,0,SAVEA,Save-a-lot Markets,Jose Pavarotti,Sales Representative,187 Suffolk Ln.,Boise,ID,83720,USA,(208) 555-8097,2,Andrew Fuller,"Vice President, Sales",8-14-1992,Tacoma,USA,2,United Package,(503) 555-3199,22,Zaanse Snoepfabriek,Dirk Luchte,Netherlands
10657,56,Gnocchi di nonna Alice,Grains/Cereals,"Breads, crackers, pasta, and cereal",38,38,45,0,1710.0,9-4-1997,10-2-1997,9-15-1997,352.69,Save-a-lot Markets,187 Suffolk Ln.,Boise,ID,83720,USA,24 - 250 g pkgs.,21,10,30,0,SAVEA,Save-a-lot Markets,Jose Pavarotti,Sales Representative,187 Suffolk Ln.,Boise,ID,83720,USA,(208) 555-8097,2,Andrew Fuller,"Vice President, Sales",8-14-1992,Tacoma,USA,2,United Package,(503) 555-3199,26,Pasta Buttini s.r.l.,Giovanni Giudici,Italy
10657,60,Camembert Pierrot,Dairy Products,Cheeses,34,34,30,0,1020.0,9-4-1997,10-2-1997,9-15-1997,352.69,Save-a-lot Markets,187 Suffolk Ln.,Boise,ID,83720,USA,15 - 300 g rounds,19,0,0,0,SAVEA,Save-a-lot Markets,Jose Pavarotti,Sales Representative,187 Suffolk Ln.,Boise,ID,83720,USA,(208) 555-8097,2,Andrew Fuller,"Vice President, Sales",8-14-1992,Tacoma,USA,2,United Package,(503) 555-3199,28,Gai p turage,Eliane Noz,France
10658,21,Sir Rodney's Scones,Confections,"Desserts, candies, and sweet breads",10,10,60,0,600.0,9-5-1997,10-3-1997,9-8-1997,364.15,QUICK-Stop,Taucherstra e 10,Cunewalde,,01307,Germany,24 pkgs. x 4 pieces,3,40,5,0,QUICK,QUICK-Stop,Horst Kloss,Accounting Manager,Taucherstra e 10,Cunewalde,,01307,Germany,0372-035188,4,Margaret Peacock,Sales Representative,5-3-1993,Redmond,USA,1,Speedy Express,(503) 555-9831,8,"Specialty Biscuits, Ltd.",Peter Wilson,UK
10658,40,Boston Crab Meat,Seafood,Seaweed and fish,18.4,18.4,70,0.05,1223.6,9-5-1997,10-3-1997,9-8-1997,364.15,QUICK-Stop,Taucherstra e 10,Cunewalde,,01307,Germany,24 - 4 oz tins,123,0,30,0,QUICK,QUICK-Stop,Horst Kloss,Accounting Manager,Taucherstra e 10,Cunewalde,,01307,Germany,0372-035188,4,Margaret Peacock,Sales Representative,5-3-1993,Redmond,USA,1,Speedy Express,(503) 555-9831,19,New England Seafood Cannery,Robb Merchant,USA
10658,60,Camembert Pierrot,Dairy Products,Cheeses,34,34,55,0.05,1776.5,9-5-1997,10-3-1997,9-8-1997,364.15,QUICK-Stop,Taucherstra e 10,Cunewalde,,01307,Germany,15 - 300 g rounds,19,0,0,0,QUICK,QUICK-Stop,Horst Kloss,Accounting Manager,Taucherstra e 10,Cunewalde,,01307,Germany,0372-035188,4,Margaret Peacock,Sales Representative,5-3-1993,Redmond,USA,1,Speedy Express,(503) 555-9831,28,Gai p turage,Eliane Noz,France
10658,77,Original Frankfurter gr ne So e,Condiments,"Sweet and savory sauces, relishes, spreads, and seasonings",13,13,70,0.05,864.5,9-5-1997,10-3-1997,9-8-1997,364.15,QUICK-Stop,Taucherstra e 10,Cunewalde,,01307,Germany,12 boxes,32,0,15,0,QUICK,QUICK-Stop,Horst Kloss,Accounting Manager,Taucherstra e 10,Cunewalde,,01307,Germany,0372-035188,4,Margaret Peacock,Sales Representative,5-3-1993,Redmond,USA,1,Speedy Express,(503) 555-9831,12,Plutzer Lebensmittelgro m rkte AG,Martin Bein,Germany
10659,31,Gorgonzola Telino,Dairy Products,Cheeses,12.5,12.5,20,0.05,237.5,9-5-1997,10-3-1997,9-10-1997,105.81,Queen Cozinha,"Alameda dos Can rios, 891",Sao Paulo,SP,05487-020,Brazil,12 - 100 g pkgs,0,70,20,0,QUEEN,Queen Cozinha,L cia Carvalho,Marketing Assistant,"Alameda dos Can rios, 891",Sao Paulo,SP,05487-020,Brazil,(11) 555-1189,7,Robert King,Sales Representative,1-2-1994,London,UK,2,United Package,(503) 555-3199,14,Formaggi Fortini s.r.l.,Elio Rossi,Italy
10659,40,Boston Crab Meat,Seafood,Seaweed and fish,18.4,18.4,24,0.05,419.52,9-5-1997,10-3-1997,9-10-1997,105.81,Queen Cozinha,"Alameda dos Can rios, 891",Sao Paulo,SP,05487-020,Brazil,24 - 4 oz tins,123,0,30,0,QUEEN,Queen Cozinha,L cia Carvalho,Marketing Assistant,"Alameda dos Can rios, 891",Sao Paulo,SP,05487-020,Brazil,(11) 555-1189,7,Robert King,Sales Representative,1-2-1994,London,UK,2,United Package,(503) 555-3199,19,New England Seafood Cannery,Robb Merchant,USA
10659,70,Outback Lager,Beverages,"Soft drinks, coffees, teas, beers, and ales",15,15,40,0.05,570.0,9-5-1997,10-3-1997,9-10-1997,105.81,Queen Cozinha,"Alameda dos Can rios, 891",Sao Paulo,SP,05487-020,Brazil,24 - 355 ml bottles,15,10,30,0,QUEEN,Queen Cozinha,L cia Carvalho,Marketing Assistant,"Alameda dos Can rios, 891",Sao Paulo,SP,05487-020,Brazil,(11) 555-1189,7,Robert King,Sales Representative,1-2-1994,London,UK,2,United Package,(503) 555-3199,7,"Pavlova, Ltd.",Ian Devling,Australia
10660,20,Sir Rodney's Marmalade,Confections,"Desserts, candies, and sweet breads",81,81,21,0,1701.0,9-8-1997,10-6-1997,10-15-1997,111.29,Hungry Coyote Import Store,City Center Plaza 516 Main St.,Elgin,OR,97827,USA,30 gift boxes,40,0,0,0,HUNGC,Hungry Coyote Import Store,Yoshi Latimer,Sales Representative,City Center Plaza 516 Main St.,Elgin,OR,97827,USA,(503) 555-6874,8,Laura Callahan,Inside Sales Coordinator,3-5-1994,Seattle,USA,1,Speedy Express,(503) 555-9831,8,"Specialty Biscuits, Ltd.",Peter Wilson,UK
10661,39,Chartreuse verte,Beverages,"Soft drinks, coffees, teas, beers, and ales",18,18,3,0.2,43.2,9-9-1997,10-7-1997,9-15-1997,17.55,Hungry Owl All-Night Grocers,8 Johnstown Road,Cork,Co. Cork,,Ireland,750 cc per bottle,69,0,5,0,HUNGO,Hungry Owl All-Night Grocers,Patricia McKenna,Sales Associate,8 Johnstown Road,Cork,Co. Cork,,Ireland,2967 542,7,Robert King,Sales Representative,1-2-1994,London,UK,3,Federal Shipping,(503) 555-9931,18,Aux joyeux eccl siastiques,Guyl ne Nodier,France
10661,58,Escargots de Bourgogne,Seafood,Seaweed and fish,13.25,13.25,49,0.2,519.4,9-9-1997,10-7-1997,9-15-1997,17.55,Hungry Owl All-Night Grocers,8 Johnstown Road,Cork,Co. Cork,,Ireland,24 pieces,62,0,20,0,HUNGO,Hungry Owl All-Night Grocers,Patricia McKenna,Sales Associate,8 Johnstown Road,Cork,Co. Cork,,Ireland,2967 542,7,Robert King,Sales Representative,1-2-1994,London,UK,3,Federal Shipping,(503) 555-9931,27,Escargots Nouveaux,Marie Delamare,France
10662,68,Scottish Longbreads,Confections,"Desserts, candies, and sweet breads",12.5,12.5,10,0,125.0,9-9-1997,10-7-1997,9-18-1997,1.28,Lonesome Pine Restaurant,89 Chiaroscuro Rd.,Portland,OR,97219,USA,10 boxes x 8 pieces,6,10,15,0,LONEP,Lonesome Pine Restaurant,Fran Wilson,Sales Manager,89 Chiaroscuro Rd.,Portland,OR,97219,USA,(503) 555-9573,3,Janet Leverling,Sales Representative,4-1-1992,Kirkland,USA,2,United Package,(503) 555-3199,8,"Specialty Biscuits, Ltd.",Peter Wilson,UK
10663,40,Boston Crab Meat,Seafood,Seaweed and fish,18.4,18.4,30,0.05,524.4,9-10-1997,9-24-1997,10-3-1997,113.15,Bon app',"12, rue des Bouchers",Marseille,,13008,France,24 - 4 oz tins,123,0,30,0,BONAP,Bon app',Laurence Lebihan,Owner,"12, rue des Bouchers",Marseille,,13008,France,91.24.45.40,2,Andrew Fuller,"Vice President, Sales",8-14-1992,Tacoma,USA,2,United Package,(503) 555-3199,19,New England Seafood Cannery,Robb Merchant,USA
10663,42,Singaporean Hokkien Fried Mee,Grains/Cereals,"Breads, crackers, pasta, and cereal",14,14,30,0.05,399.0,9-10-1997,9-24-1997,10-3-1997,113.15,Bon app',"12, rue des Bouchers",Marseille,,13008,France,32 - 1 kg pkgs.,26,0,0,1,BONAP,Bon app',Laurence Lebihan,Owner,"12, rue des Bouchers",Marseille,,13008,France,91.24.45.40,2,Andrew Fuller,"Vice President, Sales",8-14-1992,Tacoma,USA,2,United Package,(503) 555-3199,20,Leka Trading,Chandra Leka,Singapore
10663,51,Manjimup Dried Apples,Produce,Dried fruit and bean curd,53,53,20,0.05,1007.0,9-10-1997,9-24-1997,10-3-1997,113.15,Bon app',"12, rue des Bouchers",Marseille,,13008,France,50 - 300 g pkgs.,20,0,10,0,BONAP,Bon app',Laurence Lebihan,Owner,"12, rue des Bouchers",Marseille,,13008,France,91.24.45.40,2,Andrew Fuller,"Vice President, Sales",8-14-1992,Tacoma,USA,2,United Package,(503) 555-3199,24,"G'day, Mate",Wendy Mackenzie,Australia
10664,10,Ikura,Seafood,Seaweed and fish,31,31,24,0.15,632.4,9-10-1997,10-8-1997,9-19-1997,1.27,Furia Bacalhau e Frutos do Mar,Jardim das rosas n. 32,Lisboa,,1675,Portugal,12 - 200 ml jars,31,0,0,0,FURIB,Furia Bacalhau e Frutos do Mar,Lino Rodriguez,Sales Manager,Jardim das rosas n. 32,Lisboa,,1675,Portugal,(1) 354-2534,1,Nancy Davolio,Sales Representative,5-1-1992,Seattle,USA,3,Federal Shipping,(503) 555-9931,4,Tokyo Traders,Yoshi Nagase,Japan
10664,56,Gnocchi di nonna Alice,Grains/Cereals,"Breads, crackers, pasta, and cereal",38,38,12,0.15,387.6,9-10-1997,10-8-1997,9-19-1997,1.27,Furia Bacalhau e Frutos do Mar,Jardim das rosas n. 32,Lisboa,,1675,Portugal,24 - 250 g pkgs.,21,10,30,0,FURIB,Furia Bacalhau e Frutos do Mar,Lino Rodriguez,Sales Manager,Jardim das rosas n. 32,Lisboa,,1675,Portugal,(1) 354-2534,1,Nancy Davolio,Sales Representative,5-1-1992,Seattle,USA,3,Federal Shipping,(503) 555-9931,26,Pasta Buttini s.r.l.,Giovanni Giudici,Italy
10664,65,Louisiana Fiery Hot Pepper Sauce,Condiments,"Sweet and savory sauces, relishes, spreads, and seasonings",21.05,21.05,15,0.15,268.39,9-10-1997,10-8-1997,9-19-1997,1.27,Furia Bacalhau e Frutos do Mar,Jardim das rosas n. 32,Lisboa,,1675,Portugal,32 - 8 oz bottles,76,0,0,0,FURIB,Furia Bacalhau e Frutos do Mar,Lino Rodriguez,Sales Manager,Jardim das rosas n. 32,Lisboa,,1675,Portugal,(1) 354-2534,1,Nancy Davolio,Sales Representative,5-1-1992,Seattle,USA,3,Federal Shipping,(503) 555-9931,2,New Orleans Cajun Delights,Shelley Burke,USA
10665,51,Manjimup Dried Apples,Produce,Dried fruit and bean curd,53,53,20,0,1060.0,9-11-1997,10-9-1997,9-17-1997,26.31,Lonesome Pine Restaurant,89 Chiaroscuro Rd.,Portland,OR,97219,USA,50 - 300 g pkgs.,20,0,10,0,LONEP,Lonesome Pine Restaurant,Fran Wilson,Sales Manager,89 Chiaroscuro Rd.,Portland,OR,97219,USA,(503) 555-9573,1,Nancy Davolio,Sales Representative,5-1-1992,Seattle,USA,2,United Package,(503) 555-3199,24,"G'day, Mate",Wendy Mackenzie,Australia
10665,59,Raclette Courdavault,Dairy Products,Cheeses,55,55,1,0,55.0,9-11-1997,10-9-1997,9-17-1997,26.31,Lonesome Pine Restaurant,89 Chiaroscuro Rd.,Portland,OR,97219,USA,5 kg pkg.,79,0,0,0,LONEP,Lonesome Pine Restaurant,Fran Wilson,Sales Manager,89 Chiaroscuro Rd.,Portland,OR,97219,USA,(503) 555-9573,1,Nancy Davolio,Sales Representative,5-1-1992,Seattle,USA,2,United Package,(503) 555-3199,28,Gai p turage,Eliane Noz,France
10665,76,Lakkalik  ri,Beverages,"Soft drinks, coffees, teas, beers, and ales",18,18,10,0,180.0,9-11-1997,10-9-1997,9-17-1997,26.31,Lonesome Pine Restaurant,89 Chiaroscuro Rd.,Portland,OR,97219,USA,500 ml,57,0,20,0,LONEP,Lonesome Pine Restaurant,Fran Wilson,Sales Manager,89 Chiaroscuro Rd.,Portland,OR,97219,USA,(503) 555-9573,1,Nancy Davolio,Sales Representative,5-1-1992,Seattle,USA,2,United Package,(503) 555-3199,23,Karkki Oy,Anne Heikkonen,Finland
10666,29,Th ringer Rostbratwurst,Meat/Poultry,Prepared meats,123.79,123.79,36,0,4456.44,9-12-1997,10-10-1997,9-22-1997,232.42,Richter Supermarkt,Starenweg 5,Gen ve,,1204,Switzerland,50 bags x 30 sausgs.,0,0,0,1,RICSU,Richter Supermarkt,Michael Holz,Sales Manager,Grenzacherweg 237,Gen ve,,1203,Switzerland,0897-034214,7,Robert King,Sales Representative,1-2-1994,London,UK,2,United Package,(503) 555-3199,12,Plutzer Lebensmittelgro m rkte AG,Martin Bein,Germany
10666,65,Louisiana Fiery Hot Pepper Sauce,Condiments,"Sweet and savory sauces, relishes, spreads, and seasonings",21.05,21.05,10,0,210.5,9-12-1997,10-10-1997,9-22-1997,232.42,Richter Supermarkt,Starenweg 5,Gen ve,,1204,Switzerland,32 - 8 oz bottles,76,0,0,0,RICSU,Richter Supermarkt,Michael Holz,Sales Manager,Grenzacherweg 237,Gen ve,,1203,Switzerland,0897-034214,7,Robert King,Sales Representative,1-2-1994,London,UK,2,United Package,(503) 555-3199,2,New Orleans Cajun Delights,Shelley Burke,USA
10667,69,Gudbrandsdalsost,Dairy Products,Cheeses,36,36,45,0.2,1296.0,9-12-1997,10-10-1997,9-19-1997,78.09,Ernst Handel,Kirchgasse 6,Graz,,8010,Austria,10 kg pkg.,26,0,15,0,ERNSH,Ernst Handel,Roland Mendel,Sales Manager,Kirchgasse 6,Graz,,8010,Austria,7675-3425,7,Robert King,Sales Representative,1-2-1994,London,UK,1,Speedy Express,(503) 555-9831,15,Norske Meierier,Beate Vileid,Norway
10667,71,Flotemysost,Dairy Products,Cheeses,21.5,21.5,14,0.2,240.8,9-12-1997,10-10-1997,9-19-1997,78.09,Ernst Handel,Kirchgasse 6,Graz,,8010,Austria,10 - 500 g pkgs.,26,0,0,0,ERNSH,Ernst Handel,Roland Mendel,Sales Manager,Kirchgasse 6,Graz,,8010,Austria,7675-3425,7,Robert King,Sales Representative,1-2-1994,London,UK,1,Speedy Express,(503) 555-9831,15,Norske Meierier,Beate Vileid,Norway
10668,31,Gorgonzola Telino,Dairy Products,Cheeses,12.5,12.5,8,0.1,90.0,9-15-1997,10-13-1997,9-23-1997,47.22,Die Wandernde Kuh,Adenauerallee 900,Stuttgart,,70563,Germany,12 - 100 g pkgs,0,70,20,0,WANDK,Die Wandernde Kuh,Rita M ller,Sales Representative,Adenauerallee 900,Stuttgart,,70563,Germany,0711-020361,1,Nancy Davolio,Sales Representative,5-1-1992,Seattle,USA,2,United Package,(503) 555-3199,14,Formaggi Fortini s.r.l.,Elio Rossi,Italy
10668,55,P t  chinois,Meat/Poultry,Prepared meats,24,24,4,0.1,86.4,9-15-1997,10-13-1997,9-23-1997,47.22,Die Wandernde Kuh,Adenauerallee 900,Stuttgart,,70563,Germany,24 boxes x 2 pies,115,0,20,0,WANDK,Die Wandernde Kuh,Rita M ller,Sales Representative,Adenauerallee 900,Stuttgart,,70563,Germany,0711-020361,1,Nancy Davolio,Sales Representative,5-1-1992,Seattle,USA,2,United Package,(503) 555-3199,25,Ma Maison,Jean-Guy Lauzon,Canada
10668,64,Wimmers gute Semmelkn del,Grains/Cereals,"Breads, crackers, pasta, and cereal",33.25,33.25,15,0.1,448.88,9-15-1997,10-13-1997,9-23-1997,47.22,Die Wandernde Kuh,Adenauerallee 900,Stuttgart,,70563,Germany,20 bags x 4 pieces,22,80,30,0,WANDK,Die Wandernde Kuh,Rita M ller,Sales Representative,Adenauerallee 900,Stuttgart,,70563,Germany,0711-020361,1,Nancy Davolio,Sales Representative,5-1-1992,Seattle,USA,2,United Package,(503) 555-3199,12,Plutzer Lebensmittelgro m rkte AG,Martin Bein,Germany
10669,36,Inlagd Sill,Seafood,Seaweed and fish,19,19,30,0,570.0,9-15-1997,10-13-1997,9-22-1997,24.39,Simons bistro,Vinb ltet 34,Kobenhavn,,1734,Denmark,24 - 250 g  jars,112,0,20,0,SIMOB,Simons bistro,Jytte Petersen,Owner,Vinb ltet 34,Kobenhavn,,1734,Denmark,31 12 34 56,2,Andrew Fuller,"Vice President, Sales",8-14-1992,Tacoma,USA,1,Speedy Express,(503) 555-9831,17,Svensk Sj f da AB,Michael Bj rn,Sweden
10670,23,Tunnbr d,Grains/Cereals,"Breads, crackers, pasta, and cereal",9,9,32,0,288.0,9-16-1997,10-14-1997,9-18-1997,203.48,Frankenversand,Berliner Platz 43,M nchen,,80805,Germany,12 - 250 g pkgs.,61,0,25,0,FRANK,Frankenversand,Peter Franken,Marketing Manager,Berliner Platz 43,M nchen,,80805,Germany,089-0877310,4,Margaret Peacock,Sales Representative,5-3-1993,Redmond,USA,1,Speedy Express,(503) 555-9831,9,PB Kn ckebr d AB,Lars Peterson,Sweden
10670,46,Spegesild,Seafood,Seaweed and fish,12,12,60,0,720.0,9-16-1997,10-14-1997,9-18-1997,203.48,Frankenversand,Berliner Platz 43,M nchen,,80805,Germany,4 - 450 g glasses,95,0,0,0,FRANK,Frankenversand,Peter Franken,Marketing Manager,Berliner Platz 43,M nchen,,80805,Germany,089-0877310,4,Margaret Peacock,Sales Representative,5-3-1993,Redmond,USA,1,Speedy Express,(503) 555-9831,21,Lyngbysild,Niels Petersen,Denmark
10670,67,Laughing Lumberjack Lager,Beverages,"Soft drinks, coffees, teas, beers, and ales",14,14,25,0,350.0,9-16-1997,10-14-1997,9-18-1997,203.48,Frankenversand,Berliner Platz 43,M nchen,,80805,Germany,24 - 12 oz bottles,52,0,10,0,FRANK,Frankenversand,Peter Franken,Marketing Manager,Berliner Platz 43,M nchen,,80805,Germany,089-0877310,4,Margaret Peacock,Sales Representative,5-3-1993,Redmond,USA,1,Speedy Express,(503) 555-9831,16,Bigfoot Breweries,Cheryl Saylor,USA
10670,73,R d Kaviar,Seafood,Seaweed and fish,15,15,50,0,750.0,9-16-1997,10-14-1997,9-18-1997,203.48,Frankenversand,Berliner Platz 43,M nchen,,80805,Germany,24 - 150 g jars,101,0,5,0,FRANK,Frankenversand,Peter Franken,Marketing Manager,Berliner Platz 43,M nchen,,80805,Germany,089-0877310,4,Margaret Peacock,Sales Representative,5-3-1993,Redmond,USA,1,Speedy Express,(503) 555-9831,17,Svensk Sj f da AB,Michael Bj rn,Sweden
10670,75,Rh nbr u Klosterbier,Beverages,"Soft drinks, coffees, teas, beers, and ales",7.75,7.75,25,0,193.75,9-16-1997,10-14-1997,9-18-1997,203.48,Frankenversand,Berliner Platz 43,M nchen,,80805,Germany,24 - 0.5 l bottles,125,0,25,0,FRANK,Frankenversand,Peter Franken,Marketing Manager,Berliner Platz 43,M nchen,,80805,Germany,089-0877310,4,Margaret Peacock,Sales Representative,5-3-1993,Redmond,USA,1,Speedy Express,(503) 555-9831,12,Plutzer Lebensmittelgro m rkte AG,Martin Bein,Germany
10671,16,Pavlova,Confections,"Desserts, candies, and sweet breads",17.45,17.45,10,0,174.5,9-17-1997,10-15-1997,9-24-1997,30.34,France restauration,"54, rue Royale",Nantes,,44000,France,32 - 500 g boxes,29,0,10,0,FRANR,France restauration,Carine Schmitt,Marketing Manager,"54, rue Royale",Nantes,,44000,France,40.32.21.21,1,Nancy Davolio,Sales Representative,5-1-1992,Seattle,USA,1,Speedy Express,(503) 555-9831,7,"Pavlova, Ltd.",Ian Devling,Australia
10671,62,Tarte au sucre,Confections,"Desserts, candies, and sweet breads",49.3,49.3,10,0,493.0,9-17-1997,10-15-1997,9-24-1997,30.34,France restauration,"54, rue Royale",Nantes,,44000,France,48 pies,17,0,0,0,FRANR,France restauration,Carine Schmitt,Marketing Manager,"54, rue Royale",Nantes,,44000,France,40.32.21.21,1,Nancy Davolio,Sales Representative,5-1-1992,Seattle,USA,1,Speedy Express,(503) 555-9831,29,For ts d' rables,Chantal Goulet,Canada
10671,65,Louisiana Fiery Hot Pepper Sauce,Condiments,"Sweet and savory sauces, relishes, spreads, and seasonings",21.05,21.05,12,0,252.6,9-17-1997,10-15-1997,9-24-1997,30.34,France restauration,"54, rue Royale",Nantes,,44000,France,32 - 8 oz bottles,76,0,0,0,FRANR,France restauration,Carine Schmitt,Marketing Manager,"54, rue Royale",Nantes,,44000,France,40.32.21.21,1,Nancy Davolio,Sales Representative,5-1-1992,Seattle,USA,1,Speedy Express,(503) 555-9831,2,New Orleans Cajun Delights,Shelley Burke,USA
10672,38,C te de Blaye,Beverages,"Soft drinks, coffees, teas, beers, and ales",263.5,263.5,15,0.1,3557.25,9-17-1997,10-1-1997,9-26-1997,95.75,Berglunds snabbk p,Berguvsv gen  8,Lule,,S-958 22,Sweden,12 - 75 cl bottles,17,0,15,0,BERGS,Berglunds snabbk p,Christina Berglund,Order Administrator,Berguvsv gen  8,Lule,,S-958 22,Sweden,0921-12 34 65,9,Anne Dodsworth,Sales Representative,11-15-1994,London,UK,2,United Package,(503) 555-3199,18,Aux joyeux eccl siastiques,Guyl ne Nodier,France
10672,71,Flotemysost,Dairy Products,Cheeses,21.5,21.5,12,0,258.0,9-17-1997,10-1-1997,9-26-1997,95.75,Berglunds snabbk p,Berguvsv gen  8,Lule,,S-958 22,Sweden,10 - 500 g pkgs.,26,0,0,0,BERGS,Berglunds snabbk p,Christina Berglund,Order Administrator,Berguvsv gen  8,Lule,,S-958 22,Sweden,0921-12 34 65,9,Anne Dodsworth,Sales Representative,11-15-1994,London,UK,2,United Package,(503) 555-3199,15,Norske Meierier,Beate Vileid,Norway
10673,16,Pavlova,Confections,"Desserts, candies, and sweet breads",17.45,17.45,3,0,52.35,9-18-1997,10-16-1997,9-19-1997,22.76,Wilman Kala,Keskuskatu 45,Helsinki,,21240,Finland,32 - 500 g boxes,29,0,10,0,WILMK,Wilman Kala,Matti Karttunen,Owner/Marketing Assistant,Keskuskatu 45,Helsinki,,21240,Finland,90-224 8858,2,Andrew Fuller,"Vice President, Sales",8-14-1992,Tacoma,USA,1,Speedy Express,(503) 555-9831,7,"Pavlova, Ltd.",Ian Devling,Australia
10673,42,Singaporean Hokkien Fried Mee,Grains/Cereals,"Breads, crackers, pasta, and cereal",14,14,6,0,84.0,9-18-1997,10-16-1997,9-19-1997,22.76,Wilman Kala,Keskuskatu 45,Helsinki,,21240,Finland,32 - 1 kg pkgs.,26,0,0,1,WILMK,Wilman Kala,Matti Karttunen,Owner/Marketing Assistant,Keskuskatu 45,Helsinki,,21240,Finland,90-224 8858,2,Andrew Fuller,"Vice President, Sales",8-14-1992,Tacoma,USA,1,Speedy Express,(503) 555-9831,20,Leka Trading,Chandra Leka,Singapore
10673,43,Ipoh Coffee,Beverages,"Soft drinks, coffees, teas, beers, and ales",46,46,6,0,276.0,9-18-1997,10-16-1997,9-19-1997,22.76,Wilman Kala,Keskuskatu 45,Helsinki,,21240,Finland,16 - 500 g tins,17,10,25,0,WILMK,Wilman Kala,Matti Karttunen,Owner/Marketing Assistant,Keskuskatu 45,Helsinki,,21240,Finland,90-224 8858,2,Andrew Fuller,"Vice President, Sales",8-14-1992,Tacoma,USA,1,Speedy Express,(503) 555-9831,20,Leka Trading,Chandra Leka,Singapore
10674,23,Tunnbr d,Grains/Cereals,"Breads, crackers, pasta, and cereal",9,9,5,0,45.0,9-18-1997,10-16-1997,9-30-1997,0.9,Island Trading,Garden House Crowther Way,Cowes,Isle of Wight,PO31 7PJ,UK,12 - 250 g pkgs.,61,0,25,0,ISLAT,Island Trading,Helen Bennett,Marketing Manager,Garden House Crowther Way,Cowes,Isle of Wight,PO31 7PJ,UK,(198) 555-8888,4,Margaret Peacock,Sales Representative,5-3-1993,Redmond,USA,2,United Package,(503) 555-3199,9,PB Kn ckebr d AB,Lars Peterson,Sweden
10675,14,Tofu,Produce,Dried fruit and bean curd,23.25,23.25,30,0,697.5,9-19-1997,10-17-1997,9-23-1997,31.85,Frankenversand,Berliner Platz 43,M nchen,,80805,Germany,40 - 100 g pkgs.,35,0,0,0,FRANK,Frankenversand,Peter Franken,Marketing Manager,Berliner Platz 43,M nchen,,80805,Germany,089-0877310,5,Steven Buchanan,Sales Manager,10-17-1993,London,UK,2,United Package,(503) 555-3199,6,Mayumi's,Mayumi Ohno,Japan
10675,53,Perth Pasties,Meat/Poultry,Prepared meats,32.8,32.8,10,0,328.0,9-19-1997,10-17-1997,9-23-1997,31.85,Frankenversand,Berliner Platz 43,M nchen,,80805,Germany,48 pieces,0,0,0,1,FRANK,Frankenversand,Peter Franken,Marketing Manager,Berliner Platz 43,M nchen,,80805,Germany,089-0877310,5,Steven Buchanan,Sales Manager,10-17-1993,London,UK,2,United Package,(503) 555-3199,24,"G'day, Mate",Wendy Mackenzie,Australia
10675,58,Escargots de Bourgogne,Seafood,Seaweed and fish,13.25,13.25,30,0,397.5,9-19-1997,10-17-1997,9-23-1997,31.85,Frankenversand,Berliner Platz 43,M nchen,,80805,Germany,24 pieces,62,0,20,0,FRANK,Frankenversand,Peter Franken,Marketing Manager,Berliner Platz 43,M nchen,,80805,Germany,089-0877310,5,Steven Buchanan,Sales Manager,10-17-1993,London,UK,2,United Package,(503) 555-3199,27,Escargots Nouveaux,Marie Delamare,France
10676,10,Ikura,Seafood,Seaweed and fish,31,31,2,0,62.0,9-22-1997,10-20-1997,9-29-1997,2.01,Tortuga Restaurante,Avda. Azteca 123,M xico D.F.,,05033,Mexico,12 - 200 ml jars,31,0,0,0,TORTU,Tortuga Restaurante,Miguel Angel Paolino,Owner,Avda. Azteca 123,M xico D.F.,,05033,Mexico,(5) 555-2933,2,Andrew Fuller,"Vice President, Sales",8-14-1992,Tacoma,USA,2,United Package,(503) 555-3199,4,Tokyo Traders,Yoshi Nagase,Japan
10676,19,Teatime Chocolate Biscuits,Confections,"Desserts, candies, and sweet breads",9.2,9.2,7,0,64.4,9-22-1997,10-20-1997,9-29-1997,2.01,Tortuga Restaurante,Avda. Azteca 123,M xico D.F.,,05033,Mexico,10 boxes x 12 pieces,25,0,5,0,TORTU,Tortuga Restaurante,Miguel Angel Paolino,Owner,Avda. Azteca 123,M xico D.F.,,05033,Mexico,(5) 555-2933,2,Andrew Fuller,"Vice President, Sales",8-14-1992,Tacoma,USA,2,United Package,(503) 555-3199,8,"Specialty Biscuits, Ltd.",Peter Wilson,UK
10676,44,Gula Malacca,Condiments,"Sweet and savory sauces, relishes, spreads, and seasonings",19.45,19.45,21,0,408.45,9-22-1997,10-20-1997,9-29-1997,2.01,Tortuga Restaurante,Avda. Azteca 123,M xico D.F.,,05033,Mexico,20 - 2 kg bags,27,0,15,0,TORTU,Tortuga Restaurante,Miguel Angel Paolino,Owner,Avda. Azteca 123,M xico D.F.,,05033,Mexico,(5) 555-2933,2,Andrew Fuller,"Vice President, Sales",8-14-1992,Tacoma,USA,2,United Package,(503) 555-3199,20,Leka Trading,Chandra Leka,Singapore
10677,26,Gumb r Gummib rchen,Confections,"Desserts, candies, and sweet breads",31.23,31.23,30,0.15,796.37,9-22-1997,10-20-1997,9-26-1997,4.03,Antonio Moreno Taquer a,Mataderos  2312,M xico D.F.,,05023,Mexico,100 - 250 g bags,15,0,0,0,ANTON,Antonio Moreno Taquer a,Antonio Moreno,Owner,Mataderos  2312,M xico D.F.,,05023,Mexico,(5) 555-3932,1,Nancy Davolio,Sales Representative,5-1-1992,Seattle,USA,3,Federal Shipping,(503) 555-9931,11,Heli S  waren GmbH & Co. KG,Petra Winkler,Germany
10677,33,Geitost,Dairy Products,Cheeses,2.5,2.5,8,0.15,17.0,9-22-1997,10-20-1997,9-26-1997,4.03,Antonio Moreno Taquer a,Mataderos  2312,M xico D.F.,,05023,Mexico,500 g,112,0,20,0,ANTON,Antonio Moreno Taquer a,Antonio Moreno,Owner,Mataderos  2312,M xico D.F.,,05023,Mexico,(5) 555-3932,1,Nancy Davolio,Sales Representative,5-1-1992,Seattle,USA,3,Federal Shipping,(503) 555-9931,15,Norske Meierier,Beate Vileid,Norway
10678,12,Queso Manchego La Pastora,Dairy Products,Cheeses,38,38,100,0,3800.0,9-23-1997,10-21-1997,10-16-1997,388.98,Save-a-lot Markets,187 Suffolk Ln.,Boise,ID,83720,USA,10 - 500 g pkgs.,86,0,0,0,SAVEA,Save-a-lot Markets,Jose Pavarotti,Sales Representative,187 Suffolk Ln.,Boise,ID,83720,USA,(208) 555-8097,7,Robert King,Sales Representative,1-2-1994,London,UK,3,Federal Shipping,(503) 555-9931,5,Cooperativa de Quesos 'Las Cabras',Antonio del Valle Saavedra,Spain
10678,33,Geitost,Dairy Products,Cheeses,2.5,2.5,30,0,75.0,9-23-1997,10-21-1997,10-16-1997,388.98,Save-a-lot Markets,187 Suffolk Ln.,Boise,ID,83720,USA,500 g,112,0,20,0,SAVEA,Save-a-lot Markets,Jose Pavarotti,Sales Representative,187 Suffolk Ln.,Boise,ID,83720,USA,(208) 555-8097,7,Robert King,Sales Representative,1-2-1994,London,UK,3,Federal Shipping,(503) 555-9931,15,Norske Meierier,Beate Vileid,Norway
10678,41,Jack's New England Clam Chowder,Seafood,Seaweed and fish,9.65,9.65,120,0,1158.0,9-23-1997,10-21-1997,10-16-1997,388.98,Save-a-lot Markets,187 Suffolk Ln.,Boise,ID,83720,USA,12 - 12 oz cans,85,0,10,0,SAVEA,Save-a-lot Markets,Jose Pavarotti,Sales Representative,187 Suffolk Ln.,Boise,ID,83720,USA,(208) 555-8097,7,Robert King,Sales Representative,1-2-1994,London,UK,3,Federal Shipping,(503) 555-9931,19,New England Seafood Cannery,Robb Merchant,USA
10678,54,Tourti re,Meat/Poultry,Prepared meats,7.45,7.45,30,0,223.5,9-23-1997,10-21-1997,10-16-1997,388.98,Save-a-lot Markets,187 Suffolk Ln.,Boise,ID,83720,USA,16 pies,21,0,10,0,SAVEA,Save-a-lot Markets,Jose Pavarotti,Sales Representative,187 Suffolk Ln.,Boise,ID,83720,USA,(208) 555-8097,7,Robert King,Sales Representative,1-2-1994,London,UK,3,Federal Shipping,(503) 555-9931,25,Ma Maison,Jean-Guy Lauzon,Canada
10679,59,Raclette Courdavault,Dairy Products,Cheeses,55,55,12,0,660.0,9-23-1997,10-21-1997,9-30-1997,27.94,Blondel p re et fils,"24, place Kl ber",Strasbourg,,67000,France,5 kg pkg.,79,0,0,0,BLONP,Blondesddsl p re et fils,Fr d rique Citeaux,Marketing Manager,"24, place Kl ber",Strasbourg,,67000,France,88.60.15.31,8,Laura Callahan,Inside Sales Coordinator,3-5-1994,Seattle,USA,3,Federal Shipping,(503) 555-9931,28,Gai p turage,Eliane Noz,France
10680,16,Pavlova,Confections,"Desserts, candies, and sweet breads",17.45,17.45,50,0.25,654.38,9-24-1997,10-22-1997,9-26-1997,26.61,Old World Delicatessen,2743 Bering St.,Anchorage,AK,99508,USA,32 - 500 g boxes,29,0,10,0,OLDWO,Old World Delicatessen,Rene Phillips,Sales Representative,2743 Bering St.,Anchorage,AK,99508,USA,(907) 555-7584,1,Nancy Davolio,Sales Representative,5-1-1992,Seattle,USA,1,Speedy Express,(503) 555-9831,7,"Pavlova, Ltd.",Ian Devling,Australia
10680,31,Gorgonzola Telino,Dairy Products,Cheeses,12.5,12.5,20,0.25,187.5,9-24-1997,10-22-1997,9-26-1997,26.61,Old World Delicatessen,2743 Bering St.,Anchorage,AK,99508,USA,12 - 100 g pkgs,0,70,20,0,OLDWO,Old World Delicatessen,Rene Phillips,Sales Representative,2743 Bering St.,Anchorage,AK,99508,USA,(907) 555-7584,1,Nancy Davolio,Sales Representative,5-1-1992,Seattle,USA,1,Speedy Express,(503) 555-9831,14,Formaggi Fortini s.r.l.,Elio Rossi,Italy
10680,42,Singaporean Hokkien Fried Mee,Grains/Cereals,"Breads, crackers, pasta, and cereal",14,14,40,0.25,420.0,9-24-1997,10-22-1997,9-26-1997,26.61,Old World Delicatessen,2743 Bering St.,Anchorage,AK,99508,USA,32 - 1 kg pkgs.,26,0,0,1,OLDWO,Old World Delicatessen,Rene Phillips,Sales Representative,2743 Bering St.,Anchorage,AK,99508,USA,(907) 555-7584,1,Nancy Davolio,Sales Representative,5-1-1992,Seattle,USA,1,Speedy Express,(503) 555-9831,20,Leka Trading,Chandra Leka,Singapore
10681,19,Teatime Chocolate Biscuits,Confections,"Desserts, candies, and sweet breads",9.2,9.2,30,0.1,248.4,9-25-1997,10-23-1997,9-30-1997,76.13,Great Lakes Food Market,2732 Baker Blvd.,Eugene,OR,97403,USA,10 boxes x 12 pieces,25,0,5,0,GREAL,Great Lakes Food Market,Howard Snyder,Marketing Manager,2732 Baker Blvd.,Eugene,OR,97403,USA,(503) 555-7555,3,Janet Leverling,Sales Representative,4-1-1992,Kirkland,USA,3,Federal Shipping,(503) 555-9931,8,"Specialty Biscuits, Ltd.",Peter Wilson,UK
10681,21,Sir Rodney's Scones,Confections,"Desserts, candies, and sweet breads",10,10,12,0.1,108.0,9-25-1997,10-23-1997,9-30-1997,76.13,Great Lakes Food Market,2732 Baker Blvd.,Eugene,OR,97403,USA,24 pkgs. x 4 pieces,3,40,5,0,GREAL,Great Lakes Food Market,Howard Snyder,Marketing Manager,2732 Baker Blvd.,Eugene,OR,97403,USA,(503) 555-7555,3,Janet Leverling,Sales Representative,4-1-1992,Kirkland,USA,3,Federal Shipping,(503) 555-9931,8,"Specialty Biscuits, Ltd.",Peter Wilson,UK
10681,64,Wimmers gute Semmelkn del,Grains/Cereals,"Breads, crackers, pasta, and cereal",33.25,33.25,28,0,931.0,9-25-1997,10-23-1997,9-30-1997,76.13,Great Lakes Food Market,2732 Baker Blvd.,Eugene,OR,97403,USA,20 bags x 4 pieces,22,80,30,0,GREAL,Great Lakes Food Market,Howard Snyder,Marketing Manager,2732 Baker Blvd.,Eugene,OR,97403,USA,(503) 555-7555,3,Janet Leverling,Sales Representative,4-1-1992,Kirkland,USA,3,Federal Shipping,(503) 555-9931,12,Plutzer Lebensmittelgro m rkte AG,Martin Bein,Germany
10682,33,Geitost,Dairy Products,Cheeses,2.5,2.5,30,0,75.0,9-25-1997,10-23-1997,10-1-1997,36.13,Antonio Moreno Taquer a,Mataderos  2312,M xico D.F.,,05023,Mexico,500 g,112,0,20,0,ANTON,Antonio Moreno Taquer a,Antonio Moreno,Owner,Mataderos  2312,M xico D.F.,,05023,Mexico,(5) 555-3932,3,Janet Leverling,Sales Representative,4-1-1992,Kirkland,USA,2,United Package,(503) 555-3199,15,Norske Meierier,Beate Vileid,Norway
10682,66,Louisiana Hot Spiced Okra,Condiments,"Sweet and savory sauces, relishes, spreads, and seasonings",17,17,4,0,68.0,9-25-1997,10-23-1997,10-1-1997,36.13,Antonio Moreno Taquer a,Mataderos  2312,M xico D.F.,,05023,Mexico,24 - 8 oz jars,4,100,20,0,ANTON,Antonio Moreno Taquer a,Antonio Moreno,Owner,Mataderos  2312,M xico D.F.,,05023,Mexico,(5) 555-3932,3,Janet Leverling,Sales Representative,4-1-1992,Kirkland,USA,2,United Package,(503) 555-3199,2,New Orleans Cajun Delights,Shelley Burke,USA
10682,75,Rh nbr u Klosterbier,Beverages,"Soft drinks, coffees, teas, beers, and ales",7.75,7.75,30,0,232.5,9-25-1997,10-23-1997,10-1-1997,36.13,Antonio Moreno Taquer a,Mataderos  2312,M xico D.F.,,05023,Mexico,24 - 0.5 l bottles,125,0,25,0,ANTON,Antonio Moreno Taquer a,Antonio Moreno,Owner,Mataderos  2312,M xico D.F.,,05023,Mexico,(5) 555-3932,3,Janet Leverling,Sales Representative,4-1-1992,Kirkland,USA,2,United Package,(503) 555-3199,12,Plutzer Lebensmittelgro m rkte AG,Martin Bein,Germany
10683,52,Filo Mix,Grains/Cereals,"Breads, crackers, pasta, and cereal",7,7,9,0,63.0,9-26-1997,10-24-1997,10-1-1997,4.4,Du monde entier,"67, rue des Cinquante Otages",Nantes,,44000,France,16 - 2 kg boxes,38,0,25,0,DUMON,Du monde entier,Janine Labrune,Owner,"67, rue des Cinquante Otages",Nantes,,44000,France,40.67.88.88,2,Andrew Fuller,"Vice President, Sales",8-14-1992,Tacoma,USA,1,Speedy Express,(503) 555-9831,24,"G'day, Mate",Wendy Mackenzie,Australia
10684,40,Boston Crab Meat,Seafood,Seaweed and fish,18.4,18.4,20,0,368.0,9-26-1997,10-24-1997,9-30-1997,145.63,Ottilies K seladen,Mehrheimerstr. 369,K ln,,50739,Germany,24 - 4 oz tins,123,0,30,0,OTTIK,Ottilies K seladen,Henriette Pfalzheim,Owner,Mehrheimerstr. 369,K ln,,50739,Germany,0221-0644327,3,Janet Leverling,Sales Representative,4-1-1992,Kirkland,USA,1,Speedy Express,(503) 555-9831,19,New England Seafood Cannery,Robb Merchant,USA
10684,47,Zaanse koeken,Confections,"Desserts, candies, and sweet breads",9.5,9.5,40,0,380.0,9-26-1997,10-24-1997,9-30-1997,145.63,Ottilies K seladen,Mehrheimerstr. 369,K ln,,50739,Germany,10 - 4 oz boxes,36,0,0,0,OTTIK,Ottilies K seladen,Henriette Pfalzheim,Owner,Mehrheimerstr. 369,K ln,,50739,Germany,0221-0644327,3,Janet Leverling,Sales Representative,4-1-1992,Kirkland,USA,1,Speedy Express,(503) 555-9831,22,Zaanse Snoepfabriek,Dirk Luchte,Netherlands
10684,60,Camembert Pierrot,Dairy Products,Cheeses,34,34,30,0,1020.0,9-26-1997,10-24-1997,9-30-1997,145.63,Ottilies K seladen,Mehrheimerstr. 369,K ln,,50739,Germany,15 - 300 g rounds,19,0,0,0,OTTIK,Ottilies K seladen,Henriette Pfalzheim,Owner,Mehrheimerstr. 369,K ln,,50739,Germany,0221-0644327,3,Janet Leverling,Sales Representative,4-1-1992,Kirkland,USA,1,Speedy Express,(503) 555-9831,28,Gai p turage,Eliane Noz,France
10685,10,Ikura,Seafood,Seaweed and fish,31,31,20,0,620.0,9-29-1997,10-13-1997,10-3-1997,33.75,Gourmet Lanchonetes,"Av. Brasil, 442",Campinas,SP,04876-786,Brazil,12 - 200 ml jars,31,0,0,0,GOURL,Gourmet Lanchonetes,Andr  Fonseca,Sales Associate,"Av. Brasil, 442",Campinas,SP,04876-786,Brazil,(11) 555-9482,4,Margaret Peacock,Sales Representative,5-3-1993,Redmond,USA,2,United Package,(503) 555-3199,4,Tokyo Traders,Yoshi Nagase,Japan
10685,41,Jack's New England Clam Chowder,Seafood,Seaweed and fish,9.65,9.65,4,0,38.6,9-29-1997,10-13-1997,10-3-1997,33.75,Gourmet Lanchonetes,"Av. Brasil, 442",Campinas,SP,04876-786,Brazil,12 - 12 oz cans,85,0,10,0,GOURL,Gourmet Lanchonetes,Andr  Fonseca,Sales Associate,"Av. Brasil, 442",Campinas,SP,04876-786,Brazil,(11) 555-9482,4,Margaret Peacock,Sales Representative,5-3-1993,Redmond,USA,2,United Package,(503) 555-3199,19,New England Seafood Cannery,Robb Merchant,USA
10685,47,Zaanse koeken,Confections,"Desserts, candies, and sweet breads",9.5,9.5,15,0,142.5,9-29-1997,10-13-1997,10-3-1997,33.75,Gourmet Lanchonetes,"Av. Brasil, 442",Campinas,SP,04876-786,Brazil,10 - 4 oz boxes,36,0,0,0,GOURL,Gourmet Lanchonetes,Andr  Fonseca,Sales Associate,"Av. Brasil, 442",Campinas,SP,04876-786,Brazil,(11) 555-9482,4,Margaret Peacock,Sales Representative,5-3-1993,Redmond,USA,2,United Package,(503) 555-3199,22,Zaanse Snoepfabriek,Dirk Luchte,Netherlands
10686,17,Alice Mutton,Meat/Poultry,Prepared meats,39,39,30,0.2,936.0,9-30-1997,10-28-1997,10-8-1997,96.5,Piccolo und mehr,Geislweg 14,Salzburg,,5020,Austria,20 - 1 kg tins,0,0,0,1,PICCO,Piccolo und mehr,Georg Pipps,Sales Manager,Geislweg 14,Salzburg,,5020,Austria,6562-9722,2,Andrew Fuller,"Vice President, Sales",8-14-1992,Tacoma,USA,1,Speedy Express,(503) 555-9831,7,"Pavlova, Ltd.",Ian Devling,Australia
10686,26,Gumb r Gummib rchen,Confections,"Desserts, candies, and sweet breads",31.23,31.23,15,0,468.45,9-30-1997,10-28-1997,10-8-1997,96.5,Piccolo und mehr,Geislweg 14,Salzburg,,5020,Austria,100 - 250 g bags,15,0,0,0,PICCO,Piccolo und mehr,Georg Pipps,Sales Manager,Geislweg 14,Salzburg,,5020,Austria,6562-9722,2,Andrew Fuller,"Vice President, Sales",8-14-1992,Tacoma,USA,1,Speedy Express,(503) 555-9831,11,Heli S  waren GmbH & Co. KG,Petra Winkler,Germany
10687,9,Mishi Kobe Niku,Meat/Poultry,Prepared meats,97,97,50,0.25,3637.5,9-30-1997,10-28-1997,10-30-1997,296.43,Hungry Owl All-Night Grocers,8 Johnstown Road,Cork,Co. Cork,,Ireland,18 - 500 g pkgs.,29,0,0,1,HUNGO,Hungry Owl All-Night Grocers,Patricia McKenna,Sales Associate,8 Johnstown Road,Cork,Co. Cork,,Ireland,2967 542,9,Anne Dodsworth,Sales Representative,11-15-1994,London,UK,2,United Package,(503) 555-3199,4,Tokyo Traders,Yoshi Nagase,Japan
10687,29,Th ringer Rostbratwurst,Meat/Poultry,Prepared meats,123.79,123.79,10,0,1237.9,9-30-1997,10-28-1997,10-30-1997,296.43,Hungry Owl All-Night Grocers,8 Johnstown Road,Cork,Co. Cork,,Ireland,50 bags x 30 sausgs.,0,0,0,1,HUNGO,Hungry Owl All-Night Grocers,Patricia McKenna,Sales Associate,8 Johnstown Road,Cork,Co. Cork,,Ireland,2967 542,9,Anne Dodsworth,Sales Representative,11-15-1994,London,UK,2,United Package,(503) 555-3199,12,Plutzer Lebensmittelgro m rkte AG,Martin Bein,Germany
10687,36,Inlagd Sill,Seafood,Seaweed and fish,19,19,6,0.25,85.5,9-30-1997,10-28-1997,10-30-1997,296.43,Hungry Owl All-Night Grocers,8 Johnstown Road,Cork,Co. Cork,,Ireland,24 - 250 g  jars,112,0,20,0,HUNGO,Hungry Owl All-Night Grocers,Patricia McKenna,Sales Associate,8 Johnstown Road,Cork,Co. Cork,,Ireland,2967 542,9,Anne Dodsworth,Sales Representative,11-15-1994,London,UK,2,United Package,(503) 555-3199,17,Svensk Sj f da AB,Michael Bj rn,Sweden
10688,10,Ikura,Seafood,Seaweed and fish,31,31,18,0.1,502.2,10-1-1997,10-15-1997,10-7-1997,299.09,Vaffeljernet,Smagsloget 45,rhus,,8200,Denmark,12 - 200 ml jars,31,0,0,0,VAFFE,Vaffeljernet,Palle Ibsen,Sales Manager,Smagsloget 45,rhus,,8200,Denmark,86 21 32 43,4,Margaret Peacock,Sales Representative,5-3-1993,Redmond,USA,2,United Package,(503) 555-3199,4,Tokyo Traders,Yoshi Nagase,Japan
10688,28,R ssle Sauerkraut,Produce,Dried fruit and bean curd,45.6,45.6,60,0.1,2462.4,10-1-1997,10-15-1997,10-7-1997,299.09,Vaffeljernet,Smagsloget 45,rhus,,8200,Denmark,25 - 825 g cans,26,0,0,1,VAFFE,Vaffeljernet,Palle Ibsen,Sales Manager,Smagsloget 45,rhus,,8200,Denmark,86 21 32 43,4,Margaret Peacock,Sales Representative,5-3-1993,Redmond,USA,2,United Package,(503) 555-3199,12,Plutzer Lebensmittelgro m rkte AG,Martin Bein,Germany
10688,34,Sasquatch Ale,Beverages,"Soft drinks, coffees, teas, beers, and ales",14,14,14,0,196.0,10-1-1997,10-15-1997,10-7-1997,299.09,Vaffeljernet,Smagsloget 45,rhus,,8200,Denmark,24 - 12 oz bottles,111,0,15,0,VAFFE,Vaffeljernet,Palle Ibsen,Sales Manager,Smagsloget 45,rhus,,8200,Denmark,86 21 32 43,4,Margaret Peacock,Sales Representative,5-3-1993,Redmond,USA,2,United Package,(503) 555-3199,16,Bigfoot Breweries,Cheryl Saylor,USA
10689,1,Chai,Beverages,"Soft drinks, coffees, teas, beers, and ales",18,18,35,0.25,472.5,10-1-1997,10-29-1997,10-7-1997,13.42,Berglunds snabbk p,Berguvsv gen  8,Lule,,S-958 22,Sweden,10 boxes x 30 bags,39,0,10,1,BERGS,Berglunds snabbk p,Christina Berglund,Order Administrator,Berguvsv gen  8,Lule,,S-958 22,Sweden,0921-12 34 65,1,Nancy Davolio,Sales Representative,5-1-1992,Seattle,USA,2,United Package,(503) 555-3199,8,"Specialty Biscuits, Ltd.",Peter Wilson,UK
10690,56,Gnocchi di nonna Alice,Grains/Cereals,"Breads, crackers, pasta, and cereal",38,38,20,0.25,570.0,10-2-1997,10-30-1997,10-3-1997,15.8,Hanari Carnes,"Rua do Pa o, 67",Rio de Janeiro,RJ,05454-876,Brazil,24 - 250 g pkgs.,21,10,30,0,HANAR,Hanari Carnes,Mario Pontes,Accounting Manager,"Rua do Pa o, 67",Rio de Janeiro,RJ,05454-876,Brazil,(21) 555-0091,1,Nancy Davolio,Sales Representative,5-1-1992,Seattle,USA,1,Speedy Express,(503) 555-9831,26,Pasta Buttini s.r.l.,Giovanni Giudici,Italy
10690,77,Original Frankfurter gr ne So e,Condiments,"Sweet and savory sauces, relishes, spreads, and seasonings",13,13,30,0.25,292.5,10-2-1997,10-30-1997,10-3-1997,15.8,Hanari Carnes,"Rua do Pa o, 67",Rio de Janeiro,RJ,05454-876,Brazil,12 boxes,32,0,15,0,HANAR,Hanari Carnes,Mario Pontes,Accounting Manager,"Rua do Pa o, 67",Rio de Janeiro,RJ,05454-876,Brazil,(21) 555-0091,1,Nancy Davolio,Sales Representative,5-1-1992,Seattle,USA,1,Speedy Express,(503) 555-9831,12,Plutzer Lebensmittelgro m rkte AG,Martin Bein,Germany
10691,1,Chai,Beverages,"Soft drinks, coffees, teas, beers, and ales",18,18,30,0,540.0,10-3-1997,11-14-1997,10-22-1997,810.05,QUICK-Stop,Taucherstra e 10,Cunewalde,,01307,Germany,10 boxes x 30 bags,39,0,10,1,QUICK,QUICK-Stop,Horst Kloss,Accounting Manager,Taucherstra e 10,Cunewalde,,01307,Germany,0372-035188,2,Andrew Fuller,"Vice President, Sales",8-14-1992,Tacoma,USA,2,United Package,(503) 555-3199,8,"Specialty Biscuits, Ltd.",Peter Wilson,UK
10691,29,Th ringer Rostbratwurst,Meat/Poultry,Prepared meats,123.79,123.79,40,0,4951.6,10-3-1997,11-14-1997,10-22-1997,810.05,QUICK-Stop,Taucherstra e 10,Cunewalde,,01307,Germany,50 bags x 30 sausgs.,0,0,0,1,QUICK,QUICK-Stop,Horst Kloss,Accounting Manager,Taucherstra e 10,Cunewalde,,01307,Germany,0372-035188,2,Andrew Fuller,"Vice President, Sales",8-14-1992,Tacoma,USA,2,United Package,(503) 555-3199,12,Plutzer Lebensmittelgro m rkte AG,Martin Bein,Germany
10691,43,Ipoh Coffee,Beverages,"Soft drinks, coffees, teas, beers, and ales",46,46,40,0,1840.0,10-3-1997,11-14-1997,10-22-1997,810.05,QUICK-Stop,Taucherstra e 10,Cunewalde,,01307,Germany,16 - 500 g tins,17,10,25,0,QUICK,QUICK-Stop,Horst Kloss,Accounting Manager,Taucherstra e 10,Cunewalde,,01307,Germany,0372-035188,2,Andrew Fuller,"Vice President, Sales",8-14-1992,Tacoma,USA,2,United Package,(503) 555-3199,20,Leka Trading,Chandra Leka,Singapore
10691,44,Gula Malacca,Condiments,"Sweet and savory sauces, relishes, spreads, and seasonings",19.45,19.45,24,0,466.8,10-3-1997,11-14-1997,10-22-1997,810.05,QUICK-Stop,Taucherstra e 10,Cunewalde,,01307,Germany,20 - 2 kg bags,27,0,15,0,QUICK,QUICK-Stop,Horst Kloss,Accounting Manager,Taucherstra e 10,Cunewalde,,01307,Germany,0372-035188,2,Andrew Fuller,"Vice President, Sales",8-14-1992,Tacoma,USA,2,United Package,(503) 555-3199,20,Leka Trading,Chandra Leka,Singapore
10691,62,Tarte au sucre,Confections,"Desserts, candies, and sweet breads",49.3,49.3,48,0,2366.4,10-3-1997,11-14-1997,10-22-1997,810.05,QUICK-Stop,Taucherstra e 10,Cunewalde,,01307,Germany,48 pies,17,0,0,0,QUICK,QUICK-Stop,Horst Kloss,Accounting Manager,Taucherstra e 10,Cunewalde,,01307,Germany,0372-035188,2,Andrew Fuller,"Vice President, Sales",8-14-1992,Tacoma,USA,2,United Package,(503) 555-3199,29,For ts d' rables,Chantal Goulet,Canada
10692,63,Vegie-spread,Condiments,"Sweet and savory sauces, relishes, spreads, and seasonings",43.9,43.9,20,0,878.0,10-3-1997,10-31-1997,10-13-1997,61.02,Alfred's Futterkiste,Obere Str. 57,Berlin,,12209,Germany,15 - 625 g jars,24,0,5,0,ALFKI,Alfreds Futterkiste,Maria Anders,Sales Representative,Obere Str. 57,Berlin,,12209,Germany,030-0074321,4,Margaret Peacock,Sales Representative,5-3-1993,Redmond,USA,2,United Package,(503) 555-3199,7,"Pavlova, Ltd.",Ian Devling,Australia
10693,9,Mishi Kobe Niku,Meat/Poultry,Prepared meats,97,97,6,0,582.0,10-6-1997,10-20-1997,10-10-1997,139.34,White Clover Markets,1029 - 12th Ave. S.,Seattle,WA,98124,USA,18 - 500 g pkgs.,29,0,0,1,WHITC,White Clover Markets,Karl Jablonski,Owner,305 - 14th Ave. S. Suite 3B,Seattle,WA,98128,USA,(206) 555-4112,3,Janet Leverling,Sales Representative,4-1-1992,Kirkland,USA,3,Federal Shipping,(503) 555-9931,4,Tokyo Traders,Yoshi Nagase,Japan
10693,54,Tourti re,Meat/Poultry,Prepared meats,7.45,7.45,60,0.15,379.95,10-6-1997,10-20-1997,10-10-1997,139.34,White Clover Markets,1029 - 12th Ave. S.,Seattle,WA,98124,USA,16 pies,21,0,10,0,WHITC,White Clover Markets,Karl Jablonski,Owner,305 - 14th Ave. S. Suite 3B,Seattle,WA,98128,USA,(206) 555-4112,3,Janet Leverling,Sales Representative,4-1-1992,Kirkland,USA,3,Federal Shipping,(503) 555-9931,25,Ma Maison,Jean-Guy Lauzon,Canada
10693,69,Gudbrandsdalsost,Dairy Products,Cheeses,36,36,30,0.15,918.0,10-6-1997,10-20-1997,10-10-1997,139.34,White Clover Markets,1029 - 12th Ave. S.,Seattle,WA,98124,USA,10 kg pkg.,26,0,15,0,WHITC,White Clover Markets,Karl Jablonski,Owner,305 - 14th Ave. S. Suite 3B,Seattle,WA,98128,USA,(206) 555-4112,3,Janet Leverling,Sales Representative,4-1-1992,Kirkland,USA,3,Federal Shipping,(503) 555-9931,15,Norske Meierier,Beate Vileid,Norway
10693,73,R d Kaviar,Seafood,Seaweed and fish,15,15,15,0.15,191.25,10-6-1997,10-20-1997,10-10-1997,139.34,White Clover Markets,1029 - 12th Ave. S.,Seattle,WA,98124,USA,24 - 150 g jars,101,0,5,0,WHITC,White Clover Markets,Karl Jablonski,Owner,305 - 14th Ave. S. Suite 3B,Seattle,WA,98128,USA,(206) 555-4112,3,Janet Leverling,Sales Representative,4-1-1992,Kirkland,USA,3,Federal Shipping,(503) 555-9931,17,Svensk Sj f da AB,Michael Bj rn,Sweden
10694,7,Uncle Bob's Organic Dried Pears,Produce,Dried fruit and bean curd,30,30,90,0,2700.0,10-6-1997,11-3-1997,10-9-1997,398.36,QUICK-Stop,Taucherstra e 10,Cunewalde,,01307,Germany,12 - 1 lb pkgs.,15,0,10,0,QUICK,QUICK-Stop,Horst Kloss,Accounting Manager,Taucherstra e 10,Cunewalde,,01307,Germany,0372-035188,8,Laura Callahan,Inside Sales Coordinator,3-5-1994,Seattle,USA,3,Federal Shipping,(503) 555-9931,3,Grandma Kelly's Homestead,Regina Murphy,USA
10694,59,Raclette Courdavault,Dairy Products,Cheeses,55,55,25,0,1375.0,10-6-1997,11-3-1997,10-9-1997,398.36,QUICK-Stop,Taucherstra e 10,Cunewalde,,01307,Germany,5 kg pkg.,79,0,0,0,QUICK,QUICK-Stop,Horst Kloss,Accounting Manager,Taucherstra e 10,Cunewalde,,01307,Germany,0372-035188,8,Laura Callahan,Inside Sales Coordinator,3-5-1994,Seattle,USA,3,Federal Shipping,(503) 555-9931,28,Gai p turage,Eliane Noz,France
10694,70,Outback Lager,Beverages,"Soft drinks, coffees, teas, beers, and ales",15,15,50,0,750.0,10-6-1997,11-3-1997,10-9-1997,398.36,QUICK-Stop,Taucherstra e 10,Cunewalde,,01307,Germany,24 - 355 ml bottles,15,10,30,0,QUICK,QUICK-Stop,Horst Kloss,Accounting Manager,Taucherstra e 10,Cunewalde,,01307,Germany,0372-035188,8,Laura Callahan,Inside Sales Coordinator,3-5-1994,Seattle,USA,3,Federal Shipping,(503) 555-9931,7,"Pavlova, Ltd.",Ian Devling,Australia
10695,8,Northwoods Cranberry Sauce,Condiments,"Sweet and savory sauces, relishes, spreads, and seasonings",40,40,10,0,400.0,10-7-1997,11-18-1997,10-14-1997,16.72,Wilman Kala,Keskuskatu 45,Helsinki,,21240,Finland,12 - 12 oz jars,6,0,0,0,WILMK,Wilman Kala,Matti Karttunen,Owner/Marketing Assistant,Keskuskatu 45,Helsinki,,21240,Finland,90-224 8858,7,Robert King,Sales Representative,1-2-1994,London,UK,1,Speedy Express,(503) 555-9831,3,Grandma Kelly's Homestead,Regina Murphy,USA
10695,12,Queso Manchego La Pastora,Dairy Products,Cheeses,38,38,4,0,152.0,10-7-1997,11-18-1997,10-14-1997,16.72,Wilman Kala,Keskuskatu 45,Helsinki,,21240,Finland,10 - 500 g pkgs.,86,0,0,0,WILMK,Wilman Kala,Matti Karttunen,Owner/Marketing Assistant,Keskuskatu 45,Helsinki,,21240,Finland,90-224 8858,7,Robert King,Sales Representative,1-2-1994,London,UK,1,Speedy Express,(503) 555-9831,5,Cooperativa de Quesos 'Las Cabras',Antonio del Valle Saavedra,Spain
10695,24,Guaran  Fant stica,Beverages,"Soft drinks, coffees, teas, beers, and ales",4.5,4.5,20,0,90.0,10-7-1997,11-18-1997,10-14-1997,16.72,Wilman Kala,Keskuskatu 45,Helsinki,,21240,Finland,12 - 355 ml cans,20,0,0,1,WILMK,Wilman Kala,Matti Karttunen,Owner/Marketing Assistant,Keskuskatu 45,Helsinki,,21240,Finland,90-224 8858,7,Robert King,Sales Representative,1-2-1994,London,UK,1,Speedy Express,(503) 555-9831,10,Refrescos Americanas LTDA,Carlos Diaz,Brazil
10696,17,Alice Mutton,Meat/Poultry,Prepared meats,39,39,20,0,780.0,10-8-1997,11-19-1997,10-14-1997,102.55,White Clover Markets,1029 - 12th Ave. S.,Seattle,WA,98124,USA,20 - 1 kg tins,0,0,0,1,WHITC,White Clover Markets,Karl Jablonski,Owner,305 - 14th Ave. S. Suite 3B,Seattle,WA,98128,USA,(206) 555-4112,8,Laura Callahan,Inside Sales Coordinator,3-5-1994,Seattle,USA,3,Federal Shipping,(503) 555-9931,7,"Pavlova, Ltd.",Ian Devling,Australia
10696,46,Spegesild,Seafood,Seaweed and fish,12,12,18,0,216.0,10-8-1997,11-19-1997,10-14-1997,102.55,White Clover Markets,1029 - 12th Ave. S.,Seattle,WA,98124,USA,4 - 450 g glasses,95,0,0,0,WHITC,White Clover Markets,Karl Jablonski,Owner,305 - 14th Ave. S. Suite 3B,Seattle,WA,98128,USA,(206) 555-4112,8,Laura Callahan,Inside Sales Coordinator,3-5-1994,Seattle,USA,3,Federal Shipping,(503) 555-9931,21,Lyngbysild,Niels Petersen,Denmark
10697,19,Teatime Chocolate Biscuits,Confections,"Desserts, candies, and sweet breads",9.2,9.2,7,0.25,48.3,10-8-1997,11-5-1997,10-14-1997,45.52,LINO-Delicateses,Ave. 5 de Mayo Porlamar,I. de Margarita,Nueva Esparta,4980,Venezuela,10 boxes x 12 pieces,25,0,5,0,LINOD,LINO-Delicateses,Felipe Izquierdo,Owner,Ave. 5 de Mayo Porlamar,I. de Margarita,Nueva Esparta,4980,Venezuela,(8) 34-56-12,3,Janet Leverling,Sales Representative,4-1-1992,Kirkland,USA,1,Speedy Express,(503) 555-9831,8,"Specialty Biscuits, Ltd.",Peter Wilson,UK
10697,35,Steeleye Stout,Beverages,"Soft drinks, coffees, teas, beers, and ales",18,18,9,0.25,121.5,10-8-1997,11-5-1997,10-14-1997,45.52,LINO-Delicateses,Ave. 5 de Mayo Porlamar,I. de Margarita,Nueva Esparta,4980,Venezuela,24 - 12 oz bottles,20,0,15,0,LINOD,LINO-Delicateses,Felipe Izquierdo,Owner,Ave. 5 de Mayo Porlamar,I. de Margarita,Nueva Esparta,4980,Venezuela,(8) 34-56-12,3,Janet Leverling,Sales Representative,4-1-1992,Kirkland,USA,1,Speedy Express,(503) 555-9831,16,Bigfoot Breweries,Cheryl Saylor,USA
10697,58,Escargots de Bourgogne,Seafood,Seaweed and fish,13.25,13.25,30,0.25,298.12,10-8-1997,11-5-1997,10-14-1997,45.52,LINO-Delicateses,Ave. 5 de Mayo Porlamar,I. de Margarita,Nueva Esparta,4980,Venezuela,24 pieces,62,0,20,0,LINOD,LINO-Delicateses,Felipe Izquierdo,Owner,Ave. 5 de Mayo Porlamar,I. de Margarita,Nueva Esparta,4980,Venezuela,(8) 34-56-12,3,Janet Leverling,Sales Representative,4-1-1992,Kirkland,USA,1,Speedy Express,(503) 555-9831,27,Escargots Nouveaux,Marie Delamare,France
10697,70,Outback Lager,Beverages,"Soft drinks, coffees, teas, beers, and ales",15,15,30,0.25,337.5,10-8-1997,11-5-1997,10-14-1997,45.52,LINO-Delicateses,Ave. 5 de Mayo Porlamar,I. de Margarita,Nueva Esparta,4980,Venezuela,24 - 355 ml bottles,15,10,30,0,LINOD,LINO-Delicateses,Felipe Izquierdo,Owner,Ave. 5 de Mayo Porlamar,I. de Margarita,Nueva Esparta,4980,Venezuela,(8) 34-56-12,3,Janet Leverling,Sales Representative,4-1-1992,Kirkland,USA,1,Speedy Express,(503) 555-9831,7,"Pavlova, Ltd.",Ian Devling,Australia
10698,11,Queso Cabrales,Dairy Products,Cheeses,21,21,15,0,315.0,10-9-1997,11-6-1997,10-17-1997,272.47,Ernst Handel,Kirchgasse 6,Graz,,8010,Austria,1 kg pkg.,22,30,30,0,ERNSH,Ernst Handel,Roland Mendel,Sales Manager,Kirchgasse 6,Graz,,8010,Austria,7675-3425,4,Margaret Peacock,Sales Representative,5-3-1993,Redmond,USA,1,Speedy Express,(503) 555-9831,5,Cooperativa de Quesos 'Las Cabras',Antonio del Valle Saavedra,Spain
10698,17,Alice Mutton,Meat/Poultry,Prepared meats,39,39,8,0.05,296.4,10-9-1997,11-6-1997,10-17-1997,272.47,Ernst Handel,Kirchgasse 6,Graz,,8010,Austria,20 - 1 kg tins,0,0,0,1,ERNSH,Ernst Handel,Roland Mendel,Sales Manager,Kirchgasse 6,Graz,,8010,Austria,7675-3425,4,Margaret Peacock,Sales Representative,5-3-1993,Redmond,USA,1,Speedy Express,(503) 555-9831,7,"Pavlova, Ltd.",Ian Devling,Australia
10698,29,Th ringer Rostbratwurst,Meat/Poultry,Prepared meats,123.79,123.79,12,0.05,1411.21,10-9-1997,11-6-1997,10-17-1997,272.47,Ernst Handel,Kirchgasse 6,Graz,,8010,Austria,50 bags x 30 sausgs.,0,0,0,1,ERNSH,Ernst Handel,Roland Mendel,Sales Manager,Kirchgasse 6,Graz,,8010,Austria,7675-3425,4,Margaret Peacock,Sales Representative,5-3-1993,Redmond,USA,1,Speedy Express,(503) 555-9831,12,Plutzer Lebensmittelgro m rkte AG,Martin Bein,Germany
10698,65,Louisiana Fiery Hot Pepper Sauce,Condiments,"Sweet and savory sauces, relishes, spreads, and seasonings",21.05,21.05,65,0.05,1299.84,10-9-1997,11-6-1997,10-17-1997,272.47,Ernst Handel,Kirchgasse 6,Graz,,8010,Austria,32 - 8 oz bottles,76,0,0,0,ERNSH,Ernst Handel,Roland Mendel,Sales Manager,Kirchgasse 6,Graz,,8010,Austria,7675-3425,4,Margaret Peacock,Sales Representative,5-3-1993,Redmond,USA,1,Speedy Express,(503) 555-9831,2,New Orleans Cajun Delights,Shelley Burke,USA
10698,70,Outback Lager,Beverages,"Soft drinks, coffees, teas, beers, and ales",15,15,8,0.05,114.0,10-9-1997,11-6-1997,10-17-1997,272.47,Ernst Handel,Kirchgasse 6,Graz,,8010,Austria,24 - 355 ml bottles,15,10,30,0,ERNSH,Ernst Handel,Roland Mendel,Sales Manager,Kirchgasse 6,Graz,,8010,Austria,7675-3425,4,Margaret Peacock,Sales Representative,5-3-1993,Redmond,USA,1,Speedy Express,(503) 555-9831,7,"Pavlova, Ltd.",Ian Devling,Australia
10699,47,Zaanse koeken,Confections,"Desserts, candies, and sweet breads",9.5,9.5,12,0,114.0,10-9-1997,11-6-1997,10-13-1997,0.58,Morgenstern Gesundkost,Heerstr. 22,Leipzig,,04179,Germany,10 - 4 oz boxes,36,0,0,0,MORGK,Morgenstern Gesundkost,Alexander Feuer,Marketing Assistant,Heerstr. 22,Leipzig,,04179,Germany,0342-023176,3,Janet Leverling,Sales Representative,4-1-1992,Kirkland,USA,3,Federal Shipping,(503) 555-9931,22,Zaanse Snoepfabriek,Dirk Luchte,Netherlands
10700,1,Chai,Beverages,"Soft drinks, coffees, teas, beers, and ales",18,18,5,0.2,72.0,10-10-1997,11-7-1997,10-16-1997,65.1,Save-a-lot Markets,187 Suffolk Ln.,Boise,ID,83720,USA,10 boxes x 30 bags,39,0,10,1,SAVEA,Save-a-lot Markets,Jose Pavarotti,Sales Representative,187 Suffolk Ln.,Boise,ID,83720,USA,(208) 555-8097,3,Janet Leverling,Sales Representative,4-1-1992,Kirkland,USA,1,Speedy Express,(503) 555-9831,8,"Specialty Biscuits, Ltd.",Peter Wilson,UK
10700,34,Sasquatch Ale,Beverages,"Soft drinks, coffees, teas, beers, and ales",14,14,12,0.2,134.4,10-10-1997,11-7-1997,10-16-1997,65.1,Save-a-lot Markets,187 Suffolk Ln.,Boise,ID,83720,USA,24 - 12 oz bottles,111,0,15,0,SAVEA,Save-a-lot Markets,Jose Pavarotti,Sales Representative,187 Suffolk Ln.,Boise,ID,83720,USA,(208) 555-8097,3,Janet Leverling,Sales Representative,4-1-1992,Kirkland,USA,1,Speedy Express,(503) 555-9831,16,Bigfoot Breweries,Cheryl Saylor,USA
10700,68,Scottish Longbreads,Confections,"Desserts, candies, and sweet breads",12.5,12.5,40,0.2,400.0,10-10-1997,11-7-1997,10-16-1997,65.1,Save-a-lot Markets,187 Suffolk Ln.,Boise,ID,83720,USA,10 boxes x 8 pieces,6,10,15,0,SAVEA,Save-a-lot Markets,Jose Pavarotti,Sales Representative,187 Suffolk Ln.,Boise,ID,83720,USA,(208) 555-8097,3,Janet Leverling,Sales Representative,4-1-1992,Kirkland,USA,1,Speedy Express,(503) 555-9831,8,"Specialty Biscuits, Ltd.",Peter Wilson,UK
10700,71,Flotemysost,Dairy Products,Cheeses,21.5,21.5,60,0.2,1032.0,10-10-1997,11-7-1997,10-16-1997,65.1,Save-a-lot Markets,187 Suffolk Ln.,Boise,ID,83720,USA,10 - 500 g pkgs.,26,0,0,0,SAVEA,Save-a-lot Markets,Jose Pavarotti,Sales Representative,187 Suffolk Ln.,Boise,ID,83720,USA,(208) 555-8097,3,Janet Leverling,Sales Representative,4-1-1992,Kirkland,USA,1,Speedy Express,(503) 555-9831,15,Norske Meierier,Beate Vileid,Norway
10701,59,Raclette Courdavault,Dairy Products,Cheeses,55,55,42,0.15,1963.5,10-13-1997,10-27-1997,10-15-1997,220.31,Hungry Owl All-Night Grocers,8 Johnstown Road,Cork,Co. Cork,,Ireland,5 kg pkg.,79,0,0,0,HUNGO,Hungry Owl All-Night Grocers,Patricia McKenna,Sales Associate,8 Johnstown Road,Cork,Co. Cork,,Ireland,2967 542,6,Michael Suyama,Sales Representative,10-17-1993,London,UK,3,Federal Shipping,(503) 555-9931,28,Gai p turage,Eliane Noz,France
10701,71,Flotemysost,Dairy Products,Cheeses,21.5,21.5,20,0.15,365.5,10-13-1997,10-27-1997,10-15-1997,220.31,Hungry Owl All-Night Grocers,8 Johnstown Road,Cork,Co. Cork,,Ireland,10 - 500 g pkgs.,26,0,0,0,HUNGO,Hungry Owl All-Night Grocers,Patricia McKenna,Sales Associate,8 Johnstown Road,Cork,Co. Cork,,Ireland,2967 542,6,Michael Suyama,Sales Representative,10-17-1993,London,UK,3,Federal Shipping,(503) 555-9931,15,Norske Meierier,Beate Vileid,Norway
10701,76,Lakkalik  ri,Beverages,"Soft drinks, coffees, teas, beers, and ales",18,18,35,0.15,535.5,10-13-1997,10-27-1997,10-15-1997,220.31,Hungry Owl All-Night Grocers,8 Johnstown Road,Cork,Co. Cork,,Ireland,500 ml,57,0,20,0,HUNGO,Hungry Owl All-Night Grocers,Patricia McKenna,Sales Associate,8 Johnstown Road,Cork,Co. Cork,,Ireland,2967 542,6,Michael Suyama,Sales Representative,10-17-1993,London,UK,3,Federal Shipping,(503) 555-9931,23,Karkki Oy,Anne Heikkonen,Finland
10702,3,Aniseed Syrup,Condiments,"Sweet and savory sauces, relishes, spreads, and seasonings",10,10,6,0,60.0,10-13-1997,11-24-1997,10-21-1997,23.94,Alfred's Futterkiste,Obere Str. 57,Berlin,,12209,Germany,12 - 550 ml bottles,13,70,25,0,ALFKI,Alfreds Futterkiste,Maria Anders,Sales Representative,Obere Str. 57,Berlin,,12209,Germany,030-0074321,4,Margaret Peacock,Sales Representative,5-3-1993,Redmond,USA,1,Speedy Express,(503) 555-9831,1,Exotic Liquids,Charlotte Cooper,UK
10702,76,Lakkalik  ri,Beverages,"Soft drinks, coffees, teas, beers, and ales",18,18,15,0,270.0,10-13-1997,11-24-1997,10-21-1997,23.94,Alfred's Futterkiste,Obere Str. 57,Berlin,,12209,Germany,500 ml,57,0,20,0,ALFKI,Alfreds Futterkiste,Maria Anders,Sales Representative,Obere Str. 57,Berlin,,12209,Germany,030-0074321,4,Margaret Peacock,Sales Representative,5-3-1993,Redmond,USA,1,Speedy Express,(503) 555-9831,23,Karkki Oy,Anne Heikkonen,Finland
10703,2,Chang,Beverages,"Soft drinks, coffees, teas, beers, and ales",19,19,5,0,95.0,10-14-1997,11-11-1997,10-20-1997,152.3,Folk och f  HB,kergatan 24,Br cke,,S-844 67,Sweden,24 - 12 oz bottles,17,40,25,1,FOLKO,Folk och f  HB,Maria Larsson,Owner,kergatan 24,Br cke,,S-844 67,Sweden,0695-34 67 21,6,Michael Suyama,Sales Representative,10-17-1993,London,UK,2,United Package,(503) 555-3199,1,Exotic Liquids,Charlotte Cooper,UK
10703,59,Raclette Courdavault,Dairy Products,Cheeses,55,55,35,0,1925.0,10-14-1997,11-11-1997,10-20-1997,152.3,Folk och f  HB,kergatan 24,Br cke,,S-844 67,Sweden,5 kg pkg.,79,0,0,0,FOLKO,Folk och f  HB,Maria Larsson,Owner,kergatan 24,Br cke,,S-844 67,Sweden,0695-34 67 21,6,Michael Suyama,Sales Representative,10-17-1993,London,UK,2,United Package,(503) 555-3199,28,Gai p turage,Eliane Noz,France
10703,73,R d Kaviar,Seafood,Seaweed and fish,15,15,35,0,525.0,10-14-1997,11-11-1997,10-20-1997,152.3,Folk och f  HB,kergatan 24,Br cke,,S-844 67,Sweden,24 - 150 g jars,101,0,5,0,FOLKO,Folk och f  HB,Maria Larsson,Owner,kergatan 24,Br cke,,S-844 67,Sweden,0695-34 67 21,6,Michael Suyama,Sales Representative,10-17-1993,London,UK,2,United Package,(503) 555-3199,17,Svensk Sj f da AB,Michael Bj rn,Sweden
10704,4,Chef Anton's Cajun Seasoning,Condiments,"Sweet and savory sauces, relishes, spreads, and seasonings",22,22,6,0,132.0,10-14-1997,11-11-1997,11-7-1997,4.78,Queen Cozinha,"Alameda dos Can rios, 891",Sao Paulo,SP,05487-020,Brazil,48 - 6 oz jars,53,0,0,0,QUEEN,Queen Cozinha,L cia Carvalho,Marketing Assistant,"Alameda dos Can rios, 891",Sao Paulo,SP,05487-020,Brazil,(11) 555-1189,6,Michael Suyama,Sales Representative,10-17-1993,London,UK,1,Speedy Express,(503) 555-9831,2,New Orleans Cajun Delights,Shelley Burke,USA
10704,24,Guaran  Fant stica,Beverages,"Soft drinks, coffees, teas, beers, and ales",4.5,4.5,35,0,157.5,10-14-1997,11-11-1997,11-7-1997,4.78,Queen Cozinha,"Alameda dos Can rios, 891",Sao Paulo,SP,05487-020,Brazil,12 - 355 ml cans,20,0,0,1,QUEEN,Queen Cozinha,L cia Carvalho,Marketing Assistant,"Alameda dos Can rios, 891",Sao Paulo,SP,05487-020,Brazil,(11) 555-1189,6,Michael Suyama,Sales Representative,10-17-1993,London,UK,1,Speedy Express,(503) 555-9831,10,Refrescos Americanas LTDA,Carlos Diaz,Brazil
10704,48,Chocolade,Confections,"Desserts, candies, and sweet breads",12.75,12.75,24,0,306.0,10-14-1997,11-11-1997,11-7-1997,4.78,Queen Cozinha,"Alameda dos Can rios, 891",Sao Paulo,SP,05487-020,Brazil,10 pkgs.,15,70,25,0,QUEEN,Queen Cozinha,L cia Carvalho,Marketing Assistant,"Alameda dos Can rios, 891",Sao Paulo,SP,05487-020,Brazil,(11) 555-1189,6,Michael Suyama,Sales Representative,10-17-1993,London,UK,1,Speedy Express,(503) 555-9831,22,Zaanse Snoepfabriek,Dirk Luchte,Netherlands
10705,31,Gorgonzola Telino,Dairy Products,Cheeses,12.5,12.5,20,0,250.0,10-15-1997,11-12-1997,11-18-1997,3.52,HILARION-Abastos,Carrera 22 con Ave. Carlos Soublette #8-35,San Crist bal,T chira,5022,Venezuela,12 - 100 g pkgs,0,70,20,0,HILAA,HILARION-Abastos,Carlos Hern ndez,Sales Representative,Carrera 22 con Ave. Carlos Soublette #8-35,San Crist bal,T chira,5022,Venezuela,(5) 555-1340,9,Anne Dodsworth,Sales Representative,11-15-1994,London,UK,2,United Package,(503) 555-3199,14,Formaggi Fortini s.r.l.,Elio Rossi,Italy
10705,32,Mascarpone Fabioli,Dairy Products,Cheeses,32,32,4,0,128.0,10-15-1997,11-12-1997,11-18-1997,3.52,HILARION-Abastos,Carrera 22 con Ave. Carlos Soublette #8-35,San Crist bal,T chira,5022,Venezuela,24 - 200 g pkgs.,9,40,25,0,HILAA,HILARION-Abastos,Carlos Hern ndez,Sales Representative,Carrera 22 con Ave. Carlos Soublette #8-35,San Crist bal,T chira,5022,Venezuela,(5) 555-1340,9,Anne Dodsworth,Sales Representative,11-15-1994,London,UK,2,United Package,(503) 555-3199,14,Formaggi Fortini s.r.l.,Elio Rossi,Italy
10706,16,Pavlova,Confections,"Desserts, candies, and sweet breads",17.45,17.45,20,0,349.0,10-16-1997,11-13-1997,10-21-1997,135.63,Old World Delicatessen,2743 Bering St.,Anchorage,AK,99508,USA,32 - 500 g boxes,29,0,10,0,OLDWO,Old World Delicatessen,Rene Phillips,Sales Representative,2743 Bering St.,Anchorage,AK,99508,USA,(907) 555-7584,8,Laura Callahan,Inside Sales Coordinator,3-5-1994,Seattle,USA,3,Federal Shipping,(503) 555-9931,7,"Pavlova, Ltd.",Ian Devling,Australia
10706,43,Ipoh Coffee,Beverages,"Soft drinks, coffees, teas, beers, and ales",46,46,24,0,1104.0,10-16-1997,11-13-1997,10-21-1997,135.63,Old World Delicatessen,2743 Bering St.,Anchorage,AK,99508,USA,16 - 500 g tins,17,10,25,0,OLDWO,Old World Delicatessen,Rene Phillips,Sales Representative,2743 Bering St.,Anchorage,AK,99508,USA,(907) 555-7584,8,Laura Callahan,Inside Sales Coordinator,3-5-1994,Seattle,USA,3,Federal Shipping,(503) 555-9931,20,Leka Trading,Chandra Leka,Singapore
10706,59,Raclette Courdavault,Dairy Products,Cheeses,55,55,8,0,440.0,10-16-1997,11-13-1997,10-21-1997,135.63,Old World Delicatessen,2743 Bering St.,Anchorage,AK,99508,USA,5 kg pkg.,79,0,0,0,OLDWO,Old World Delicatessen,Rene Phillips,Sales Representative,2743 Bering St.,Anchorage,AK,99508,USA,(907) 555-7584,8,Laura Callahan,Inside Sales Coordinator,3-5-1994,Seattle,USA,3,Federal Shipping,(503) 555-9931,28,Gai p turage,Eliane Noz,France
10707,55,P t  chinois,Meat/Poultry,Prepared meats,24,24,21,0,504.0,10-16-1997,10-30-1997,10-23-1997,21.74,Around the Horn,Brook Farm Stratford St. Mary,Colchester,Essex,CO7 6JX,UK,24 boxes x 2 pies,115,0,20,0,AROUT,Around the Horn,Thomas Hardy,Sales Representative,120 Hanover Sq.,London,,WA1 1DP,UK,(171) 555-7788,4,Margaret Peacock,Sales Representative,5-3-1993,Redmond,USA,3,Federal Shipping,(503) 555-9931,25,Ma Maison,Jean-Guy Lauzon,Canada
10707,57,Ravioli Angelo,Grains/Cereals,"Breads, crackers, pasta, and cereal",19.5,19.5,40,0,780.0,10-16-1997,10-30-1997,10-23-1997,21.74,Around the Horn,Brook Farm Stratford St. Mary,Colchester,Essex,CO7 6JX,UK,24 - 250 g pkgs.,36,0,20,0,AROUT,Around the Horn,Thomas Hardy,Sales Representative,120 Hanover Sq.,London,,WA1 1DP,UK,(171) 555-7788,4,Margaret Peacock,Sales Representative,5-3-1993,Redmond,USA,3,Federal Shipping,(503) 555-9931,26,Pasta Buttini s.r.l.,Giovanni Giudici,Italy
10707,70,Outback Lager,Beverages,"Soft drinks, coffees, teas, beers, and ales",15,15,28,0.15,357.0,10-16-1997,10-30-1997,10-23-1997,21.74,Around the Horn,Brook Farm Stratford St. Mary,Colchester,Essex,CO7 6JX,UK,24 - 355 ml bottles,15,10,30,0,AROUT,Around the Horn,Thomas Hardy,Sales Representative,120 Hanover Sq.,London,,WA1 1DP,UK,(171) 555-7788,4,Margaret Peacock,Sales Representative,5-3-1993,Redmond,USA,3,Federal Shipping,(503) 555-9931,7,"Pavlova, Ltd.",Ian Devling,Australia
10708,5,Chef Anton's Gumbo Mix,Condiments,"Sweet and savory sauces, relishes, spreads, and seasonings",21.35,21.35,4,0,85.4,10-17-1997,11-28-1997,11-5-1997,2.96,The Big Cheese,89 Jefferson Way Suite 2,Portland,OR,97201,USA,36 boxes,0,0,0,1,THEBI,The Big Cheese,Liz Nixon,Marketing Manager,89 Jefferson Way Suite 2,Portland,OR,97201,USA,(503) 555-3612,6,Michael Suyama,Sales Representative,10-17-1993,London,UK,2,United Package,(503) 555-3199,2,New Orleans Cajun Delights,Shelley Burke,USA
10708,36,Inlagd Sill,Seafood,Seaweed and fish,19,19,5,0,95.0,10-17-1997,11-28-1997,11-5-1997,2.96,The Big Cheese,89 Jefferson Way Suite 2,Portland,OR,97201,USA,24 - 250 g  jars,112,0,20,0,THEBI,The Big Cheese,Liz Nixon,Marketing Manager,89 Jefferson Way Suite 2,Portland,OR,97201,USA,(503) 555-3612,6,Michael Suyama,Sales Representative,10-17-1993,London,UK,2,United Package,(503) 555-3199,17,Svensk Sj f da AB,Michael Bj rn,Sweden
10709,8,Northwoods Cranberry Sauce,Condiments,"Sweet and savory sauces, relishes, spreads, and seasonings",40,40,40,0,1600.0,10-17-1997,11-14-1997,11-20-1997,210.8,Gourmet Lanchonetes,"Av. Brasil, 442",Campinas,SP,04876-786,Brazil,12 - 12 oz jars,6,0,0,0,GOURL,Gourmet Lanchonetes,Andr  Fonseca,Sales Associate,"Av. Brasil, 442",Campinas,SP,04876-786,Brazil,(11) 555-9482,1,Nancy Davolio,Sales Representative,5-1-1992,Seattle,USA,3,Federal Shipping,(503) 555-9931,3,Grandma Kelly's Homestead,Regina Murphy,USA
10709,51,Manjimup Dried Apples,Produce,Dried fruit and bean curd,53,53,28,0,1484.0,10-17-1997,11-14-1997,11-20-1997,210.8,Gourmet Lanchonetes,"Av. Brasil, 442",Campinas,SP,04876-786,Brazil,50 - 300 g pkgs.,20,0,10,0,GOURL,Gourmet Lanchonetes,Andr  Fonseca,Sales Associate,"Av. Brasil, 442",Campinas,SP,04876-786,Brazil,(11) 555-9482,1,Nancy Davolio,Sales Representative,5-1-1992,Seattle,USA,3,Federal Shipping,(503) 555-9931,24,"G'day, Mate",Wendy Mackenzie,Australia
10709,60,Camembert Pierrot,Dairy Products,Cheeses,34,34,10,0,340.0,10-17-1997,11-14-1997,11-20-1997,210.8,Gourmet Lanchonetes,"Av. Brasil, 442",Campinas,SP,04876-786,Brazil,15 - 300 g rounds,19,0,0,0,GOURL,Gourmet Lanchonetes,Andr  Fonseca,Sales Associate,"Av. Brasil, 442",Campinas,SP,04876-786,Brazil,(11) 555-9482,1,Nancy Davolio,Sales Representative,5-1-1992,Seattle,USA,3,Federal Shipping,(503) 555-9931,28,Gai p turage,Eliane Noz,France
10710,19,Teatime Chocolate Biscuits,Confections,"Desserts, candies, and sweet breads",9.2,9.2,5,0,46.0,10-20-1997,11-17-1997,10-23-1997,4.98,Franchi S.p.A.,Via Monte Bianco 34,Torino,,10100,Italy,10 boxes x 12 pieces,25,0,5,0,FRANS,Franchi S.p.A.,Paolo Accorti,Sales Representative,Via Monte Bianco 34,Torino,,10100,Italy,011-4988260,1,Nancy Davolio,Sales Representative,5-1-1992,Seattle,USA,1,Speedy Express,(503) 555-9831,8,"Specialty Biscuits, Ltd.",Peter Wilson,UK
10710,47,Zaanse koeken,Confections,"Desserts, candies, and sweet breads",9.5,9.5,5,0,47.5,10-20-1997,11-17-1997,10-23-1997,4.98,Franchi S.p.A.,Via Monte Bianco 34,Torino,,10100,Italy,10 - 4 oz boxes,36,0,0,0,FRANS,Franchi S.p.A.,Paolo Accorti,Sales Representative,Via Monte Bianco 34,Torino,,10100,Italy,011-4988260,1,Nancy Davolio,Sales Representative,5-1-1992,Seattle,USA,1,Speedy Express,(503) 555-9831,22,Zaanse Snoepfabriek,Dirk Luchte,Netherlands
10711,19,Teatime Chocolate Biscuits,Confections,"Desserts, candies, and sweet breads",9.2,9.2,12,0,110.4,10-21-1997,12-2-1997,10-29-1997,52.41,Save-a-lot Markets,187 Suffolk Ln.,Boise,ID,83720,USA,10 boxes x 12 pieces,25,0,5,0,SAVEA,Save-a-lot Markets,Jose Pavarotti,Sales Representative,187 Suffolk Ln.,Boise,ID,83720,USA,(208) 555-8097,5,Steven Buchanan,Sales Manager,10-17-1993,London,UK,2,United Package,(503) 555-3199,8,"Specialty Biscuits, Ltd.",Peter Wilson,UK
10711,41,Jack's New England Clam Chowder,Seafood,Seaweed and fish,9.65,9.65,42,0,405.3,10-21-1997,12-2-1997,10-29-1997,52.41,Save-a-lot Markets,187 Suffolk Ln.,Boise,ID,83720,USA,12 - 12 oz cans,85,0,10,0,SAVEA,Save-a-lot Markets,Jose Pavarotti,Sales Representative,187 Suffolk Ln.,Boise,ID,83720,USA,(208) 555-8097,5,Steven Buchanan,Sales Manager,10-17-1993,London,UK,2,United Package,(503) 555-3199,19,New England Seafood Cannery,Robb Merchant,USA
10711,53,Perth Pasties,Meat/Poultry,Prepared meats,32.8,32.8,120,0,3936.0,10-21-1997,12-2-1997,10-29-1997,52.41,Save-a-lot Markets,187 Suffolk Ln.,Boise,ID,83720,USA,48 pieces,0,0,0,1,SAVEA,Save-a-lot Markets,Jose Pavarotti,Sales Representative,187 Suffolk Ln.,Boise,ID,83720,USA,(208) 555-8097,5,Steven Buchanan,Sales Manager,10-17-1993,London,UK,2,United Package,(503) 555-3199,24,"G'day, Mate",Wendy Mackenzie,Australia
10712,53,Perth Pasties,Meat/Poultry,Prepared meats,32.8,32.8,3,0.05,93.48,10-21-1997,11-18-1997,10-31-1997,89.93,Hungry Owl All-Night Grocers,8 Johnstown Road,Cork,Co. Cork,,Ireland,48 pieces,0,0,0,1,HUNGO,Hungry Owl All-Night Grocers,Patricia McKenna,Sales Associate,8 Johnstown Road,Cork,Co. Cork,,Ireland,2967 542,3,Janet Leverling,Sales Representative,4-1-1992,Kirkland,USA,1,Speedy Express,(503) 555-9831,24,"G'day, Mate",Wendy Mackenzie,Australia
10712,56,Gnocchi di nonna Alice,Grains/Cereals,"Breads, crackers, pasta, and cereal",38,38,30,0,1140.0,10-21-1997,11-18-1997,10-31-1997,89.93,Hungry Owl All-Night Grocers,8 Johnstown Road,Cork,Co. Cork,,Ireland,24 - 250 g pkgs.,21,10,30,0,HUNGO,Hungry Owl All-Night Grocers,Patricia McKenna,Sales Associate,8 Johnstown Road,Cork,Co. Cork,,Ireland,2967 542,3,Janet Leverling,Sales Representative,4-1-1992,Kirkland,USA,1,Speedy Express,(503) 555-9831,26,Pasta Buttini s.r.l.,Giovanni Giudici,Italy
10713,10,Ikura,Seafood,Seaweed and fish,31,31,18,0,558.0,10-22-1997,11-19-1997,10-24-1997,167.05,Save-a-lot Markets,187 Suffolk Ln.,Boise,ID,83720,USA,12 - 200 ml jars,31,0,0,0,SAVEA,Save-a-lot Markets,Jose Pavarotti,Sales Representative,187 Suffolk Ln.,Boise,ID,83720,USA,(208) 555-8097,1,Nancy Davolio,Sales Representative,5-1-1992,Seattle,USA,1,Speedy Express,(503) 555-9831,4,Tokyo Traders,Yoshi Nagase,Japan
10713,26,Gumb r Gummib rchen,Confections,"Desserts, candies, and sweet breads",31.23,31.23,30,0,936.9,10-22-1997,11-19-1997,10-24-1997,167.05,Save-a-lot Markets,187 Suffolk Ln.,Boise,ID,83720,USA,100 - 250 g bags,15,0,0,0,SAVEA,Save-a-lot Markets,Jose Pavarotti,Sales Representative,187 Suffolk Ln.,Boise,ID,83720,USA,(208) 555-8097,1,Nancy Davolio,Sales Representative,5-1-1992,Seattle,USA,1,Speedy Express,(503) 555-9831,11,Heli S  waren GmbH & Co. KG,Petra Winkler,Germany
10713,45,Rogede sild,Seafood,Seaweed and fish,9.5,9.5,110,0,1045.0,10-22-1997,11-19-1997,10-24-1997,167.05,Save-a-lot Markets,187 Suffolk Ln.,Boise,ID,83720,USA,1k pkg.,5,70,15,0,SAVEA,Save-a-lot Markets,Jose Pavarotti,Sales Representative,187 Suffolk Ln.,Boise,ID,83720,USA,(208) 555-8097,1,Nancy Davolio,Sales Representative,5-1-1992,Seattle,USA,1,Speedy Express,(503) 555-9831,21,Lyngbysild,Niels Petersen,Denmark
10713,46,Spegesild,Seafood,Seaweed and fish,12,12,24,0,288.0,10-22-1997,11-19-1997,10-24-1997,167.05,Save-a-lot Markets,187 Suffolk Ln.,Boise,ID,83720,USA,4 - 450 g glasses,95,0,0,0,SAVEA,Save-a-lot Markets,Jose Pavarotti,Sales Representative,187 Suffolk Ln.,Boise,ID,83720,USA,(208) 555-8097,1,Nancy Davolio,Sales Representative,5-1-1992,Seattle,USA,1,Speedy Express,(503) 555-9831,21,Lyngbysild,Niels Petersen,Denmark
10714,2,Chang,Beverages,"Soft drinks, coffees, teas, beers, and ales",19,19,30,0.25,427.5,10-22-1997,11-19-1997,10-27-1997,24.49,Save-a-lot Markets,187 Suffolk Ln.,Boise,ID,83720,USA,24 - 12 oz bottles,17,40,25,1,SAVEA,Save-a-lot Markets,Jose Pavarotti,Sales Representative,187 Suffolk Ln.,Boise,ID,83720,USA,(208) 555-8097,5,Steven Buchanan,Sales Manager,10-17-1993,London,UK,3,Federal Shipping,(503) 555-9931,1,Exotic Liquids,Charlotte Cooper,UK
10714,17,Alice Mutton,Meat/Poultry,Prepared meats,39,39,27,0.25,789.75,10-22-1997,11-19-1997,10-27-1997,24.49,Save-a-lot Markets,187 Suffolk Ln.,Boise,ID,83720,USA,20 - 1 kg tins,0,0,0,1,SAVEA,Save-a-lot Markets,Jose Pavarotti,Sales Representative,187 Suffolk Ln.,Boise,ID,83720,USA,(208) 555-8097,5,Steven Buchanan,Sales Manager,10-17-1993,London,UK,3,Federal Shipping,(503) 555-9931,7,"Pavlova, Ltd.",Ian Devling,Australia
10714,47,Zaanse koeken,Confections,"Desserts, candies, and sweet breads",9.5,9.5,50,0.25,356.25,10-22-1997,11-19-1997,10-27-1997,24.49,Save-a-lot Markets,187 Suffolk Ln.,Boise,ID,83720,USA,10 - 4 oz boxes,36,0,0,0,SAVEA,Save-a-lot Markets,Jose Pavarotti,Sales Representative,187 Suffolk Ln.,Boise,ID,83720,USA,(208) 555-8097,5,Steven Buchanan,Sales Manager,10-17-1993,London,UK,3,Federal Shipping,(503) 555-9931,22,Zaanse Snoepfabriek,Dirk Luchte,Netherlands
10714,56,Gnocchi di nonna Alice,Grains/Cereals,"Breads, crackers, pasta, and cereal",38,38,18,0.25,513.0,10-22-1997,11-19-1997,10-27-1997,24.49,Save-a-lot Markets,187 Suffolk Ln.,Boise,ID,83720,USA,24 - 250 g pkgs.,21,10,30,0,SAVEA,Save-a-lot Markets,Jose Pavarotti,Sales Representative,187 Suffolk Ln.,Boise,ID,83720,USA,(208) 555-8097,5,Steven Buchanan,Sales Manager,10-17-1993,London,UK,3,Federal Shipping,(503) 555-9931,26,Pasta Buttini s.r.l.,Giovanni Giudici,Italy
10714,58,Escargots de Bourgogne,Seafood,Seaweed and fish,13.25,13.25,12,0.25,119.25,10-22-1997,11-19-1997,10-27-1997,24.49,Save-a-lot Markets,187 Suffolk Ln.,Boise,ID,83720,USA,24 pieces,62,0,20,0,SAVEA,Save-a-lot Markets,Jose Pavarotti,Sales Representative,187 Suffolk Ln.,Boise,ID,83720,USA,(208) 555-8097,5,Steven Buchanan,Sales Manager,10-17-1993,London,UK,3,Federal Shipping,(503) 555-9931,27,Escargots Nouveaux,Marie Delamare,France
10715,10,Ikura,Seafood,Seaweed and fish,31,31,21,0,651.0,10-23-1997,11-6-1997,10-29-1997,63.2,Bon app',"12, rue des Bouchers",Marseille,,13008,France,12 - 200 ml jars,31,0,0,0,BONAP,Bon app',Laurence Lebihan,Owner,"12, rue des Bouchers",Marseille,,13008,France,91.24.45.40,3,Janet Leverling,Sales Representative,4-1-1992,Kirkland,USA,1,Speedy Express,(503) 555-9831,4,Tokyo Traders,Yoshi Nagase,Japan
10715,71,Flotemysost,Dairy Products,Cheeses,21.5,21.5,30,0,645.0,10-23-1997,11-6-1997,10-29-1997,63.2,Bon app',"12, rue des Bouchers",Marseille,,13008,France,10 - 500 g pkgs.,26,0,0,0,BONAP,Bon app',Laurence Lebihan,Owner,"12, rue des Bouchers",Marseille,,13008,France,91.24.45.40,3,Janet Leverling,Sales Representative,4-1-1992,Kirkland,USA,1,Speedy Express,(503) 555-9831,15,Norske Meierier,Beate Vileid,Norway
10716,21,Sir Rodney's Scones,Confections,"Desserts, candies, and sweet breads",10,10,5,0,50.0,10-24-1997,11-21-1997,10-27-1997,22.57,Rancho grande,Av. del Libertador 900,Buenos Aires,,1010,Argentina,24 pkgs. x 4 pieces,3,40,5,0,RANCH,Rancho grande,Sergio Guti rrez,Sales Representative,Av. del Libertador 900,Buenos Aires,,1010,Argentina,(1) 123-5555,4,Margaret Peacock,Sales Representative,5-3-1993,Redmond,USA,2,United Package,(503) 555-3199,8,"Specialty Biscuits, Ltd.",Peter Wilson,UK
10716,51,Manjimup Dried Apples,Produce,Dried fruit and bean curd,53,53,7,0,371.0,10-24-1997,11-21-1997,10-27-1997,22.57,Rancho grande,Av. del Libertador 900,Buenos Aires,,1010,Argentina,50 - 300 g pkgs.,20,0,10,0,RANCH,Rancho grande,Sergio Guti rrez,Sales Representative,Av. del Libertador 900,Buenos Aires,,1010,Argentina,(1) 123-5555,4,Margaret Peacock,Sales Representative,5-3-1993,Redmond,USA,2,United Package,(503) 555-3199,24,"G'day, Mate",Wendy Mackenzie,Australia
10716,61,Sirop d' rable,Condiments,"Sweet and savory sauces, relishes, spreads, and seasonings",28.5,28.5,10,0,285.0,10-24-1997,11-21-1997,10-27-1997,22.57,Rancho grande,Av. del Libertador 900,Buenos Aires,,1010,Argentina,24 - 500 ml bottles,113,0,25,0,RANCH,Rancho grande,Sergio Guti rrez,Sales Representative,Av. del Libertador 900,Buenos Aires,,1010,Argentina,(1) 123-5555,4,Margaret Peacock,Sales Representative,5-3-1993,Redmond,USA,2,United Package,(503) 555-3199,29,For ts d' rables,Chantal Goulet,Canada
10717,21,Sir Rodney's Scones,Confections,"Desserts, candies, and sweet breads",10,10,32,0.05,304.0,10-24-1997,11-21-1997,10-29-1997,59.25,Frankenversand,Berliner Platz 43,M nchen,,80805,Germany,24 pkgs. x 4 pieces,3,40,5,0,FRANK,Frankenversand,Peter Franken,Marketing Manager,Berliner Platz 43,M nchen,,80805,Germany,089-0877310,1,Nancy Davolio,Sales Representative,5-1-1992,Seattle,USA,2,United Package,(503) 555-3199,8,"Specialty Biscuits, Ltd.",Peter Wilson,UK
10717,54,Tourti re,Meat/Poultry,Prepared meats,7.45,7.45,15,0,111.75,10-24-1997,11-21-1997,10-29-1997,59.25,Frankenversand,Berliner Platz 43,M nchen,,80805,Germany,16 pies,21,0,10,0,FRANK,Frankenversand,Peter Franken,Marketing Manager,Berliner Platz 43,M nchen,,80805,Germany,089-0877310,1,Nancy Davolio,Sales Representative,5-1-1992,Seattle,USA,2,United Package,(503) 555-3199,25,Ma Maison,Jean-Guy Lauzon,Canada
10717,69,Gudbrandsdalsost,Dairy Products,Cheeses,36,36,25,0.05,855.0,10-24-1997,11-21-1997,10-29-1997,59.25,Frankenversand,Berliner Platz 43,M nchen,,80805,Germany,10 kg pkg.,26,0,15,0,FRANK,Frankenversand,Peter Franken,Marketing Manager,Berliner Platz 43,M nchen,,80805,Germany,089-0877310,1,Nancy Davolio,Sales Representative,5-1-1992,Seattle,USA,2,United Package,(503) 555-3199,15,Norske Meierier,Beate Vileid,Norway
10718,12,Queso Manchego La Pastora,Dairy Products,Cheeses,38,38,36,0,1368.0,10-27-1997,11-24-1997,10-29-1997,170.88,K niglich Essen,Maubelstr. 90,Brandenburg,,14776,Germany,10 - 500 g pkgs.,86,0,0,0,KOENE,K niglich Essen,Philip Cramer,Sales Associate,Maubelstr. 90,Brandenburg,,14776,Germany,0555-09876,1,Nancy Davolio,Sales Representative,5-1-1992,Seattle,USA,3,Federal Shipping,(503) 555-9931,5,Cooperativa de Quesos 'Las Cabras',Antonio del Valle Saavedra,Spain
10718,16,Pavlova,Confections,"Desserts, candies, and sweet breads",17.45,17.45,20,0,349.0,10-27-1997,11-24-1997,10-29-1997,170.88,K niglich Essen,Maubelstr. 90,Brandenburg,,14776,Germany,32 - 500 g boxes,29,0,10,0,KOENE,K niglich Essen,Philip Cramer,Sales Associate,Maubelstr. 90,Brandenburg,,14776,Germany,0555-09876,1,Nancy Davolio,Sales Representative,5-1-1992,Seattle,USA,3,Federal Shipping,(503) 555-9931,7,"Pavlova, Ltd.",Ian Devling,Australia
10718,36,Inlagd Sill,Seafood,Seaweed and fish,19,19,40,0,760.0,10-27-1997,11-24-1997,10-29-1997,170.88,K niglich Essen,Maubelstr. 90,Brandenburg,,14776,Germany,24 - 250 g  jars,112,0,20,0,KOENE,K niglich Essen,Philip Cramer,Sales Associate,Maubelstr. 90,Brandenburg,,14776,Germany,0555-09876,1,Nancy Davolio,Sales Representative,5-1-1992,Seattle,USA,3,Federal Shipping,(503) 555-9931,17,Svensk Sj f da AB,Michael Bj rn,Sweden
10718,62,Tarte au sucre,Confections,"Desserts, candies, and sweet breads",49.3,49.3,20,0,986.0,10-27-1997,11-24-1997,10-29-1997,170.88,K niglich Essen,Maubelstr. 90,Brandenburg,,14776,Germany,48 pies,17,0,0,0,KOENE,K niglich Essen,Philip Cramer,Sales Associate,Maubelstr. 90,Brandenburg,,14776,Germany,0555-09876,1,Nancy Davolio,Sales Representative,5-1-1992,Seattle,USA,3,Federal Shipping,(503) 555-9931,29,For ts d' rables,Chantal Goulet,Canada
10719,18,Carnarvon Tigers,Seafood,Seaweed and fish,62.5,62.5,12,0.25,562.5,10-27-1997,11-24-1997,11-5-1997,51.44,Let's Stop N Shop,87 Polk St. Suite 5,San Francisco,CA,94117,USA,16 kg pkg.,42,0,0,0,LETSS,Let's Stop N Shop,Jaime Yorres,Owner,87 Polk St. Suite 5,San Francisco,CA,94117,USA,(415) 555-5938,8,Laura Callahan,Inside Sales Coordinator,3-5-1994,Seattle,USA,2,United Package,(503) 555-3199,7,"Pavlova, Ltd.",Ian Devling,Australia
10719,30,Nord-Ost Matjeshering,Seafood,Seaweed and fish,25.89,25.89,3,0.25,58.25,10-27-1997,11-24-1997,11-5-1997,51.44,Let's Stop N Shop,87 Polk St. Suite 5,San Francisco,CA,94117,USA,10 - 200 g glasses,10,0,15,0,LETSS,Let's Stop N Shop,Jaime Yorres,Owner,87 Polk St. Suite 5,San Francisco,CA,94117,USA,(415) 555-5938,8,Laura Callahan,Inside Sales Coordinator,3-5-1994,Seattle,USA,2,United Package,(503) 555-3199,13,Nord-Ost-Fisch Handelsgesellschaft mbH,Sven Petersen,Germany
10719,54,Tourti re,Meat/Poultry,Prepared meats,7.45,7.45,40,0.25,223.5,10-27-1997,11-24-1997,11-5-1997,51.44,Let's Stop N Shop,87 Polk St. Suite 5,San Francisco,CA,94117,USA,16 pies,21,0,10,0,LETSS,Let's Stop N Shop,Jaime Yorres,Owner,87 Polk St. Suite 5,San Francisco,CA,94117,USA,(415) 555-5938,8,Laura Callahan,Inside Sales Coordinator,3-5-1994,Seattle,USA,2,United Package,(503) 555-3199,25,Ma Maison,Jean-Guy Lauzon,Canada
10720,35,Steeleye Stout,Beverages,"Soft drinks, coffees, teas, beers, and ales",18,18,21,0,378.0,10-28-1997,11-11-1997,11-5-1997,9.53,Que Del cia,"Rua da Panificadora, 12",Rio de Janeiro,RJ,02389-673,Brazil,24 - 12 oz bottles,20,0,15,0,QUEDE,Que Del cia,Bernardo Batista,Accounting Manager,"Rua da Panificadora, 12",Rio de Janeiro,RJ,02389-673,Brazil,(21) 555-4252,8,Laura Callahan,Inside Sales Coordinator,3-5-1994,Seattle,USA,2,United Package,(503) 555-3199,16,Bigfoot Breweries,Cheryl Saylor,USA
10720,71,Flotemysost,Dairy Products,Cheeses,21.5,21.5,8,0,172.0,10-28-1997,11-11-1997,11-5-1997,9.53,Que Del cia,"Rua da Panificadora, 12",Rio de Janeiro,RJ,02389-673,Brazil,10 - 500 g pkgs.,26,0,0,0,QUEDE,Que Del cia,Bernardo Batista,Accounting Manager,"Rua da Panificadora, 12",Rio de Janeiro,RJ,02389-673,Brazil,(21) 555-4252,8,Laura Callahan,Inside Sales Coordinator,3-5-1994,Seattle,USA,2,United Package,(503) 555-3199,15,Norske Meierier,Beate Vileid,Norway
10721,44,Gula Malacca,Condiments,"Sweet and savory sauces, relishes, spreads, and seasonings",19.45,19.45,50,0.05,923.88,10-29-1997,11-26-1997,10-31-1997,48.92,QUICK-Stop,Taucherstra e 10,Cunewalde,,01307,Germany,20 - 2 kg bags,27,0,15,0,QUICK,QUICK-Stop,Horst Kloss,Accounting Manager,Taucherstra e 10,Cunewalde,,01307,Germany,0372-035188,5,Steven Buchanan,Sales Manager,10-17-1993,London,UK,3,Federal Shipping,(503) 555-9931,20,Leka Trading,Chandra Leka,Singapore
10722,2,Chang,Beverages,"Soft drinks, coffees, teas, beers, and ales",19,19,3,0,57.0,10-29-1997,12-10-1997,11-4-1997,74.58,Save-a-lot Markets,187 Suffolk Ln.,Boise,ID,83720,USA,24 - 12 oz bottles,17,40,25,1,SAVEA,Save-a-lot Markets,Jose Pavarotti,Sales Representative,187 Suffolk Ln.,Boise,ID,83720,USA,(208) 555-8097,8,Laura Callahan,Inside Sales Coordinator,3-5-1994,Seattle,USA,1,Speedy Express,(503) 555-9831,1,Exotic Liquids,Charlotte Cooper,UK
10722,31,Gorgonzola Telino,Dairy Products,Cheeses,12.5,12.5,50,0,625.0,10-29-1997,12-10-1997,11-4-1997,74.58,Save-a-lot Markets,187 Suffolk Ln.,Boise,ID,83720,USA,12 - 100 g pkgs,0,70,20,0,SAVEA,Save-a-lot Markets,Jose Pavarotti,Sales Representative,187 Suffolk Ln.,Boise,ID,83720,USA,(208) 555-8097,8,Laura Callahan,Inside Sales Coordinator,3-5-1994,Seattle,USA,1,Speedy Express,(503) 555-9831,14,Formaggi Fortini s.r.l.,Elio Rossi,Italy
10722,68,Scottish Longbreads,Confections,"Desserts, candies, and sweet breads",12.5,12.5,45,0,562.5,10-29-1997,12-10-1997,11-4-1997,74.58,Save-a-lot Markets,187 Suffolk Ln.,Boise,ID,83720,USA,10 boxes x 8 pieces,6,10,15,0,SAVEA,Save-a-lot Markets,Jose Pavarotti,Sales Representative,187 Suffolk Ln.,Boise,ID,83720,USA,(208) 555-8097,8,Laura Callahan,Inside Sales Coordinator,3-5-1994,Seattle,USA,1,Speedy Express,(503) 555-9831,8,"Specialty Biscuits, Ltd.",Peter Wilson,UK
10722,75,Rh nbr u Klosterbier,Beverages,"Soft drinks, coffees, teas, beers, and ales",7.75,7.75,42,0,325.5,10-29-1997,12-10-1997,11-4-1997,74.58,Save-a-lot Markets,187 Suffolk Ln.,Boise,ID,83720,USA,24 - 0.5 l bottles,125,0,25,0,SAVEA,Save-a-lot Markets,Jose Pavarotti,Sales Representative,187 Suffolk Ln.,Boise,ID,83720,USA,(208) 555-8097,8,Laura Callahan,Inside Sales Coordinator,3-5-1994,Seattle,USA,1,Speedy Express,(503) 555-9831,12,Plutzer Lebensmittelgro m rkte AG,Martin Bein,Germany
10723,26,Gumb r Gummib rchen,Confections,"Desserts, candies, and sweet breads",31.23,31.23,15,0,468.45,10-30-1997,11-27-1997,11-25-1997,21.72,White Clover Markets,1029 - 12th Ave. S.,Seattle,WA,98124,USA,100 - 250 g bags,15,0,0,0,WHITC,White Clover Markets,Karl Jablonski,Owner,305 - 14th Ave. S. Suite 3B,Seattle,WA,98128,USA,(206) 555-4112,3,Janet Leverling,Sales Representative,4-1-1992,Kirkland,USA,1,Speedy Express,(503) 555-9831,11,Heli S  waren GmbH & Co. KG,Petra Winkler,Germany
10724,10,Ikura,Seafood,Seaweed and fish,31,31,16,0,496.0,10-30-1997,12-11-1997,11-5-1997,57.75,M re Paillarde,43 rue St. Laurent,Montr al,Qu bec,H1J 1C3,Canada,12 - 200 ml jars,31,0,0,0,MEREP,M re Paillarde,Jean Fresni re,Marketing Assistant,43 rue St. Laurent,Montr al,Qu bec,H1J 1C3,Canada,(514) 555-8054,8,Laura Callahan,Inside Sales Coordinator,3-5-1994,Seattle,USA,2,United Package,(503) 555-3199,4,Tokyo Traders,Yoshi Nagase,Japan
10724,61,Sirop d' rable,Condiments,"Sweet and savory sauces, relishes, spreads, and seasonings",28.5,28.5,5,0,142.5,10-30-1997,12-11-1997,11-5-1997,57.75,M re Paillarde,43 rue St. Laurent,Montr al,Qu bec,H1J 1C3,Canada,24 - 500 ml bottles,113,0,25,0,MEREP,M re Paillarde,Jean Fresni re,Marketing Assistant,43 rue St. Laurent,Montr al,Qu bec,H1J 1C3,Canada,(514) 555-8054,8,Laura Callahan,Inside Sales Coordinator,3-5-1994,Seattle,USA,2,United Package,(503) 555-3199,29,For ts d' rables,Chantal Goulet,Canada
10725,41,Jack's New England Clam Chowder,Seafood,Seaweed and fish,9.65,9.65,12,0,115.8,10-31-1997,11-28-1997,11-5-1997,10.83,Familia Arquibaldo,"Rua Or s, 92",Sao Paulo,SP,05442-030,Brazil,12 - 12 oz cans,85,0,10,0,FAMIA,Familia Arquibaldo,Aria Cruz,Marketing Assistant,"Rua Or s, 92",Sao Paulo,SP,05442-030,Brazil,(11) 555-9857,4,Margaret Peacock,Sales Representative,5-3-1993,Redmond,USA,3,Federal Shipping,(503) 555-9931,19,New England Seafood Cannery,Robb Merchant,USA
10725,52,Filo Mix,Grains/Cereals,"Breads, crackers, pasta, and cereal",7,7,4,0,28.0,10-31-1997,11-28-1997,11-5-1997,10.83,Familia Arquibaldo,"Rua Or s, 92",Sao Paulo,SP,05442-030,Brazil,16 - 2 kg boxes,38,0,25,0,FAMIA,Familia Arquibaldo,Aria Cruz,Marketing Assistant,"Rua Or s, 92",Sao Paulo,SP,05442-030,Brazil,(11) 555-9857,4,Margaret Peacock,Sales Representative,5-3-1993,Redmond,USA,3,Federal Shipping,(503) 555-9931,24,"G'day, Mate",Wendy Mackenzie,Australia
10725,55,P t  chinois,Meat/Poultry,Prepared meats,24,24,6,0,144.0,10-31-1997,11-28-1997,11-5-1997,10.83,Familia Arquibaldo,"Rua Or s, 92",Sao Paulo,SP,05442-030,Brazil,24 boxes x 2 pies,115,0,20,0,FAMIA,Familia Arquibaldo,Aria Cruz,Marketing Assistant,"Rua Or s, 92",Sao Paulo,SP,05442-030,Brazil,(11) 555-9857,4,Margaret Peacock,Sales Representative,5-3-1993,Redmond,USA,3,Federal Shipping,(503) 555-9931,25,Ma Maison,Jean-Guy Lauzon,Canada
10726,4,Chef Anton's Cajun Seasoning,Condiments,"Sweet and savory sauces, relishes, spreads, and seasonings",22,22,25,0,550.0,11-3-1997,11-17-1997,12-5-1997,16.56,Eastern Connection,35 King George,London,,WX3 6FW,UK,48 - 6 oz jars,53,0,0,0,EASTC,Eastern Connection,Ann Devon,Sales Agent,35 King George,London,,WX3 6FW,UK,(171) 555-0297,4,Margaret Peacock,Sales Representative,5-3-1993,Redmond,USA,1,Speedy Express,(503) 555-9831,2,New Orleans Cajun Delights,Shelley Burke,USA
10726,11,Queso Cabrales,Dairy Products,Cheeses,21,21,5,0,105.0,11-3-1997,11-17-1997,12-5-1997,16.56,Eastern Connection,35 King George,London,,WX3 6FW,UK,1 kg pkg.,22,30,30,0,EASTC,Eastern Connection,Ann Devon,Sales Agent,35 King George,London,,WX3 6FW,UK,(171) 555-0297,4,Margaret Peacock,Sales Representative,5-3-1993,Redmond,USA,1,Speedy Express,(503) 555-9831,5,Cooperativa de Quesos 'Las Cabras',Antonio del Valle Saavedra,Spain
10727,17,Alice Mutton,Meat/Poultry,Prepared meats,39,39,20,0.05,741.0,11-3-1997,12-1-1997,12-5-1997,89.9,Reggiani Caseifici,Strada Provinciale 124,Reggio Emilia,,42100,Italy,20 - 1 kg tins,0,0,0,1,REGGC,Reggiani Caseifici,Maurizio Moroni,Sales Associate,Strada Provinciale 124,Reggio Emilia,,42100,Italy,0522-556721,2,Andrew Fuller,"Vice President, Sales",8-14-1992,Tacoma,USA,1,Speedy Express,(503) 555-9831,7,"Pavlova, Ltd.",Ian Devling,Australia
10727,56,Gnocchi di nonna Alice,Grains/Cereals,"Breads, crackers, pasta, and cereal",38,38,10,0.05,361.0,11-3-1997,12-1-1997,12-5-1997,89.9,Reggiani Caseifici,Strada Provinciale 124,Reggio Emilia,,42100,Italy,24 - 250 g pkgs.,21,10,30,0,REGGC,Reggiani Caseifici,Maurizio Moroni,Sales Associate,Strada Provinciale 124,Reggio Emilia,,42100,Italy,0522-556721,2,Andrew Fuller,"Vice President, Sales",8-14-1992,Tacoma,USA,1,Speedy Express,(503) 555-9831,26,Pasta Buttini s.r.l.,Giovanni Giudici,Italy
10727,59,Raclette Courdavault,Dairy Products,Cheeses,55,55,10,0.05,522.5,11-3-1997,12-1-1997,12-5-1997,89.9,Reggiani Caseifici,Strada Provinciale 124,Reggio Emilia,,42100,Italy,5 kg pkg.,79,0,0,0,REGGC,Reggiani Caseifici,Maurizio Moroni,Sales Associate,Strada Provinciale 124,Reggio Emilia,,42100,Italy,0522-556721,2,Andrew Fuller,"Vice President, Sales",8-14-1992,Tacoma,USA,1,Speedy Express,(503) 555-9831,28,Gai p turage,Eliane Noz,France
10728,30,Nord-Ost Matjeshering,Seafood,Seaweed and fish,25.89,25.89,15,0,388.35,11-4-1997,12-2-1997,11-11-1997,58.33,Queen Cozinha,"Alameda dos Can rios, 891",Sao Paulo,SP,05487-020,Brazil,10 - 200 g glasses,10,0,15,0,QUEEN,Queen Cozinha,L cia Carvalho,Marketing Assistant,"Alameda dos Can rios, 891",Sao Paulo,SP,05487-020,Brazil,(11) 555-1189,4,Margaret Peacock,Sales Representative,5-3-1993,Redmond,USA,2,United Package,(503) 555-3199,13,Nord-Ost-Fisch Handelsgesellschaft mbH,Sven Petersen,Germany
10728,40,Boston Crab Meat,Seafood,Seaweed and fish,18.4,18.4,6,0,110.4,11-4-1997,12-2-1997,11-11-1997,58.33,Queen Cozinha,"Alameda dos Can rios, 891",Sao Paulo,SP,05487-020,Brazil,24 - 4 oz tins,123,0,30,0,QUEEN,Queen Cozinha,L cia Carvalho,Marketing Assistant,"Alameda dos Can rios, 891",Sao Paulo,SP,05487-020,Brazil,(11) 555-1189,4,Margaret Peacock,Sales Representative,5-3-1993,Redmond,USA,2,United Package,(503) 555-3199,19,New England Seafood Cannery,Robb Merchant,USA
10728,55,P t  chinois,Meat/Poultry,Prepared meats,24,24,12,0,288.0,11-4-1997,12-2-1997,11-11-1997,58.33,Queen Cozinha,"Alameda dos Can rios, 891",Sao Paulo,SP,05487-020,Brazil,24 boxes x 2 pies,115,0,20,0,QUEEN,Queen Cozinha,L cia Carvalho,Marketing Assistant,"Alameda dos Can rios, 891",Sao Paulo,SP,05487-020,Brazil,(11) 555-1189,4,Margaret Peacock,Sales Representative,5-3-1993,Redmond,USA,2,United Package,(503) 555-3199,25,Ma Maison,Jean-Guy Lauzon,Canada
10728,60,Camembert Pierrot,Dairy Products,Cheeses,34,34,15,0,510.0,11-4-1997,12-2-1997,11-11-1997,58.33,Queen Cozinha,"Alameda dos Can rios, 891",Sao Paulo,SP,05487-020,Brazil,15 - 300 g rounds,19,0,0,0,QUEEN,Queen Cozinha,L cia Carvalho,Marketing Assistant,"Alameda dos Can rios, 891",Sao Paulo,SP,05487-020,Brazil,(11) 555-1189,4,Margaret Peacock,Sales Representative,5-3-1993,Redmond,USA,2,United Package,(503) 555-3199,28,Gai p turage,Eliane Noz,France
10729,1,Chai,Beverages,"Soft drinks, coffees, teas, beers, and ales",18,18,50,0,900.0,11-4-1997,12-16-1997,11-14-1997,141.06,LINO-Delicateses,Ave. 5 de Mayo Porlamar,I. de Margarita,Nueva Esparta,4980,Venezuela,10 boxes x 30 bags,39,0,10,1,LINOD,LINO-Delicateses,Felipe Izquierdo,Owner,Ave. 5 de Mayo Porlamar,I. de Margarita,Nueva Esparta,4980,Venezuela,(8) 34-56-12,8,Laura Callahan,Inside Sales Coordinator,3-5-1994,Seattle,USA,3,Federal Shipping,(503) 555-9931,8,"Specialty Biscuits, Ltd.",Peter Wilson,UK
10729,21,Sir Rodney's Scones,Confections,"Desserts, candies, and sweet breads",10,10,30,0,300.0,11-4-1997,12-16-1997,11-14-1997,141.06,LINO-Delicateses,Ave. 5 de Mayo Porlamar,I. de Margarita,Nueva Esparta,4980,Venezuela,24 pkgs. x 4 pieces,3,40,5,0,LINOD,LINO-Delicateses,Felipe Izquierdo,Owner,Ave. 5 de Mayo Porlamar,I. de Margarita,Nueva Esparta,4980,Venezuela,(8) 34-56-12,8,Laura Callahan,Inside Sales Coordinator,3-5-1994,Seattle,USA,3,Federal Shipping,(503) 555-9931,8,"Specialty Biscuits, Ltd.",Peter Wilson,UK
10729,50,Valkoinen suklaa,Confections,"Desserts, candies, and sweet breads",16.25,16.25,40,0,650.0,11-4-1997,12-16-1997,11-14-1997,141.06,LINO-Delicateses,Ave. 5 de Mayo Porlamar,I. de Margarita,Nueva Esparta,4980,Venezuela,12 - 100 g bars,65,0,30,0,LINOD,LINO-Delicateses,Felipe Izquierdo,Owner,Ave. 5 de Mayo Porlamar,I. de Margarita,Nueva Esparta,4980,Venezuela,(8) 34-56-12,8,Laura Callahan,Inside Sales Coordinator,3-5-1994,Seattle,USA,3,Federal Shipping,(503) 555-9931,23,Karkki Oy,Anne Heikkonen,Finland
10730,16,Pavlova,Confections,"Desserts, candies, and sweet breads",17.45,17.45,15,0.05,248.66,11-5-1997,12-3-1997,11-14-1997,20.12,Bon app',"12, rue des Bouchers",Marseille,,13008,France,32 - 500 g boxes,29,0,10,0,BONAP,Bon app',Laurence Lebihan,Owner,"12, rue des Bouchers",Marseille,,13008,France,91.24.45.40,5,Steven Buchanan,Sales Manager,10-17-1993,London,UK,1,Speedy Express,(503) 555-9831,7,"Pavlova, Ltd.",Ian Devling,Australia
10730,31,Gorgonzola Telino,Dairy Products,Cheeses,12.5,12.5,3,0.05,35.62,11-5-1997,12-3-1997,11-14-1997,20.12,Bon app',"12, rue des Bouchers",Marseille,,13008,France,12 - 100 g pkgs,0,70,20,0,BONAP,Bon app',Laurence Lebihan,Owner,"12, rue des Bouchers",Marseille,,13008,France,91.24.45.40,5,Steven Buchanan,Sales Manager,10-17-1993,London,UK,1,Speedy Express,(503) 555-9831,14,Formaggi Fortini s.r.l.,Elio Rossi,Italy
10730,65,Louisiana Fiery Hot Pepper Sauce,Condiments,"Sweet and savory sauces, relishes, spreads, and seasonings",21.05,21.05,10,0.05,199.97,11-5-1997,12-3-1997,11-14-1997,20.12,Bon app',"12, rue des Bouchers",Marseille,,13008,France,32 - 8 oz bottles,76,0,0,0,BONAP,Bon app',Laurence Lebihan,Owner,"12, rue des Bouchers",Marseille,,13008,France,91.24.45.40,5,Steven Buchanan,Sales Manager,10-17-1993,London,UK,1,Speedy Express,(503) 555-9831,2,New Orleans Cajun Delights,Shelley Burke,USA
10731,21,Sir Rodney's Scones,Confections,"Desserts, candies, and sweet breads",10,10,40,0.05,380.0,11-6-1997,12-4-1997,11-14-1997,96.65,Chop-suey Chinese,Hauptstr. 31,Bern,,3012,Switzerland,24 pkgs. x 4 pieces,3,40,5,0,CHOPS,Chop-suey Chinese,Yang Wang,Owner,Hauptstr. 29,Bern,,3012,Switzerland,0452-076545,7,Robert King,Sales Representative,1-2-1994,London,UK,1,Speedy Express,(503) 555-9831,8,"Specialty Biscuits, Ltd.",Peter Wilson,UK
10731,51,Manjimup Dried Apples,Produce,Dried fruit and bean curd,53,53,30,0.05,1510.5,11-6-1997,12-4-1997,11-14-1997,96.65,Chop-suey Chinese,Hauptstr. 31,Bern,,3012,Switzerland,50 - 300 g pkgs.,20,0,10,0,CHOPS,Chop-suey Chinese,Yang Wang,Owner,Hauptstr. 29,Bern,,3012,Switzerland,0452-076545,7,Robert King,Sales Representative,1-2-1994,London,UK,1,Speedy Express,(503) 555-9831,24,"G'day, Mate",Wendy Mackenzie,Australia
10732,76,Lakkalik  ri,Beverages,"Soft drinks, coffees, teas, beers, and ales",18,18,20,0,360.0,11-6-1997,12-4-1997,11-7-1997,16.97,Bon app',"12, rue des Bouchers",Marseille,,13008,France,500 ml,57,0,20,0,BONAP,Bon app',Laurence Lebihan,Owner,"12, rue des Bouchers",Marseille,,13008,France,91.24.45.40,3,Janet Leverling,Sales Representative,4-1-1992,Kirkland,USA,1,Speedy Express,(503) 555-9831,23,Karkki Oy,Anne Heikkonen,Finland
10733,14,Tofu,Produce,Dried fruit and bean curd,23.25,23.25,16,0,372.0,11-7-1997,12-5-1997,11-10-1997,110.11,Berglunds snabbk p,Berguvsv gen  8,Lule,,S-958 22,Sweden,40 - 100 g pkgs.,35,0,0,0,BERGS,Berglunds snabbk p,Christina Berglund,Order Administrator,Berguvsv gen  8,Lule,,S-958 22,Sweden,0921-12 34 65,1,Nancy Davolio,Sales Representative,5-1-1992,Seattle,USA,3,Federal Shipping,(503) 555-9931,6,Mayumi's,Mayumi Ohno,Japan
10733,28,R ssle Sauerkraut,Produce,Dried fruit and bean curd,45.6,45.6,20,0,912.0,11-7-1997,12-5-1997,11-10-1997,110.11,Berglunds snabbk p,Berguvsv gen  8,Lule,,S-958 22,Sweden,25 - 825 g cans,26,0,0,1,BERGS,Berglunds snabbk p,Christina Berglund,Order Administrator,Berguvsv gen  8,Lule,,S-958 22,Sweden,0921-12 34 65,1,Nancy Davolio,Sales Representative,5-1-1992,Seattle,USA,3,Federal Shipping,(503) 555-9931,12,Plutzer Lebensmittelgro m rkte AG,Martin Bein,Germany
10733,52,Filo Mix,Grains/Cereals,"Breads, crackers, pasta, and cereal",7,7,25,0,175.0,11-7-1997,12-5-1997,11-10-1997,110.11,Berglunds snabbk p,Berguvsv gen  8,Lule,,S-958 22,Sweden,16 - 2 kg boxes,38,0,25,0,BERGS,Berglunds snabbk p,Christina Berglund,Order Administrator,Berguvsv gen  8,Lule,,S-958 22,Sweden,0921-12 34 65,1,Nancy Davolio,Sales Representative,5-1-1992,Seattle,USA,3,Federal Shipping,(503) 555-9931,24,"G'day, Mate",Wendy Mackenzie,Australia
10734,6,Grandma's Boysenberry Spread,Condiments,"Sweet and savory sauces, relishes, spreads, and seasonings",25,25,30,0,750.0,11-7-1997,12-5-1997,11-12-1997,1.63,Gourmet Lanchonetes,"Av. Brasil, 442",Campinas,SP,04876-786,Brazil,12 - 8 oz jars,120,0,25,0,GOURL,Gourmet Lanchonetes,Andr  Fonseca,Sales Associate,"Av. Brasil, 442",Campinas,SP,04876-786,Brazil,(11) 555-9482,2,Andrew Fuller,"Vice President, Sales",8-14-1992,Tacoma,USA,3,Federal Shipping,(503) 555-9931,3,Grandma Kelly's Homestead,Regina Murphy,USA
10734,30,Nord-Ost Matjeshering,Seafood,Seaweed and fish,25.89,25.89,15,0,388.35,11-7-1997,12-5-1997,11-12-1997,1.63,Gourmet Lanchonetes,"Av. Brasil, 442",Campinas,SP,04876-786,Brazil,10 - 200 g glasses,10,0,15,0,GOURL,Gourmet Lanchonetes,Andr  Fonseca,Sales Associate,"Av. Brasil, 442",Campinas,SP,04876-786,Brazil,(11) 555-9482,2,Andrew Fuller,"Vice President, Sales",8-14-1992,Tacoma,USA,3,Federal Shipping,(503) 555-9931,13,Nord-Ost-Fisch Handelsgesellschaft mbH,Sven Petersen,Germany
10734,76,Lakkalik  ri,Beverages,"Soft drinks, coffees, teas, beers, and ales",18,18,20,0,360.0,11-7-1997,12-5-1997,11-12-1997,1.63,Gourmet Lanchonetes,"Av. Brasil, 442",Campinas,SP,04876-786,Brazil,500 ml,57,0,20,0,GOURL,Gourmet Lanchonetes,Andr  Fonseca,Sales Associate,"Av. Brasil, 442",Campinas,SP,04876-786,Brazil,(11) 555-9482,2,Andrew Fuller,"Vice President, Sales",8-14-1992,Tacoma,USA,3,Federal Shipping,(503) 555-9931,23,Karkki Oy,Anne Heikkonen,Finland
10735,61,Sirop d' rable,Condiments,"Sweet and savory sauces, relishes, spreads, and seasonings",28.5,28.5,20,0.1,513.0,11-10-1997,12-8-1997,11-21-1997,45.97,Let's Stop N Shop,87 Polk St. Suite 5,San Francisco,CA,94117,USA,24 - 500 ml bottles,113,0,25,0,LETSS,Let's Stop N Shop,Jaime Yorres,Owner,87 Polk St. Suite 5,San Francisco,CA,94117,USA,(415) 555-5938,6,Michael Suyama,Sales Representative,10-17-1993,London,UK,2,United Package,(503) 555-3199,29,For ts d' rables,Chantal Goulet,Canada
10735,77,Original Frankfurter gr ne So e,Condiments,"Sweet and savory sauces, relishes, spreads, and seasonings",13,13,2,0.1,23.4,11-10-1997,12-8-1997,11-21-1997,45.97,Let's Stop N Shop,87 Polk St. Suite 5,San Francisco,CA,94117,USA,12 boxes,32,0,15,0,LETSS,Let's Stop N Shop,Jaime Yorres,Owner,87 Polk St. Suite 5,San Francisco,CA,94117,USA,(415) 555-5938,6,Michael Suyama,Sales Representative,10-17-1993,London,UK,2,United Package,(503) 555-3199,12,Plutzer Lebensmittelgro m rkte AG,Martin Bein,Germany
10736,65,Louisiana Fiery Hot Pepper Sauce,Condiments,"Sweet and savory sauces, relishes, spreads, and seasonings",21.05,21.05,40,0,842.0,11-11-1997,12-9-1997,11-21-1997,44.1,Hungry Owl All-Night Grocers,8 Johnstown Road,Cork,Co. Cork,,Ireland,32 - 8 oz bottles,76,0,0,0,HUNGO,Hungry Owl All-Night Grocers,Patricia McKenna,Sales Associate,8 Johnstown Road,Cork,Co. Cork,,Ireland,2967 542,9,Anne Dodsworth,Sales Representative,11-15-1994,London,UK,2,United Package,(503) 555-3199,2,New Orleans Cajun Delights,Shelley Burke,USA
10736,75,Rh nbr u Klosterbier,Beverages,"Soft drinks, coffees, teas, beers, and ales",7.75,7.75,20,0,155.0,11-11-1997,12-9-1997,11-21-1997,44.1,Hungry Owl All-Night Grocers,8 Johnstown Road,Cork,Co. Cork,,Ireland,24 - 0.5 l bottles,125,0,25,0,HUNGO,Hungry Owl All-Night Grocers,Patricia McKenna,Sales Associate,8 Johnstown Road,Cork,Co. Cork,,Ireland,2967 542,9,Anne Dodsworth,Sales Representative,11-15-1994,London,UK,2,United Package,(503) 555-3199,12,Plutzer Lebensmittelgro m rkte AG,Martin Bein,Germany
10737,13,Konbu,Seafood,Seaweed and fish,6,6,4,0,24.0,11-11-1997,12-9-1997,11-18-1997,7.79,Vins et alcools Chevalier,59 rue de l'Abbaye,Reims,,51100,France,2 kg box,24,0,5,0,VINET,Vins et alcools Chevalier,Paul Henriot,Accounting Manager,59 rue de l'Abbaye,Reims,,51100,France,26.47.15.10,2,Andrew Fuller,"Vice President, Sales",8-14-1992,Tacoma,USA,2,United Package,(503) 555-3199,6,Mayumi's,Mayumi Ohno,Japan
10737,41,Jack's New England Clam Chowder,Seafood,Seaweed and fish,9.65,9.65,12,0,115.8,11-11-1997,12-9-1997,11-18-1997,7.79,Vins et alcools Chevalier,59 rue de l'Abbaye,Reims,,51100,France,12 - 12 oz cans,85,0,10,0,VINET,Vins et alcools Chevalier,Paul Henriot,Accounting Manager,59 rue de l'Abbaye,Reims,,51100,France,26.47.15.10,2,Andrew Fuller,"Vice President, Sales",8-14-1992,Tacoma,USA,2,United Package,(503) 555-3199,19,New England Seafood Cannery,Robb Merchant,USA
10738,16,Pavlova,Confections,"Desserts, candies, and sweet breads",17.45,17.45,3,0,52.35,11-12-1997,12-10-1997,11-18-1997,2.91,Sp cialit s du monde,"25, rue Lauriston",Paris,,75016,France,32 - 500 g boxes,29,0,10,0,SPECD,Sp cialit s du monde,Dominique Perrier,Marketing Manager,"25, rue Lauriston",Paris,,75016,France,(1) 47.55.60.10,2,Andrew Fuller,"Vice President, Sales",8-14-1992,Tacoma,USA,1,Speedy Express,(503) 555-9831,7,"Pavlova, Ltd.",Ian Devling,Australia
10739,36,Inlagd Sill,Seafood,Seaweed and fish,19,19,6,0,114.0,11-12-1997,12-10-1997,11-17-1997,11.08,Vins et alcools Chevalier,59 rue de l'Abbaye,Reims,,51100,France,24 - 250 g  jars,112,0,20,0,VINET,Vins et alcools Chevalier,Paul Henriot,Accounting Manager,59 rue de l'Abbaye,Reims,,51100,France,26.47.15.10,3,Janet Leverling,Sales Representative,4-1-1992,Kirkland,USA,3,Federal Shipping,(503) 555-9931,17,Svensk Sj f da AB,Michael Bj rn,Sweden
10739,52,Filo Mix,Grains/Cereals,"Breads, crackers, pasta, and cereal",7,7,18,0,126.0,11-12-1997,12-10-1997,11-17-1997,11.08,Vins et alcools Chevalier,59 rue de l'Abbaye,Reims,,51100,France,16 - 2 kg boxes,38,0,25,0,VINET,Vins et alcools Chevalier,Paul Henriot,Accounting Manager,59 rue de l'Abbaye,Reims,,51100,France,26.47.15.10,3,Janet Leverling,Sales Representative,4-1-1992,Kirkland,USA,3,Federal Shipping,(503) 555-9931,24,"G'day, Mate",Wendy Mackenzie,Australia
10740,28,R ssle Sauerkraut,Produce,Dried fruit and bean curd,45.6,45.6,5,0.2,182.4,11-13-1997,12-11-1997,11-25-1997,81.88,White Clover Markets,1029 - 12th Ave. S.,Seattle,WA,98124,USA,25 - 825 g cans,26,0,0,1,WHITC,White Clover Markets,Karl Jablonski,Owner,305 - 14th Ave. S. Suite 3B,Seattle,WA,98128,USA,(206) 555-4112,4,Margaret Peacock,Sales Representative,5-3-1993,Redmond,USA,2,United Package,(503) 555-3199,12,Plutzer Lebensmittelgro m rkte AG,Martin Bein,Germany
10740,35,Steeleye Stout,Beverages,"Soft drinks, coffees, teas, beers, and ales",18,18,35,0.2,504.0,11-13-1997,12-11-1997,11-25-1997,81.88,White Clover Markets,1029 - 12th Ave. S.,Seattle,WA,98124,USA,24 - 12 oz bottles,20,0,15,0,WHITC,White Clover Markets,Karl Jablonski,Owner,305 - 14th Ave. S. Suite 3B,Seattle,WA,98128,USA,(206) 555-4112,4,Margaret Peacock,Sales Representative,5-3-1993,Redmond,USA,2,United Package,(503) 555-3199,16,Bigfoot Breweries,Cheryl Saylor,USA
10740,45,Rogede sild,Seafood,Seaweed and fish,9.5,9.5,40,0.2,304.0,11-13-1997,12-11-1997,11-25-1997,81.88,White Clover Markets,1029 - 12th Ave. S.,Seattle,WA,98124,USA,1k pkg.,5,70,15,0,WHITC,White Clover Markets,Karl Jablonski,Owner,305 - 14th Ave. S. Suite 3B,Seattle,WA,98128,USA,(206) 555-4112,4,Margaret Peacock,Sales Representative,5-3-1993,Redmond,USA,2,United Package,(503) 555-3199,21,Lyngbysild,Niels Petersen,Denmark
10740,56,Gnocchi di nonna Alice,Grains/Cereals,"Breads, crackers, pasta, and cereal",38,38,14,0.2,425.6,11-13-1997,12-11-1997,11-25-1997,81.88,White Clover Markets,1029 - 12th Ave. S.,Seattle,WA,98124,USA,24 - 250 g pkgs.,21,10,30,0,WHITC,White Clover Markets,Karl Jablonski,Owner,305 - 14th Ave. S. Suite 3B,Seattle,WA,98128,USA,(206) 555-4112,4,Margaret Peacock,Sales Representative,5-3-1993,Redmond,USA,2,United Package,(503) 555-3199,26,Pasta Buttini s.r.l.,Giovanni Giudici,Italy
10741,2,Chang,Beverages,"Soft drinks, coffees, teas, beers, and ales",19,19,15,0.2,228.0,11-14-1997,11-28-1997,11-18-1997,10.96,Around the Horn,Brook Farm Stratford St. Mary,Colchester,Essex,CO7 6JX,UK,24 - 12 oz bottles,17,40,25,1,AROUT,Around the Horn,Thomas Hardy,Sales Representative,120 Hanover Sq.,London,,WA1 1DP,UK,(171) 555-7788,4,Margaret Peacock,Sales Representative,5-3-1993,Redmond,USA,3,Federal Shipping,(503) 555-9931,1,Exotic Liquids,Charlotte Cooper,UK
10742,3,Aniseed Syrup,Condiments,"Sweet and savory sauces, relishes, spreads, and seasonings",10,10,20,0,200.0,11-14-1997,12-12-1997,11-18-1997,243.73,Bottom-Dollar Markets,23 Tsawassen Blvd.,Tsawassen,BC,T2F 8M4,Canada,12 - 550 ml bottles,13,70,25,0,BOTTM,Bottom-Dollar Markets,Elizabeth Lincoln,Accounting Manager,23 Tsawassen Blvd.,Tsawassen,BC,T2F 8M4,Canada,(604) 555-4729,3,Janet Leverling,Sales Representative,4-1-1992,Kirkland,USA,3,Federal Shipping,(503) 555-9931,1,Exotic Liquids,Charlotte Cooper,UK
10742,60,Camembert Pierrot,Dairy Products,Cheeses,34,34,50,0,1700.0,11-14-1997,12-12-1997,11-18-1997,243.73,Bottom-Dollar Markets,23 Tsawassen Blvd.,Tsawassen,BC,T2F 8M4,Canada,15 - 300 g rounds,19,0,0,0,BOTTM,Bottom-Dollar Markets,Elizabeth Lincoln,Accounting Manager,23 Tsawassen Blvd.,Tsawassen,BC,T2F 8M4,Canada,(604) 555-4729,3,Janet Leverling,Sales Representative,4-1-1992,Kirkland,USA,3,Federal Shipping,(503) 555-9931,28,Gai p turage,Eliane Noz,France
10742,72,Mozzarella di Giovanni,Dairy Products,Cheeses,34.8,34.8,35,0,1218.0,11-14-1997,12-12-1997,11-18-1997,243.73,Bottom-Dollar Markets,23 Tsawassen Blvd.,Tsawassen,BC,T2F 8M4,Canada,24 - 200 g pkgs.,14,0,0,0,BOTTM,Bottom-Dollar Markets,Elizabeth Lincoln,Accounting Manager,23 Tsawassen Blvd.,Tsawassen,BC,T2F 8M4,Canada,(604) 555-4729,3,Janet Leverling,Sales Representative,4-1-1992,Kirkland,USA,3,Federal Shipping,(503) 555-9931,14,Formaggi Fortini s.r.l.,Elio Rossi,Italy
10743,46,Spegesild,Seafood,Seaweed and fish,12,12,28,0.05,319.2,11-17-1997,12-15-1997,11-21-1997,23.72,Around the Horn,Brook Farm Stratford St. Mary,Colchester,Essex,CO7 6JX,UK,4 - 450 g glasses,95,0,0,0,AROUT,Around the Horn,Thomas Hardy,Sales Representative,120 Hanover Sq.,London,,WA1 1DP,UK,(171) 555-7788,1,Nancy Davolio,Sales Representative,5-1-1992,Seattle,USA,2,United Package,(503) 555-3199,21,Lyngbysild,Niels Petersen,Denmark
10744,40,Boston Crab Meat,Seafood,Seaweed and fish,18.4,18.4,50,0.2,736.0,11-17-1997,12-15-1997,11-24-1997,69.19,Vaffeljernet,Smagsloget 45,rhus,,8200,Denmark,24 - 4 oz tins,123,0,30,0,VAFFE,Vaffeljernet,Palle Ibsen,Sales Manager,Smagsloget 45,rhus,,8200,Denmark,86 21 32 43,6,Michael Suyama,Sales Representative,10-17-1993,London,UK,1,Speedy Express,(503) 555-9831,19,New England Seafood Cannery,Robb Merchant,USA
10745,18,Carnarvon Tigers,Seafood,Seaweed and fish,62.5,62.5,24,0,1500.0,11-18-1997,12-16-1997,11-27-1997,3.52,QUICK-Stop,Taucherstra e 10,Cunewalde,,01307,Germany,16 kg pkg.,42,0,0,0,QUICK,QUICK-Stop,Horst Kloss,Accounting Manager,Taucherstra e 10,Cunewalde,,01307,Germany,0372-035188,9,Anne Dodsworth,Sales Representative,11-15-1994,London,UK,1,Speedy Express,(503) 555-9831,7,"Pavlova, Ltd.",Ian Devling,Australia
10745,44,Gula Malacca,Condiments,"Sweet and savory sauces, relishes, spreads, and seasonings",19.45,19.45,16,0,311.2,11-18-1997,12-16-1997,11-27-1997,3.52,QUICK-Stop,Taucherstra e 10,Cunewalde,,01307,Germany,20 - 2 kg bags,27,0,15,0,QUICK,QUICK-Stop,Horst Kloss,Accounting Manager,Taucherstra e 10,Cunewalde,,01307,Germany,0372-035188,9,Anne Dodsworth,Sales Representative,11-15-1994,London,UK,1,Speedy Express,(503) 555-9831,20,Leka Trading,Chandra Leka,Singapore
10745,59,Raclette Courdavault,Dairy Products,Cheeses,55,55,45,0,2475.0,11-18-1997,12-16-1997,11-27-1997,3.52,QUICK-Stop,Taucherstra e 10,Cunewalde,,01307,Germany,5 kg pkg.,79,0,0,0,QUICK,QUICK-Stop,Horst Kloss,Accounting Manager,Taucherstra e 10,Cunewalde,,01307,Germany,0372-035188,9,Anne Dodsworth,Sales Representative,11-15-1994,London,UK,1,Speedy Express,(503) 555-9831,28,Gai p turage,Eliane Noz,France
10745,72,Mozzarella di Giovanni,Dairy Products,Cheeses,34.8,34.8,7,0,243.6,11-18-1997,12-16-1997,11-27-1997,3.52,QUICK-Stop,Taucherstra e 10,Cunewalde,,01307,Germany,24 - 200 g pkgs.,14,0,0,0,QUICK,QUICK-Stop,Horst Kloss,Accounting Manager,Taucherstra e 10,Cunewalde,,01307,Germany,0372-035188,9,Anne Dodsworth,Sales Representative,11-15-1994,London,UK,1,Speedy Express,(503) 555-9831,14,Formaggi Fortini s.r.l.,Elio Rossi,Italy
10746,13,Konbu,Seafood,Seaweed and fish,6,6,6,0,36.0,11-19-1997,12-17-1997,11-21-1997,31.43,Chop-suey Chinese,Hauptstr. 31,Bern,,3012,Switzerland,2 kg box,24,0,5,0,CHOPS,Chop-suey Chinese,Yang Wang,Owner,Hauptstr. 29,Bern,,3012,Switzerland,0452-076545,1,Nancy Davolio,Sales Representative,5-1-1992,Seattle,USA,3,Federal Shipping,(503) 555-9931,6,Mayumi's,Mayumi Ohno,Japan
10746,42,Singaporean Hokkien Fried Mee,Grains/Cereals,"Breads, crackers, pasta, and cereal",14,14,28,0,392.0,11-19-1997,12-17-1997,11-21-1997,31.43,Chop-suey Chinese,Hauptstr. 31,Bern,,3012,Switzerland,32 - 1 kg pkgs.,26,0,0,1,CHOPS,Chop-suey Chinese,Yang Wang,Owner,Hauptstr. 29,Bern,,3012,Switzerland,0452-076545,1,Nancy Davolio,Sales Representative,5-1-1992,Seattle,USA,3,Federal Shipping,(503) 555-9931,20,Leka Trading,Chandra Leka,Singapore
10746,62,Tarte au sucre,Confections,"Desserts, candies, and sweet breads",49.3,49.3,9,0,443.7,11-19-1997,12-17-1997,11-21-1997,31.43,Chop-suey Chinese,Hauptstr. 31,Bern,,3012,Switzerland,48 pies,17,0,0,0,CHOPS,Chop-suey Chinese,Yang Wang,Owner,Hauptstr. 29,Bern,,3012,Switzerland,0452-076545,1,Nancy Davolio,Sales Representative,5-1-1992,Seattle,USA,3,Federal Shipping,(503) 555-9931,29,For ts d' rables,Chantal Goulet,Canada
10746,69,Gudbrandsdalsost,Dairy Products,Cheeses,36,36,40,0,1440.0,11-19-1997,12-17-1997,11-21-1997,31.43,Chop-suey Chinese,Hauptstr. 31,Bern,,3012,Switzerland,10 kg pkg.,26,0,15,0,CHOPS,Chop-suey Chinese,Yang Wang,Owner,Hauptstr. 29,Bern,,3012,Switzerland,0452-076545,1,Nancy Davolio,Sales Representative,5-1-1992,Seattle,USA,3,Federal Shipping,(503) 555-9931,15,Norske Meierier,Beate Vileid,Norway
10747,31,Gorgonzola Telino,Dairy Products,Cheeses,12.5,12.5,8,0,100.0,11-19-1997,12-17-1997,11-26-1997,117.33,Piccolo und mehr,Geislweg 14,Salzburg,,5020,Austria,12 - 100 g pkgs,0,70,20,0,PICCO,Piccolo und mehr,Georg Pipps,Sales Manager,Geislweg 14,Salzburg,,5020,Austria,6562-9722,6,Michael Suyama,Sales Representative,10-17-1993,London,UK,1,Speedy Express,(503) 555-9831,14,Formaggi Fortini s.r.l.,Elio Rossi,Italy
10747,41,Jack's New England Clam Chowder,Seafood,Seaweed and fish,9.65,9.65,35,0,337.75,11-19-1997,12-17-1997,11-26-1997,117.33,Piccolo und mehr,Geislweg 14,Salzburg,,5020,Austria,12 - 12 oz cans,85,0,10,0,PICCO,Piccolo und mehr,Georg Pipps,Sales Manager,Geislweg 14,Salzburg,,5020,Austria,6562-9722,6,Michael Suyama,Sales Representative,10-17-1993,London,UK,1,Speedy Express,(503) 555-9831,19,New England Seafood Cannery,Robb Merchant,USA
10747,63,Vegie-spread,Condiments,"Sweet and savory sauces, relishes, spreads, and seasonings",43.9,43.9,9,0,395.1,11-19-1997,12-17-1997,11-26-1997,117.33,Piccolo und mehr,Geislweg 14,Salzburg,,5020,Austria,15 - 625 g jars,24,0,5,0,PICCO,Piccolo und mehr,Georg Pipps,Sales Manager,Geislweg 14,Salzburg,,5020,Austria,6562-9722,6,Michael Suyama,Sales Representative,10-17-1993,London,UK,1,Speedy Express,(503) 555-9831,7,"Pavlova, Ltd.",Ian Devling,Australia
10747,69,Gudbrandsdalsost,Dairy Products,Cheeses,36,36,30,0,1080.0,11-19-1997,12-17-1997,11-26-1997,117.33,Piccolo und mehr,Geislweg 14,Salzburg,,5020,Austria,10 kg pkg.,26,0,15,0,PICCO,Piccolo und mehr,Georg Pipps,Sales Manager,Geislweg 14,Salzburg,,5020,Austria,6562-9722,6,Michael Suyama,Sales Representative,10-17-1993,London,UK,1,Speedy Express,(503) 555-9831,15,Norske Meierier,Beate Vileid,Norway
10748,23,Tunnbr d,Grains/Cereals,"Breads, crackers, pasta, and cereal",9,9,44,0,396.0,11-20-1997,12-18-1997,11-28-1997,232.55,Save-a-lot Markets,187 Suffolk Ln.,Boise,ID,83720,USA,12 - 250 g pkgs.,61,0,25,0,SAVEA,Save-a-lot Markets,Jose Pavarotti,Sales Representative,187 Suffolk Ln.,Boise,ID,83720,USA,(208) 555-8097,3,Janet Leverling,Sales Representative,4-1-1992,Kirkland,USA,1,Speedy Express,(503) 555-9831,9,PB Kn ckebr d AB,Lars Peterson,Sweden
10748,40,Boston Crab Meat,Seafood,Seaweed and fish,18.4,18.4,40,0,736.0,11-20-1997,12-18-1997,11-28-1997,232.55,Save-a-lot Markets,187 Suffolk Ln.,Boise,ID,83720,USA,24 - 4 oz tins,123,0,30,0,SAVEA,Save-a-lot Markets,Jose Pavarotti,Sales Representative,187 Suffolk Ln.,Boise,ID,83720,USA,(208) 555-8097,3,Janet Leverling,Sales Representative,4-1-1992,Kirkland,USA,1,Speedy Express,(503) 555-9831,19,New England Seafood Cannery,Robb Merchant,USA
10748,56,Gnocchi di nonna Alice,Grains/Cereals,"Breads, crackers, pasta, and cereal",38,38,28,0,1064.0,11-20-1997,12-18-1997,11-28-1997,232.55,Save-a-lot Markets,187 Suffolk Ln.,Boise,ID,83720,USA,24 - 250 g pkgs.,21,10,30,0,SAVEA,Save-a-lot Markets,Jose Pavarotti,Sales Representative,187 Suffolk Ln.,Boise,ID,83720,USA,(208) 555-8097,3,Janet Leverling,Sales Representative,4-1-1992,Kirkland,USA,1,Speedy Express,(503) 555-9831,26,Pasta Buttini s.r.l.,Giovanni Giudici,Italy
10749,56,Gnocchi di nonna Alice,Grains/Cereals,"Breads, crackers, pasta, and cereal",38,38,15,0,570.0,11-20-1997,12-18-1997,12-19-1997,61.53,Island Trading,Garden House Crowther Way,Cowes,Isle of Wight,PO31 7PJ,UK,24 - 250 g pkgs.,21,10,30,0,ISLAT,Island Trading,Helen Bennett,Marketing Manager,Garden House Crowther Way,Cowes,Isle of Wight,PO31 7PJ,UK,(198) 555-8888,4,Margaret Peacock,Sales Representative,5-3-1993,Redmond,USA,2,United Package,(503) 555-3199,26,Pasta Buttini s.r.l.,Giovanni Giudici,Italy
10749,59,Raclette Courdavault,Dairy Products,Cheeses,55,55,6,0,330.0,11-20-1997,12-18-1997,12-19-1997,61.53,Island Trading,Garden House Crowther Way,Cowes,Isle of Wight,PO31 7PJ,UK,5 kg pkg.,79,0,0,0,ISLAT,Island Trading,Helen Bennett,Marketing Manager,Garden House Crowther Way,Cowes,Isle of Wight,PO31 7PJ,UK,(198) 555-8888,4,Margaret Peacock,Sales Representative,5-3-1993,Redmond,USA,2,United Package,(503) 555-3199,28,Gai p turage,Eliane Noz,France
10749,76,Lakkalik  ri,Beverages,"Soft drinks, coffees, teas, beers, and ales",18,18,10,0,180.0,11-20-1997,12-18-1997,12-19-1997,61.53,Island Trading,Garden House Crowther Way,Cowes,Isle of Wight,PO31 7PJ,UK,500 ml,57,0,20,0,ISLAT,Island Trading,Helen Bennett,Marketing Manager,Garden House Crowther Way,Cowes,Isle of Wight,PO31 7PJ,UK,(198) 555-8888,4,Margaret Peacock,Sales Representative,5-3-1993,Redmond,USA,2,United Package,(503) 555-3199,23,Karkki Oy,Anne Heikkonen,Finland
10750,14,Tofu,Produce,Dried fruit and bean curd,23.25,23.25,5,0.15,98.81,11-21-1997,12-19-1997,11-24-1997,79.3,Wartian Herkku,Torikatu 38,Oulu,,90110,Finland,40 - 100 g pkgs.,35,0,0,0,WARTH,Wartian Herkku,Pirkko Koskitalo,Accounting Manager,Torikatu 38,Oulu,,90110,Finland,981-443655,9,Anne Dodsworth,Sales Representative,11-15-1994,London,UK,1,Speedy Express,(503) 555-9831,6,Mayumi's,Mayumi Ohno,Japan
10750,45,Rogede sild,Seafood,Seaweed and fish,9.5,9.5,40,0.15,323.0,11-21-1997,12-19-1997,11-24-1997,79.3,Wartian Herkku,Torikatu 38,Oulu,,90110,Finland,1k pkg.,5,70,15,0,WARTH,Wartian Herkku,Pirkko Koskitalo,Accounting Manager,Torikatu 38,Oulu,,90110,Finland,981-443655,9,Anne Dodsworth,Sales Representative,11-15-1994,London,UK,1,Speedy Express,(503) 555-9831,21,Lyngbysild,Niels Petersen,Denmark
10750,59,Raclette Courdavault,Dairy Products,Cheeses,55,55,25,0.15,1168.75,11-21-1997,12-19-1997,11-24-1997,79.3,Wartian Herkku,Torikatu 38,Oulu,,90110,Finland,5 kg pkg.,79,0,0,0,WARTH,Wartian Herkku,Pirkko Koskitalo,Accounting Manager,Torikatu 38,Oulu,,90110,Finland,981-443655,9,Anne Dodsworth,Sales Representative,11-15-1994,London,UK,1,Speedy Express,(503) 555-9831,28,Gai p turage,Eliane Noz,France
10751,26,Gumb r Gummib rchen,Confections,"Desserts, candies, and sweet breads",31.23,31.23,12,0.1,337.28,11-24-1997,12-22-1997,12-3-1997,130.79,Richter Supermarkt,Starenweg 5,Gen ve,,1204,Switzerland,100 - 250 g bags,15,0,0,0,RICSU,Richter Supermarkt,Michael Holz,Sales Manager,Grenzacherweg 237,Gen ve,,1203,Switzerland,0897-034214,3,Janet Leverling,Sales Representative,4-1-1992,Kirkland,USA,3,Federal Shipping,(503) 555-9931,11,Heli S  waren GmbH & Co. KG,Petra Winkler,Germany
10751,30,Nord-Ost Matjeshering,Seafood,Seaweed and fish,25.89,25.89,30,0,776.7,11-24-1997,12-22-1997,12-3-1997,130.79,Richter Supermarkt,Starenweg 5,Gen ve,,1204,Switzerland,10 - 200 g glasses,10,0,15,0,RICSU,Richter Supermarkt,Michael Holz,Sales Manager,Grenzacherweg 237,Gen ve,,1203,Switzerland,0897-034214,3,Janet Leverling,Sales Representative,4-1-1992,Kirkland,USA,3,Federal Shipping,(503) 555-9931,13,Nord-Ost-Fisch Handelsgesellschaft mbH,Sven Petersen,Germany
10751,50,Valkoinen suklaa,Confections,"Desserts, candies, and sweet breads",16.25,16.25,20,0.1,292.5,11-24-1997,12-22-1997,12-3-1997,130.79,Richter Supermarkt,Starenweg 5,Gen ve,,1204,Switzerland,12 - 100 g bars,65,0,30,0,RICSU,Richter Supermarkt,Michael Holz,Sales Manager,Grenzacherweg 237,Gen ve,,1203,Switzerland,0897-034214,3,Janet Leverling,Sales Representative,4-1-1992,Kirkland,USA,3,Federal Shipping,(503) 555-9931,23,Karkki Oy,Anne Heikkonen,Finland
10751,73,R d Kaviar,Seafood,Seaweed and fish,15,15,15,0,225.0,11-24-1997,12-22-1997,12-3-1997,130.79,Richter Supermarkt,Starenweg 5,Gen ve,,1204,Switzerland,24 - 150 g jars,101,0,5,0,RICSU,Richter Supermarkt,Michael Holz,Sales Manager,Grenzacherweg 237,Gen ve,,1203,Switzerland,0897-034214,3,Janet Leverling,Sales Representative,4-1-1992,Kirkland,USA,3,Federal Shipping,(503) 555-9931,17,Svensk Sj f da AB,Michael Bj rn,Sweden
10752,1,Chai,Beverages,"Soft drinks, coffees, teas, beers, and ales",18,18,8,0,144.0,11-24-1997,12-22-1997,11-28-1997,1.39,North/South,South House 300 Queensbridge,London,,SW7 1RZ,UK,10 boxes x 30 bags,39,0,10,1,NORTS,North/South,Simon Crowther,Sales Associate,South House 300 Queensbridge,London,,SW7 1RZ,UK,(171) 555-7733,2,Andrew Fuller,"Vice President, Sales",8-14-1992,Tacoma,USA,3,Federal Shipping,(503) 555-9931,8,"Specialty Biscuits, Ltd.",Peter Wilson,UK
10752,69,Gudbrandsdalsost,Dairy Products,Cheeses,36,36,3,0,108.0,11-24-1997,12-22-1997,11-28-1997,1.39,North/South,South House 300 Queensbridge,London,,SW7 1RZ,UK,10 kg pkg.,26,0,15,0,NORTS,North/South,Simon Crowther,Sales Associate,South House 300 Queensbridge,London,,SW7 1RZ,UK,(171) 555-7733,2,Andrew Fuller,"Vice President, Sales",8-14-1992,Tacoma,USA,3,Federal Shipping,(503) 555-9931,15,Norske Meierier,Beate Vileid,Norway
10753,45,Rogede sild,Seafood,Seaweed and fish,9.5,9.5,4,0,38.0,11-25-1997,12-23-1997,11-27-1997,7.7,Franchi S.p.A.,Via Monte Bianco 34,Torino,,10100,Italy,1k pkg.,5,70,15,0,FRANS,Franchi S.p.A.,Paolo Accorti,Sales Representative,Via Monte Bianco 34,Torino,,10100,Italy,011-4988260,3,Janet Leverling,Sales Representative,4-1-1992,Kirkland,USA,1,Speedy Express,(503) 555-9831,21,Lyngbysild,Niels Petersen,Denmark
10753,74,Longlife Tofu,Produce,Dried fruit and bean curd,10,10,5,0,50.0,11-25-1997,12-23-1997,11-27-1997,7.7,Franchi S.p.A.,Via Monte Bianco 34,Torino,,10100,Italy,5 kg pkg.,4,20,5,0,FRANS,Franchi S.p.A.,Paolo Accorti,Sales Representative,Via Monte Bianco 34,Torino,,10100,Italy,011-4988260,3,Janet Leverling,Sales Representative,4-1-1992,Kirkland,USA,1,Speedy Express,(503) 555-9831,4,Tokyo Traders,Yoshi Nagase,Japan
10754,40,Boston Crab Meat,Seafood,Seaweed and fish,18.4,18.4,3,0,55.2,11-25-1997,12-23-1997,11-27-1997,2.38,Magazzini Alimentari Riuniti,Via Ludovico il Moro 22,Bergamo,,24100,Italy,24 - 4 oz tins,123,0,30,0,MAGAA,Magazzini Alimentari Riuniti,Giovanni Rovelli,Marketing Manager,Via Ludovico il Moro 22,Bergamo,,24100,Italy,035-640230,6,Michael Suyama,Sales Representative,10-17-1993,London,UK,3,Federal Shipping,(503) 555-9931,19,New England Seafood Cannery,Robb Merchant,USA
10755,47,Zaanse koeken,Confections,"Desserts, candies, and sweet breads",9.5,9.5,30,0.25,213.75,11-26-1997,12-24-1997,11-28-1997,16.71,Bon app',"12, rue des Bouchers",Marseille,,13008,France,10 - 4 oz boxes,36,0,0,0,BONAP,Bon app',Laurence Lebihan,Owner,"12, rue des Bouchers",Marseille,,13008,France,91.24.45.40,4,Margaret Peacock,Sales Representative,5-3-1993,Redmond,USA,2,United Package,(503) 555-3199,22,Zaanse Snoepfabriek,Dirk Luchte,Netherlands
10755,56,Gnocchi di nonna Alice,Grains/Cereals,"Breads, crackers, pasta, and cereal",38,38,30,0.25,855.0,11-26-1997,12-24-1997,11-28-1997,16.71,Bon app',"12, rue des Bouchers",Marseille,,13008,France,24 - 250 g pkgs.,21,10,30,0,BONAP,Bon app',Laurence Lebihan,Owner,"12, rue des Bouchers",Marseille,,13008,France,91.24.45.40,4,Margaret Peacock,Sales Representative,5-3-1993,Redmond,USA,2,United Package,(503) 555-3199,26,Pasta Buttini s.r.l.,Giovanni Giudici,Italy
10755,57,Ravioli Angelo,Grains/Cereals,"Breads, crackers, pasta, and cereal",19.5,19.5,14,0.25,204.75,11-26-1997,12-24-1997,11-28-1997,16.71,Bon app',"12, rue des Bouchers",Marseille,,13008,France,24 - 250 g pkgs.,36,0,20,0,BONAP,Bon app',Laurence Lebihan,Owner,"12, rue des Bouchers",Marseille,,13008,France,91.24.45.40,4,Margaret Peacock,Sales Representative,5-3-1993,Redmond,USA,2,United Package,(503) 555-3199,26,Pasta Buttini s.r.l.,Giovanni Giudici,Italy
10755,69,Gudbrandsdalsost,Dairy Products,Cheeses,36,36,25,0.25,675.0,11-26-1997,12-24-1997,11-28-1997,16.71,Bon app',"12, rue des Bouchers",Marseille,,13008,France,10 kg pkg.,26,0,15,0,BONAP,Bon app',Laurence Lebihan,Owner,"12, rue des Bouchers",Marseille,,13008,France,91.24.45.40,4,Margaret Peacock,Sales Representative,5-3-1993,Redmond,USA,2,United Package,(503) 555-3199,15,Norske Meierier,Beate Vileid,Norway
10756,18,Carnarvon Tigers,Seafood,Seaweed and fish,62.5,62.5,21,0.2,1050.0,11-27-1997,12-25-1997,12-2-1997,73.21,Split Rail Beer & Ale,P.O. Box 555,Lander,WY,82520,USA,16 kg pkg.,42,0,0,0,SPLIR,Split Rail Beer & Ale,Art Braunschweiger,Sales Manager,P.O. Box 555,Lander,WY,82520,USA,(307) 555-4680,8,Laura Callahan,Inside Sales Coordinator,3-5-1994,Seattle,USA,2,United Package,(503) 555-3199,7,"Pavlova, Ltd.",Ian Devling,Australia
10756,36,Inlagd Sill,Seafood,Seaweed and fish,19,19,20,0.2,304.0,11-27-1997,12-25-1997,12-2-1997,73.21,Split Rail Beer & Ale,P.O. Box 555,Lander,WY,82520,USA,24 - 250 g  jars,112,0,20,0,SPLIR,Split Rail Beer & Ale,Art Braunschweiger,Sales Manager,P.O. Box 555,Lander,WY,82520,USA,(307) 555-4680,8,Laura Callahan,Inside Sales Coordinator,3-5-1994,Seattle,USA,2,United Package,(503) 555-3199,17,Svensk Sj f da AB,Michael Bj rn,Sweden
10756,68,Scottish Longbreads,Confections,"Desserts, candies, and sweet breads",12.5,12.5,6,0.2,60.0,11-27-1997,12-25-1997,12-2-1997,73.21,Split Rail Beer & Ale,P.O. Box 555,Lander,WY,82520,USA,10 boxes x 8 pieces,6,10,15,0,SPLIR,Split Rail Beer & Ale,Art Braunschweiger,Sales Manager,P.O. Box 555,Lander,WY,82520,USA,(307) 555-4680,8,Laura Callahan,Inside Sales Coordinator,3-5-1994,Seattle,USA,2,United Package,(503) 555-3199,8,"Specialty Biscuits, Ltd.",Peter Wilson,UK
10756,69,Gudbrandsdalsost,Dairy Products,Cheeses,36,36,20,0.2,576.0,11-27-1997,12-25-1997,12-2-1997,73.21,Split Rail Beer & Ale,P.O. Box 555,Lander,WY,82520,USA,10 kg pkg.,26,0,15,0,SPLIR,Split Rail Beer & Ale,Art Braunschweiger,Sales Manager,P.O. Box 555,Lander,WY,82520,USA,(307) 555-4680,8,Laura Callahan,Inside Sales Coordinator,3-5-1994,Seattle,USA,2,United Package,(503) 555-3199,15,Norske Meierier,Beate Vileid,Norway
10757,34,Sasquatch Ale,Beverages,"Soft drinks, coffees, teas, beers, and ales",14,14,30,0,420.0,11-27-1997,12-25-1997,12-15-1997,8.19,Save-a-lot Markets,187 Suffolk Ln.,Boise,ID,83720,USA,24 - 12 oz bottles,111,0,15,0,SAVEA,Save-a-lot Markets,Jose Pavarotti,Sales Representative,187 Suffolk Ln.,Boise,ID,83720,USA,(208) 555-8097,6,Michael Suyama,Sales Representative,10-17-1993,London,UK,1,Speedy Express,(503) 555-9831,16,Bigfoot Breweries,Cheryl Saylor,USA
10757,59,Raclette Courdavault,Dairy Products,Cheeses,55,55,7,0,385.0,11-27-1997,12-25-1997,12-15-1997,8.19,Save-a-lot Markets,187 Suffolk Ln.,Boise,ID,83720,USA,5 kg pkg.,79,0,0,0,SAVEA,Save-a-lot Markets,Jose Pavarotti,Sales Representative,187 Suffolk Ln.,Boise,ID,83720,USA,(208) 555-8097,6,Michael Suyama,Sales Representative,10-17-1993,London,UK,1,Speedy Express,(503) 555-9831,28,Gai p turage,Eliane Noz,France
10757,62,Tarte au sucre,Confections,"Desserts, candies, and sweet breads",49.3,49.3,30,0,1479.0,11-27-1997,12-25-1997,12-15-1997,8.19,Save-a-lot Markets,187 Suffolk Ln.,Boise,ID,83720,USA,48 pies,17,0,0,0,SAVEA,Save-a-lot Markets,Jose Pavarotti,Sales Representative,187 Suffolk Ln.,Boise,ID,83720,USA,(208) 555-8097,6,Michael Suyama,Sales Representative,10-17-1993,London,UK,1,Speedy Express,(503) 555-9831,29,For ts d' rables,Chantal Goulet,Canada
10757,64,Wimmers gute Semmelkn del,Grains/Cereals,"Breads, crackers, pasta, and cereal",33.25,33.25,24,0,798.0,11-27-1997,12-25-1997,12-15-1997,8.19,Save-a-lot Markets,187 Suffolk Ln.,Boise,ID,83720,USA,20 bags x 4 pieces,22,80,30,0,SAVEA,Save-a-lot Markets,Jose Pavarotti,Sales Representative,187 Suffolk Ln.,Boise,ID,83720,USA,(208) 555-8097,6,Michael Suyama,Sales Representative,10-17-1993,London,UK,1,Speedy Express,(503) 555-9831,12,Plutzer Lebensmittelgro m rkte AG,Martin Bein,Germany
10758,26,Gumb r Gummib rchen,Confections,"Desserts, candies, and sweet breads",31.23,31.23,20,0,624.6,11-28-1997,12-26-1997,12-4-1997,138.17,Richter Supermarkt,Starenweg 5,Gen ve,,1204,Switzerland,100 - 250 g bags,15,0,0,0,RICSU,Richter Supermarkt,Michael Holz,Sales Manager,Grenzacherweg 237,Gen ve,,1203,Switzerland,0897-034214,3,Janet Leverling,Sales Representative,4-1-1992,Kirkland,USA,3,Federal Shipping,(503) 555-9931,11,Heli S  waren GmbH & Co. KG,Petra Winkler,Germany
10758,52,Filo Mix,Grains/Cereals,"Breads, crackers, pasta, and cereal",7,7,60,0,420.0,11-28-1997,12-26-1997,12-4-1997,138.17,Richter Supermarkt,Starenweg 5,Gen ve,,1204,Switzerland,16 - 2 kg boxes,38,0,25,0,RICSU,Richter Supermarkt,Michael Holz,Sales Manager,Grenzacherweg 237,Gen ve,,1203,Switzerland,0897-034214,3,Janet Leverling,Sales Representative,4-1-1992,Kirkland,USA,3,Federal Shipping,(503) 555-9931,24,"G'day, Mate",Wendy Mackenzie,Australia
10758,70,Outback Lager,Beverages,"Soft drinks, coffees, teas, beers, and ales",15,15,40,0,600.0,11-28-1997,12-26-1997,12-4-1997,138.17,Richter Supermarkt,Starenweg 5,Gen ve,,1204,Switzerland,24 - 355 ml bottles,15,10,30,0,RICSU,Richter Supermarkt,Michael Holz,Sales Manager,Grenzacherweg 237,Gen ve,,1203,Switzerland,0897-034214,3,Janet Leverling,Sales Representative,4-1-1992,Kirkland,USA,3,Federal Shipping,(503) 555-9931,7,"Pavlova, Ltd.",Ian Devling,Australia
10759,32,Mascarpone Fabioli,Dairy Products,Cheeses,32,32,10,0,320.0,11-28-1997,12-26-1997,12-12-1997,11.99,Ana Trujillo Emparedados y helados,Avda. de la Constituci n 2222,M xico D.F.,,05021,Mexico,24 - 200 g pkgs.,9,40,25,0,ANATR,Ana Trujillo Emparedados y helados,Ana Trujillo,Owner,Avda. de la Constituci n 2222,M xico D.F.,,05021,Mexico,(5) 555-4729,3,Janet Leverling,Sales Representative,4-1-1992,Kirkland,USA,3,Federal Shipping,(503) 555-9931,14,Formaggi Fortini s.r.l.,Elio Rossi,Italy
10760,25,NuNuCa Nu -Nougat-Creme,Confections,"Desserts, candies, and sweet breads",14,14,12,0.25,126.0,12-1-1997,12-29-1997,12-10-1997,155.64,Maison Dewey,Rue Joseph-Bens 532,Bruxelles,,B-1180,Belgium,20 - 450 g glasses,76,0,30,0,MAISD,Maison Dewey,Catherine Dewey,Sales Agent,Rue Joseph-Bens 532,Bruxelles,,B-1180,Belgium,(02) 201 24 67,4,Margaret Peacock,Sales Representative,5-3-1993,Redmond,USA,1,Speedy Express,(503) 555-9831,11,Heli S  waren GmbH & Co. KG,Petra Winkler,Germany
10760,27,Schoggi Schokolade,Confections,"Desserts, candies, and sweet breads",43.9,43.9,40,0,1756.0,12-1-1997,12-29-1997,12-10-1997,155.64,Maison Dewey,Rue Joseph-Bens 532,Bruxelles,,B-1180,Belgium,100 - 100 g pieces,49,0,30,0,MAISD,Maison Dewey,Catherine Dewey,Sales Agent,Rue Joseph-Bens 532,Bruxelles,,B-1180,Belgium,(02) 201 24 67,4,Margaret Peacock,Sales Representative,5-3-1993,Redmond,USA,1,Speedy Express,(503) 555-9831,11,Heli S  waren GmbH & Co. KG,Petra Winkler,Germany
10760,43,Ipoh Coffee,Beverages,"Soft drinks, coffees, teas, beers, and ales",46,46,30,0.25,1035.0,12-1-1997,12-29-1997,12-10-1997,155.64,Maison Dewey,Rue Joseph-Bens 532,Bruxelles,,B-1180,Belgium,16 - 500 g tins,17,10,25,0,MAISD,Maison Dewey,Catherine Dewey,Sales Agent,Rue Joseph-Bens 532,Bruxelles,,B-1180,Belgium,(02) 201 24 67,4,Margaret Peacock,Sales Representative,5-3-1993,Redmond,USA,1,Speedy Express,(503) 555-9831,20,Leka Trading,Chandra Leka,Singapore
10761,25,NuNuCa Nu -Nougat-Creme,Confections,"Desserts, candies, and sweet breads",14,14,35,0.25,367.5,12-2-1997,12-30-1997,12-8-1997,18.66,Rattlesnake Canyon Grocery,2817 Milton Dr.,Albuquerque,NM,87110,USA,20 - 450 g glasses,76,0,30,0,RATTC,Rattlesnake Canyon Grocery,Paula Wilson,Assistant Sales Representative,2817 Milton Dr.,Albuquerque,NM,87110,USA,(505) 555-5939,5,Steven Buchanan,Sales Manager,10-17-1993,London,UK,2,United Package,(503) 555-3199,11,Heli S  waren GmbH & Co. KG,Petra Winkler,Germany
10761,75,Rh nbr u Klosterbier,Beverages,"Soft drinks, coffees, teas, beers, and ales",7.75,7.75,18,0,139.5,12-2-1997,12-30-1997,12-8-1997,18.66,Rattlesnake Canyon Grocery,2817 Milton Dr.,Albuquerque,NM,87110,USA,24 - 0.5 l bottles,125,0,25,0,RATTC,Rattlesnake Canyon Grocery,Paula Wilson,Assistant Sales Representative,2817 Milton Dr.,Albuquerque,NM,87110,USA,(505) 555-5939,5,Steven Buchanan,Sales Manager,10-17-1993,London,UK,2,United Package,(503) 555-3199,12,Plutzer Lebensmittelgro m rkte AG,Martin Bein,Germany
10762,39,Chartreuse verte,Beverages,"Soft drinks, coffees, teas, beers, and ales",18,18,16,0,288.0,12-2-1997,12-30-1997,12-9-1997,328.74,Folk och f  HB,kergatan 24,Br cke,,S-844 67,Sweden,750 cc per bottle,69,0,5,0,FOLKO,Folk och f  HB,Maria Larsson,Owner,kergatan 24,Br cke,,S-844 67,Sweden,0695-34 67 21,3,Janet Leverling,Sales Representative,4-1-1992,Kirkland,USA,1,Speedy Express,(503) 555-9831,18,Aux joyeux eccl siastiques,Guyl ne Nodier,France
10762,47,Zaanse koeken,Confections,"Desserts, candies, and sweet breads",9.5,9.5,30,0,285.0,12-2-1997,12-30-1997,12-9-1997,328.74,Folk och f  HB,kergatan 24,Br cke,,S-844 67,Sweden,10 - 4 oz boxes,36,0,0,0,FOLKO,Folk och f  HB,Maria Larsson,Owner,kergatan 24,Br cke,,S-844 67,Sweden,0695-34 67 21,3,Janet Leverling,Sales Representative,4-1-1992,Kirkland,USA,1,Speedy Express,(503) 555-9831,22,Zaanse Snoepfabriek,Dirk Luchte,Netherlands
10762,51,Manjimup Dried Apples,Produce,Dried fruit and bean curd,53,53,28,0,1484.0,12-2-1997,12-30-1997,12-9-1997,328.74,Folk och f  HB,kergatan 24,Br cke,,S-844 67,Sweden,50 - 300 g pkgs.,20,0,10,0,FOLKO,Folk och f  HB,Maria Larsson,Owner,kergatan 24,Br cke,,S-844 67,Sweden,0695-34 67 21,3,Janet Leverling,Sales Representative,4-1-1992,Kirkland,USA,1,Speedy Express,(503) 555-9831,24,"G'day, Mate",Wendy Mackenzie,Australia
10762,56,Gnocchi di nonna Alice,Grains/Cereals,"Breads, crackers, pasta, and cereal",38,38,60,0,2280.0,12-2-1997,12-30-1997,12-9-1997,328.74,Folk och f  HB,kergatan 24,Br cke,,S-844 67,Sweden,24 - 250 g pkgs.,21,10,30,0,FOLKO,Folk och f  HB,Maria Larsson,Owner,kergatan 24,Br cke,,S-844 67,Sweden,0695-34 67 21,3,Janet Leverling,Sales Representative,4-1-1992,Kirkland,USA,1,Speedy Express,(503) 555-9831,26,Pasta Buttini s.r.l.,Giovanni Giudici,Italy
10763,21,Sir Rodney's Scones,Confections,"Desserts, candies, and sweet breads",10,10,40,0,400.0,12-3-1997,12-31-1997,12-8-1997,37.35,Folies gourmandes,"184, chauss e de Tournai",Lille,,59000,France,24 pkgs. x 4 pieces,3,40,5,0,FOLIG,Folies gourmandes,Martine Ranc,Assistant Sales Agent,"184, chauss e de Tournai",Lille,,59000,France,20.16.10.16,3,Janet Leverling,Sales Representative,4-1-1992,Kirkland,USA,3,Federal Shipping,(503) 555-9931,8,"Specialty Biscuits, Ltd.",Peter Wilson,UK
10763,22,Gustaf's Kn ckebr d,Grains/Cereals,"Breads, crackers, pasta, and cereal",21,21,6,0,126.0,12-3-1997,12-31-1997,12-8-1997,37.35,Folies gourmandes,"184, chauss e de Tournai",Lille,,59000,France,24 - 500 g pkgs.,104,0,25,0,FOLIG,Folies gourmandes,Martine Ranc,Assistant Sales Agent,"184, chauss e de Tournai",Lille,,59000,France,20.16.10.16,3,Janet Leverling,Sales Representative,4-1-1992,Kirkland,USA,3,Federal Shipping,(503) 555-9931,9,PB Kn ckebr d AB,Lars Peterson,Sweden
10763,24,Guaran  Fant stica,Beverages,"Soft drinks, coffees, teas, beers, and ales",4.5,4.5,20,0,90.0,12-3-1997,12-31-1997,12-8-1997,37.35,Folies gourmandes,"184, chauss e de Tournai",Lille,,59000,France,12 - 355 ml cans,20,0,0,1,FOLIG,Folies gourmandes,Martine Ranc,Assistant Sales Agent,"184, chauss e de Tournai",Lille,,59000,France,20.16.10.16,3,Janet Leverling,Sales Representative,4-1-1992,Kirkland,USA,3,Federal Shipping,(503) 555-9931,10,Refrescos Americanas LTDA,Carlos Diaz,Brazil
10764,3,Aniseed Syrup,Condiments,"Sweet and savory sauces, relishes, spreads, and seasonings",10,10,20,0.1,180.0,12-3-1997,12-31-1997,12-8-1997,145.45,Ernst Handel,Kirchgasse 6,Graz,,8010,Austria,12 - 550 ml bottles,13,70,25,0,ERNSH,Ernst Handel,Roland Mendel,Sales Manager,Kirchgasse 6,Graz,,8010,Austria,7675-3425,6,Michael Suyama,Sales Representative,10-17-1993,London,UK,3,Federal Shipping,(503) 555-9931,1,Exotic Liquids,Charlotte Cooper,UK
10764,39,Chartreuse verte,Beverages,"Soft drinks, coffees, teas, beers, and ales",18,18,130,0.1,2106.0,12-3-1997,12-31-1997,12-8-1997,145.45,Ernst Handel,Kirchgasse 6,Graz,,8010,Austria,750 cc per bottle,69,0,5,0,ERNSH,Ernst Handel,Roland Mendel,Sales Manager,Kirchgasse 6,Graz,,8010,Austria,7675-3425,6,Michael Suyama,Sales Representative,10-17-1993,London,UK,3,Federal Shipping,(503) 555-9931,18,Aux joyeux eccl siastiques,Guyl ne Nodier,France
10765,65,Louisiana Fiery Hot Pepper Sauce,Condiments,"Sweet and savory sauces, relishes, spreads, and seasonings",21.05,21.05,80,0.1,1515.6,12-4-1997,1-1-1998,12-9-1997,42.74,QUICK-Stop,Taucherstra e 10,Cunewalde,,01307,Germany,32 - 8 oz bottles,76,0,0,0,QUICK,QUICK-Stop,Horst Kloss,Accounting Manager,Taucherstra e 10,Cunewalde,,01307,Germany,0372-035188,3,Janet Leverling,Sales Representative,4-1-1992,Kirkland,USA,3,Federal Shipping,(503) 555-9931,2,New Orleans Cajun Delights,Shelley Burke,USA
10766,2,Chang,Beverages,"Soft drinks, coffees, teas, beers, and ales",19,19,40,0,760.0,12-5-1997,1-2-1998,12-9-1997,157.55,Ottilies K seladen,Mehrheimerstr. 369,K ln,,50739,Germany,24 - 12 oz bottles,17,40,25,1,OTTIK,Ottilies K seladen,Henriette Pfalzheim,Owner,Mehrheimerstr. 369,K ln,,50739,Germany,0221-0644327,4,Margaret Peacock,Sales Representative,5-3-1993,Redmond,USA,1,Speedy Express,(503) 555-9831,1,Exotic Liquids,Charlotte Cooper,UK
10766,7,Uncle Bob's Organic Dried Pears,Produce,Dried fruit and bean curd,30,30,35,0,1050.0,12-5-1997,1-2-1998,12-9-1997,157.55,Ottilies K seladen,Mehrheimerstr. 369,K ln,,50739,Germany,12 - 1 lb pkgs.,15,0,10,0,OTTIK,Ottilies K seladen,Henriette Pfalzheim,Owner,Mehrheimerstr. 369,K ln,,50739,Germany,0221-0644327,4,Margaret Peacock,Sales Representative,5-3-1993,Redmond,USA,1,Speedy Express,(503) 555-9831,3,Grandma Kelly's Homestead,Regina Murphy,USA
10766,68,Scottish Longbreads,Confections,"Desserts, candies, and sweet breads",12.5,12.5,40,0,500.0,12-5-1997,1-2-1998,12-9-1997,157.55,Ottilies K seladen,Mehrheimerstr. 369,K ln,,50739,Germany,10 boxes x 8 pieces,6,10,15,0,OTTIK,Ottilies K seladen,Henriette Pfalzheim,Owner,Mehrheimerstr. 369,K ln,,50739,Germany,0221-0644327,4,Margaret Peacock,Sales Representative,5-3-1993,Redmond,USA,1,Speedy Express,(503) 555-9831,8,"Specialty Biscuits, Ltd.",Peter Wilson,UK
10767,42,Singaporean Hokkien Fried Mee,Grains/Cereals,"Breads, crackers, pasta, and cereal",14,14,2,0,28.0,12-5-1997,1-2-1998,12-15-1997,1.59,Supr mes d lices,"Boulevard Tirou, 255",Charleroi,,B-6000,Belgium,32 - 1 kg pkgs.,26,0,0,1,SUPRD,Supr mes d lices,Pascale Cartrain,Accounting Manager,"Boulevard Tirou, 255",Charleroi,,B-6000,Belgium,(071) 23 67 22 20,4,Margaret Peacock,Sales Representative,5-3-1993,Redmond,USA,3,Federal Shipping,(503) 555-9931,20,Leka Trading,Chandra Leka,Singapore
10768,22,Gustaf's Kn ckebr d,Grains/Cereals,"Breads, crackers, pasta, and cereal",21,21,4,0,84.0,12-8-1997,1-5-1998,12-15-1997,146.32,Around the Horn,Brook Farm Stratford St. Mary,Colchester,Essex,CO7 6JX,UK,24 - 500 g pkgs.,104,0,25,0,AROUT,Around the Horn,Thomas Hardy,Sales Representative,120 Hanover Sq.,London,,WA1 1DP,UK,(171) 555-7788,3,Janet Leverling,Sales Representative,4-1-1992,Kirkland,USA,2,United Package,(503) 555-3199,9,PB Kn ckebr d AB,Lars Peterson,Sweden
10768,31,Gorgonzola Telino,Dairy Products,Cheeses,12.5,12.5,50,0,625.0,12-8-1997,1-5-1998,12-15-1997,146.32,Around the Horn,Brook Farm Stratford St. Mary,Colchester,Essex,CO7 6JX,UK,12 - 100 g pkgs,0,70,20,0,AROUT,Around the Horn,Thomas Hardy,Sales Representative,120 Hanover Sq.,London,,WA1 1DP,UK,(171) 555-7788,3,Janet Leverling,Sales Representative,4-1-1992,Kirkland,USA,2,United Package,(503) 555-3199,14,Formaggi Fortini s.r.l.,Elio Rossi,Italy
10768,60,Camembert Pierrot,Dairy Products,Cheeses,34,34,15,0,510.0,12-8-1997,1-5-1998,12-15-1997,146.32,Around the Horn,Brook Farm Stratford St. Mary,Colchester,Essex,CO7 6JX,UK,15 - 300 g rounds,19,0,0,0,AROUT,Around the Horn,Thomas Hardy,Sales Representative,120 Hanover Sq.,London,,WA1 1DP,UK,(171) 555-7788,3,Janet Leverling,Sales Representative,4-1-1992,Kirkland,USA,2,United Package,(503) 555-3199,28,Gai p turage,Eliane Noz,France
10768,71,Flotemysost,Dairy Products,Cheeses,21.5,21.5,12,0,258.0,12-8-1997,1-5-1998,12-15-1997,146.32,Around the Horn,Brook Farm Stratford St. Mary,Colchester,Essex,CO7 6JX,UK,10 - 500 g pkgs.,26,0,0,0,AROUT,Around the Horn,Thomas Hardy,Sales Representative,120 Hanover Sq.,London,,WA1 1DP,UK,(171) 555-7788,3,Janet Leverling,Sales Representative,4-1-1992,Kirkland,USA,2,United Package,(503) 555-3199,15,Norske Meierier,Beate Vileid,Norway
10769,41,Jack's New England Clam Chowder,Seafood,Seaweed and fish,9.65,9.65,30,0.05,275.02,12-8-1997,1-5-1998,12-12-1997,65.06,Vaffeljernet,Smagsloget 45,rhus,,8200,Denmark,12 - 12 oz cans,85,0,10,0,VAFFE,Vaffeljernet,Palle Ibsen,Sales Manager,Smagsloget 45,rhus,,8200,Denmark,86 21 32 43,3,Janet Leverling,Sales Representative,4-1-1992,Kirkland,USA,1,Speedy Express,(503) 555-9831,19,New England Seafood Cannery,Robb Merchant,USA
10769,52,Filo Mix,Grains/Cereals,"Breads, crackers, pasta, and cereal",7,7,15,0.05,99.75,12-8-1997,1-5-1998,12-12-1997,65.06,Vaffeljernet,Smagsloget 45,rhus,,8200,Denmark,16 - 2 kg boxes,38,0,25,0,VAFFE,Vaffeljernet,Palle Ibsen,Sales Manager,Smagsloget 45,rhus,,8200,Denmark,86 21 32 43,3,Janet Leverling,Sales Representative,4-1-1992,Kirkland,USA,1,Speedy Express,(503) 555-9831,24,"G'day, Mate",Wendy Mackenzie,Australia
10769,61,Sirop d' rable,Condiments,"Sweet and savory sauces, relishes, spreads, and seasonings",28.5,28.5,20,0,570.0,12-8-1997,1-5-1998,12-12-1997,65.06,Vaffeljernet,Smagsloget 45,rhus,,8200,Denmark,24 - 500 ml bottles,113,0,25,0,VAFFE,Vaffeljernet,Palle Ibsen,Sales Manager,Smagsloget 45,rhus,,8200,Denmark,86 21 32 43,3,Janet Leverling,Sales Representative,4-1-1992,Kirkland,USA,1,Speedy Express,(503) 555-9831,29,For ts d' rables,Chantal Goulet,Canada
10769,62,Tarte au sucre,Confections,"Desserts, candies, and sweet breads",49.3,49.3,15,0,739.5,12-8-1997,1-5-1998,12-12-1997,65.06,Vaffeljernet,Smagsloget 45,rhus,,8200,Denmark,48 pies,17,0,0,0,VAFFE,Vaffeljernet,Palle Ibsen,Sales Manager,Smagsloget 45,rhus,,8200,Denmark,86 21 32 43,3,Janet Leverling,Sales Representative,4-1-1992,Kirkland,USA,1,Speedy Express,(503) 555-9831,29,For ts d' rables,Chantal Goulet,Canada
10770,11,Queso Cabrales,Dairy Products,Cheeses,21,21,15,0.25,236.25,12-9-1997,1-6-1998,12-17-1997,5.32,Hanari Carnes,"Rua do Pa o, 67",Rio de Janeiro,RJ,05454-876,Brazil,1 kg pkg.,22,30,30,0,HANAR,Hanari Carnes,Mario Pontes,Accounting Manager,"Rua do Pa o, 67",Rio de Janeiro,RJ,05454-876,Brazil,(21) 555-0091,8,Laura Callahan,Inside Sales Coordinator,3-5-1994,Seattle,USA,3,Federal Shipping,(503) 555-9931,5,Cooperativa de Quesos 'Las Cabras',Antonio del Valle Saavedra,Spain
10771,71,Flotemysost,Dairy Products,Cheeses,21.5,21.5,16,0,344.0,12-10-1997,1-7-1998,1-2-1998,11.19,Ernst Handel,Kirchgasse 6,Graz,,8010,Austria,10 - 500 g pkgs.,26,0,0,0,ERNSH,Ernst Handel,Roland Mendel,Sales Manager,Kirchgasse 6,Graz,,8010,Austria,7675-3425,9,Anne Dodsworth,Sales Representative,11-15-1994,London,UK,2,United Package,(503) 555-3199,15,Norske Meierier,Beate Vileid,Norway
10772,29,Th ringer Rostbratwurst,Meat/Poultry,Prepared meats,123.79,123.79,18,0,2228.22,12-10-1997,1-7-1998,12-19-1997,91.28,Lehmanns Marktstand,Magazinweg 7,Frankfurt a.M.,,60528,Germany,50 bags x 30 sausgs.,0,0,0,1,LEHMS,Lehmanns Marktstand,Renate Messner,Sales Representative,Magazinweg 7,Frankfurt a.M.,,60528,Germany,069-0245984,3,Janet Leverling,Sales Representative,4-1-1992,Kirkland,USA,2,United Package,(503) 555-3199,12,Plutzer Lebensmittelgro m rkte AG,Martin Bein,Germany
10772,59,Raclette Courdavault,Dairy Products,Cheeses,55,55,25,0,1375.0,12-10-1997,1-7-1998,12-19-1997,91.28,Lehmanns Marktstand,Magazinweg 7,Frankfurt a.M.,,60528,Germany,5 kg pkg.,79,0,0,0,LEHMS,Lehmanns Marktstand,Renate Messner,Sales Representative,Magazinweg 7,Frankfurt a.M.,,60528,Germany,069-0245984,3,Janet Leverling,Sales Representative,4-1-1992,Kirkland,USA,2,United Package,(503) 555-3199,28,Gai p turage,Eliane Noz,France
10773,17,Alice Mutton,Meat/Poultry,Prepared meats,39,39,33,0,1287.0,12-11-1997,1-8-1998,12-16-1997,96.43,Ernst Handel,Kirchgasse 6,Graz,,8010,Austria,20 - 1 kg tins,0,0,0,1,ERNSH,Ernst Handel,Roland Mendel,Sales Manager,Kirchgasse 6,Graz,,8010,Austria,7675-3425,1,Nancy Davolio,Sales Representative,5-1-1992,Seattle,USA,3,Federal Shipping,(503) 555-9931,7,"Pavlova, Ltd.",Ian Devling,Australia
10773,31,Gorgonzola Telino,Dairy Products,Cheeses,12.5,12.5,70,0.2,700.0,12-11-1997,1-8-1998,12-16-1997,96.43,Ernst Handel,Kirchgasse 6,Graz,,8010,Austria,12 - 100 g pkgs,0,70,20,0,ERNSH,Ernst Handel,Roland Mendel,Sales Manager,Kirchgasse 6,Graz,,8010,Austria,7675-3425,1,Nancy Davolio,Sales Representative,5-1-1992,Seattle,USA,3,Federal Shipping,(503) 555-9931,14,Formaggi Fortini s.r.l.,Elio Rossi,Italy
10773,75,Rh nbr u Klosterbier,Beverages,"Soft drinks, coffees, teas, beers, and ales",7.75,7.75,7,0.2,43.4,12-11-1997,1-8-1998,12-16-1997,96.43,Ernst Handel,Kirchgasse 6,Graz,,8010,Austria,24 - 0.5 l bottles,125,0,25,0,ERNSH,Ernst Handel,Roland Mendel,Sales Manager,Kirchgasse 6,Graz,,8010,Austria,7675-3425,1,Nancy Davolio,Sales Representative,5-1-1992,Seattle,USA,3,Federal Shipping,(503) 555-9931,12,Plutzer Lebensmittelgro m rkte AG,Martin Bein,Germany
10774,31,Gorgonzola Telino,Dairy Products,Cheeses,12.5,12.5,2,0.25,18.75,12-11-1997,12-25-1997,12-12-1997,48.2,Folk och f  HB,kergatan 24,Br cke,,S-844 67,Sweden,12 - 100 g pkgs,0,70,20,0,FOLKO,Folk och f  HB,Maria Larsson,Owner,kergatan 24,Br cke,,S-844 67,Sweden,0695-34 67 21,4,Margaret Peacock,Sales Representative,5-3-1993,Redmond,USA,1,Speedy Express,(503) 555-9831,14,Formaggi Fortini s.r.l.,Elio Rossi,Italy
10774,66,Louisiana Hot Spiced Okra,Condiments,"Sweet and savory sauces, relishes, spreads, and seasonings",17,17,50,0,850.0,12-11-1997,12-25-1997,12-12-1997,48.2,Folk och f  HB,kergatan 24,Br cke,,S-844 67,Sweden,24 - 8 oz jars,4,100,20,0,FOLKO,Folk och f  HB,Maria Larsson,Owner,kergatan 24,Br cke,,S-844 67,Sweden,0695-34 67 21,4,Margaret Peacock,Sales Representative,5-3-1993,Redmond,USA,1,Speedy Express,(503) 555-9831,2,New Orleans Cajun Delights,Shelley Burke,USA
10775,10,Ikura,Seafood,Seaweed and fish,31,31,6,0,186.0,12-12-1997,1-9-1998,12-26-1997,20.25,The Cracker Box,55 Grizzly Peak Rd.,Butte,MT,59801,USA,12 - 200 ml jars,31,0,0,0,THECR,The Cracker Box,Liu Wong,Marketing Assistant,55 Grizzly Peak Rd.,Butte,MT,59801,USA,(406) 555-5834,7,Robert King,Sales Representative,1-2-1994,London,UK,1,Speedy Express,(503) 555-9831,4,Tokyo Traders,Yoshi Nagase,Japan
10775,67,Laughing Lumberjack Lager,Beverages,"Soft drinks, coffees, teas, beers, and ales",14,14,3,0,42.0,12-12-1997,1-9-1998,12-26-1997,20.25,The Cracker Box,55 Grizzly Peak Rd.,Butte,MT,59801,USA,24 - 12 oz bottles,52,0,10,0,THECR,The Cracker Box,Liu Wong,Marketing Assistant,55 Grizzly Peak Rd.,Butte,MT,59801,USA,(406) 555-5834,7,Robert King,Sales Representative,1-2-1994,London,UK,1,Speedy Express,(503) 555-9831,16,Bigfoot Breweries,Cheryl Saylor,USA
10776,31,Gorgonzola Telino,Dairy Products,Cheeses,12.5,12.5,16,0.05,190.0,12-15-1997,1-12-1998,12-18-1997,351.53,Ernst Handel,Kirchgasse 6,Graz,,8010,Austria,12 - 100 g pkgs,0,70,20,0,ERNSH,Ernst Handel,Roland Mendel,Sales Manager,Kirchgasse 6,Graz,,8010,Austria,7675-3425,1,Nancy Davolio,Sales Representative,5-1-1992,Seattle,USA,3,Federal Shipping,(503) 555-9931,14,Formaggi Fortini s.r.l.,Elio Rossi,Italy
10776,42,Singaporean Hokkien Fried Mee,Grains/Cereals,"Breads, crackers, pasta, and cereal",14,14,12,0.05,159.6,12-15-1997,1-12-1998,12-18-1997,351.53,Ernst Handel,Kirchgasse 6,Graz,,8010,Austria,32 - 1 kg pkgs.,26,0,0,1,ERNSH,Ernst Handel,Roland Mendel,Sales Manager,Kirchgasse 6,Graz,,8010,Austria,7675-3425,1,Nancy Davolio,Sales Representative,5-1-1992,Seattle,USA,3,Federal Shipping,(503) 555-9931,20,Leka Trading,Chandra Leka,Singapore
10776,45,Rogede sild,Seafood,Seaweed and fish,9.5,9.5,27,0.05,243.67,12-15-1997,1-12-1998,12-18-1997,351.53,Ernst Handel,Kirchgasse 6,Graz,,8010,Austria,1k pkg.,5,70,15,0,ERNSH,Ernst Handel,Roland Mendel,Sales Manager,Kirchgasse 6,Graz,,8010,Austria,7675-3425,1,Nancy Davolio,Sales Representative,5-1-1992,Seattle,USA,3,Federal Shipping,(503) 555-9931,21,Lyngbysild,Niels Petersen,Denmark
10776,51,Manjimup Dried Apples,Produce,Dried fruit and bean curd,53,53,120,0.05,6042.0,12-15-1997,1-12-1998,12-18-1997,351.53,Ernst Handel,Kirchgasse 6,Graz,,8010,Austria,50 - 300 g pkgs.,20,0,10,0,ERNSH,Ernst Handel,Roland Mendel,Sales Manager,Kirchgasse 6,Graz,,8010,Austria,7675-3425,1,Nancy Davolio,Sales Representative,5-1-1992,Seattle,USA,3,Federal Shipping,(503) 555-9931,24,"G'day, Mate",Wendy Mackenzie,Australia
10777,42,Singaporean Hokkien Fried Mee,Grains/Cereals,"Breads, crackers, pasta, and cereal",14,14,20,0.2,224.0,12-15-1997,12-29-1997,1-21-1998,3.01,Gourmet Lanchonetes,"Av. Brasil, 442",Campinas,SP,04876-786,Brazil,32 - 1 kg pkgs.,26,0,0,1,GOURL,Gourmet Lanchonetes,Andr  Fonseca,Sales Associate,"Av. Brasil, 442",Campinas,SP,04876-786,Brazil,(11) 555-9482,7,Robert King,Sales Representative,1-2-1994,London,UK,2,United Package,(503) 555-3199,20,Leka Trading,Chandra Leka,Singapore
10778,41,Jack's New England Clam Chowder,Seafood,Seaweed and fish,9.65,9.65,10,0,96.5,12-16-1997,1-13-1998,12-24-1997,6.79,Berglunds snabbk p,Berguvsv gen  8,Lule,,S-958 22,Sweden,12 - 12 oz cans,85,0,10,0,BERGS,Berglunds snabbk p,Christina Berglund,Order Administrator,Berguvsv gen  8,Lule,,S-958 22,Sweden,0921-12 34 65,3,Janet Leverling,Sales Representative,4-1-1992,Kirkland,USA,1,Speedy Express,(503) 555-9831,19,New England Seafood Cannery,Robb Merchant,USA
10779,16,Pavlova,Confections,"Desserts, candies, and sweet breads",17.45,17.45,20,0,349.0,12-16-1997,1-13-1998,1-14-1998,58.13,Morgenstern Gesundkost,Heerstr. 22,Leipzig,,04179,Germany,32 - 500 g boxes,29,0,10,0,MORGK,Morgenstern Gesundkost,Alexander Feuer,Marketing Assistant,Heerstr. 22,Leipzig,,04179,Germany,0342-023176,3,Janet Leverling,Sales Representative,4-1-1992,Kirkland,USA,2,United Package,(503) 555-3199,7,"Pavlova, Ltd.",Ian Devling,Australia
10779,62,Tarte au sucre,Confections,"Desserts, candies, and sweet breads",49.3,49.3,20,0,986.0,12-16-1997,1-13-1998,1-14-1998,58.13,Morgenstern Gesundkost,Heerstr. 22,Leipzig,,04179,Germany,48 pies,17,0,0,0,MORGK,Morgenstern Gesundkost,Alexander Feuer,Marketing Assistant,Heerstr. 22,Leipzig,,04179,Germany,0342-023176,3,Janet Leverling,Sales Representative,4-1-1992,Kirkland,USA,2,United Package,(503) 555-3199,29,For ts d' rables,Chantal Goulet,Canada
10780,70,Outback Lager,Beverages,"Soft drinks, coffees, teas, beers, and ales",15,15,35,0,525.0,12-16-1997,12-30-1997,12-25-1997,42.13,LILA-Supermercado,Carrera 52 con Ave. Bol var #65-98 Llano Largo,Barquisimeto,Lara,3508,Venezuela,24 - 355 ml bottles,15,10,30,0,LILAS,LILA-Supermercado,Carlos Gonz lez,Accounting Manager,Carrera 52 con Ave. Bol var #65-98 Llano Largo,Barquisimeto,Lara,3508,Venezuela,(9) 331-6954,2,Andrew Fuller,"Vice President, Sales",8-14-1992,Tacoma,USA,1,Speedy Express,(503) 555-9831,7,"Pavlova, Ltd.",Ian Devling,Australia
10780,77,Original Frankfurter gr ne So e,Condiments,"Sweet and savory sauces, relishes, spreads, and seasonings",13,13,15,0,195.0,12-16-1997,12-30-1997,12-25-1997,42.13,LILA-Supermercado,Carrera 52 con Ave. Bol var #65-98 Llano Largo,Barquisimeto,Lara,3508,Venezuela,12 boxes,32,0,15,0,LILAS,LILA-Supermercado,Carlos Gonz lez,Accounting Manager,Carrera 52 con Ave. Bol var #65-98 Llano Largo,Barquisimeto,Lara,3508,Venezuela,(9) 331-6954,2,Andrew Fuller,"Vice President, Sales",8-14-1992,Tacoma,USA,1,Speedy Express,(503) 555-9831,12,Plutzer Lebensmittelgro m rkte AG,Martin Bein,Germany
10781,54,Tourti re,Meat/Poultry,Prepared meats,7.45,7.45,3,0.2,17.88,12-17-1997,1-14-1998,12-19-1997,73.16,Wartian Herkku,Torikatu 38,Oulu,,90110,Finland,16 pies,21,0,10,0,WARTH,Wartian Herkku,Pirkko Koskitalo,Accounting Manager,Torikatu 38,Oulu,,90110,Finland,981-443655,2,Andrew Fuller,"Vice President, Sales",8-14-1992,Tacoma,USA,3,Federal Shipping,(503) 555-9931,25,Ma Maison,Jean-Guy Lauzon,Canada
10781,56,Gnocchi di nonna Alice,Grains/Cereals,"Breads, crackers, pasta, and cereal",38,38,20,0.2,608.0,12-17-1997,1-14-1998,12-19-1997,73.16,Wartian Herkku,Torikatu 38,Oulu,,90110,Finland,24 - 250 g pkgs.,21,10,30,0,WARTH,Wartian Herkku,Pirkko Koskitalo,Accounting Manager,Torikatu 38,Oulu,,90110,Finland,981-443655,2,Andrew Fuller,"Vice President, Sales",8-14-1992,Tacoma,USA,3,Federal Shipping,(503) 555-9931,26,Pasta Buttini s.r.l.,Giovanni Giudici,Italy
10781,74,Longlife Tofu,Produce,Dried fruit and bean curd,10,10,35,0,350.0,12-17-1997,1-14-1998,12-19-1997,73.16,Wartian Herkku,Torikatu 38,Oulu,,90110,Finland,5 kg pkg.,4,20,5,0,WARTH,Wartian Herkku,Pirkko Koskitalo,Accounting Manager,Torikatu 38,Oulu,,90110,Finland,981-443655,2,Andrew Fuller,"Vice President, Sales",8-14-1992,Tacoma,USA,3,Federal Shipping,(503) 555-9931,4,Tokyo Traders,Yoshi Nagase,Japan
10782,31,Gorgonzola Telino,Dairy Products,Cheeses,12.5,12.5,1,0,12.5,12-17-1997,1-14-1998,12-22-1997,1.1,Cactus Comidas para llevar,Cerrito 333,Buenos Aires,,1010,Argentina,12 - 100 g pkgs,0,70,20,0,CACTU,Cactus Comidas para llevar,Patricio Simpson,Sales Agent,Cerrito 333,Buenos Aires,,1010,Argentina,(1) 135-5555,9,Anne Dodsworth,Sales Representative,11-15-1994,London,UK,3,Federal Shipping,(503) 555-9931,14,Formaggi Fortini s.r.l.,Elio Rossi,Italy
10783,31,Gorgonzola Telino,Dairy Products,Cheeses,12.5,12.5,10,0,125.0,12-18-1997,1-15-1998,12-19-1997,124.98,Hanari Carnes,"Rua do Pa o, 67",Rio de Janeiro,RJ,05454-876,Brazil,12 - 100 g pkgs,0,70,20,0,HANAR,Hanari Carnes,Mario Pontes,Accounting Manager,"Rua do Pa o, 67",Rio de Janeiro,RJ,05454-876,Brazil,(21) 555-0091,4,Margaret Peacock,Sales Representative,5-3-1993,Redmond,USA,2,United Package,(503) 555-3199,14,Formaggi Fortini s.r.l.,Elio Rossi,Italy
10783,38,C te de Blaye,Beverages,"Soft drinks, coffees, teas, beers, and ales",263.5,263.5,5,0,1317.5,12-18-1997,1-15-1998,12-19-1997,124.98,Hanari Carnes,"Rua do Pa o, 67",Rio de Janeiro,RJ,05454-876,Brazil,12 - 75 cl bottles,17,0,15,0,HANAR,Hanari Carnes,Mario Pontes,Accounting Manager,"Rua do Pa o, 67",Rio de Janeiro,RJ,05454-876,Brazil,(21) 555-0091,4,Margaret Peacock,Sales Representative,5-3-1993,Redmond,USA,2,United Package,(503) 555-3199,18,Aux joyeux eccl siastiques,Guyl ne Nodier,France
10784,36,Inlagd Sill,Seafood,Seaweed and fish,19,19,30,0,570.0,12-18-1997,1-15-1998,12-22-1997,70.09,Magazzini Alimentari Riuniti,Via Ludovico il Moro 22,Bergamo,,24100,Italy,24 - 250 g  jars,112,0,20,0,MAGAA,Magazzini Alimentari Riuniti,Giovanni Rovelli,Marketing Manager,Via Ludovico il Moro 22,Bergamo,,24100,Italy,035-640230,4,Margaret Peacock,Sales Representative,5-3-1993,Redmond,USA,3,Federal Shipping,(503) 555-9931,17,Svensk Sj f da AB,Michael Bj rn,Sweden
10784,39,Chartreuse verte,Beverages,"Soft drinks, coffees, teas, beers, and ales",18,18,2,0.15,30.6,12-18-1997,1-15-1998,12-22-1997,70.09,Magazzini Alimentari Riuniti,Via Ludovico il Moro 22,Bergamo,,24100,Italy,750 cc per bottle,69,0,5,0,MAGAA,Magazzini Alimentari Riuniti,Giovanni Rovelli,Marketing Manager,Via Ludovico il Moro 22,Bergamo,,24100,Italy,035-640230,4,Margaret Peacock,Sales Representative,5-3-1993,Redmond,USA,3,Federal Shipping,(503) 555-9931,18,Aux joyeux eccl siastiques,Guyl ne Nodier,France
10784,72,Mozzarella di Giovanni,Dairy Products,Cheeses,34.8,34.8,30,0.15,887.4,12-18-1997,1-15-1998,12-22-1997,70.09,Magazzini Alimentari Riuniti,Via Ludovico il Moro 22,Bergamo,,24100,Italy,24 - 200 g pkgs.,14,0,0,0,MAGAA,Magazzini Alimentari Riuniti,Giovanni Rovelli,Marketing Manager,Via Ludovico il Moro 22,Bergamo,,24100,Italy,035-640230,4,Margaret Peacock,Sales Representative,5-3-1993,Redmond,USA,3,Federal Shipping,(503) 555-9931,14,Formaggi Fortini s.r.l.,Elio Rossi,Italy
10785,10,Ikura,Seafood,Seaweed and fish,31,31,10,0,310.0,12-18-1997,1-15-1998,12-24-1997,1.51,GROSELLA-Restaurante,5  Ave. Los Palos Grandes,Caracas,DF,1081,Venezuela,12 - 200 ml jars,31,0,0,0,GROSR,GROSELLA-Restaurante,Manuel Pereira,Owner,5  Ave. Los Palos Grandes,Caracas,DF,1081,Venezuela,(2) 283-2951,1,Nancy Davolio,Sales Representative,5-1-1992,Seattle,USA,3,Federal Shipping,(503) 555-9931,4,Tokyo Traders,Yoshi Nagase,Japan
10785,75,Rh nbr u Klosterbier,Beverages,"Soft drinks, coffees, teas, beers, and ales",7.75,7.75,10,0,77.5,12-18-1997,1-15-1998,12-24-1997,1.51,GROSELLA-Restaurante,5  Ave. Los Palos Grandes,Caracas,DF,1081,Venezuela,24 - 0.5 l bottles,125,0,25,0,GROSR,GROSELLA-Restaurante,Manuel Pereira,Owner,5  Ave. Los Palos Grandes,Caracas,DF,1081,Venezuela,(2) 283-2951,1,Nancy Davolio,Sales Representative,5-1-1992,Seattle,USA,3,Federal Shipping,(503) 555-9931,12,Plutzer Lebensmittelgro m rkte AG,Martin Bein,Germany
10786,8,Northwoods Cranberry Sauce,Condiments,"Sweet and savory sauces, relishes, spreads, and seasonings",40,40,30,0.2,960.0,12-19-1997,1-16-1998,12-23-1997,110.87,Queen Cozinha,"Alameda dos Can rios, 891",Sao Paulo,SP,05487-020,Brazil,12 - 12 oz jars,6,0,0,0,QUEEN,Queen Cozinha,L cia Carvalho,Marketing Assistant,"Alameda dos Can rios, 891",Sao Paulo,SP,05487-020,Brazil,(11) 555-1189,8,Laura Callahan,Inside Sales Coordinator,3-5-1994,Seattle,USA,1,Speedy Express,(503) 555-9831,3,Grandma Kelly's Homestead,Regina Murphy,USA
10786,30,Nord-Ost Matjeshering,Seafood,Seaweed and fish,25.89,25.89,15,0.2,310.68,12-19-1997,1-16-1998,12-23-1997,110.87,Queen Cozinha,"Alameda dos Can rios, 891",Sao Paulo,SP,05487-020,Brazil,10 - 200 g glasses,10,0,15,0,QUEEN,Queen Cozinha,L cia Carvalho,Marketing Assistant,"Alameda dos Can rios, 891",Sao Paulo,SP,05487-020,Brazil,(11) 555-1189,8,Laura Callahan,Inside Sales Coordinator,3-5-1994,Seattle,USA,1,Speedy Express,(503) 555-9831,13,Nord-Ost-Fisch Handelsgesellschaft mbH,Sven Petersen,Germany
10786,75,Rh nbr u Klosterbier,Beverages,"Soft drinks, coffees, teas, beers, and ales",7.75,7.75,42,0.2,260.4,12-19-1997,1-16-1998,12-23-1997,110.87,Queen Cozinha,"Alameda dos Can rios, 891",Sao Paulo,SP,05487-020,Brazil,24 - 0.5 l bottles,125,0,25,0,QUEEN,Queen Cozinha,L cia Carvalho,Marketing Assistant,"Alameda dos Can rios, 891",Sao Paulo,SP,05487-020,Brazil,(11) 555-1189,8,Laura Callahan,Inside Sales Coordinator,3-5-1994,Seattle,USA,1,Speedy Express,(503) 555-9831,12,Plutzer Lebensmittelgro m rkte AG,Martin Bein,Germany
10787,2,Chang,Beverages,"Soft drinks, coffees, teas, beers, and ales",19,19,15,0.05,270.75,12-19-1997,1-2-1998,12-26-1997,249.93,La maison d'Asie,1 rue Alsace-Lorraine,Toulouse,,31000,France,24 - 12 oz bottles,17,40,25,1,LAMAI,La maison d'Asie,Annette Roulet,Sales Manager,1 rue Alsace-Lorraine,Toulouse,,31000,France,61.77.61.10,2,Andrew Fuller,"Vice President, Sales",8-14-1992,Tacoma,USA,1,Speedy Express,(503) 555-9831,1,Exotic Liquids,Charlotte Cooper,UK
10787,29,Th ringer Rostbratwurst,Meat/Poultry,Prepared meats,123.79,123.79,20,0.05,2352.01,12-19-1997,1-2-1998,12-26-1997,249.93,La maison d'Asie,1 rue Alsace-Lorraine,Toulouse,,31000,France,50 bags x 30 sausgs.,0,0,0,1,LAMAI,La maison d'Asie,Annette Roulet,Sales Manager,1 rue Alsace-Lorraine,Toulouse,,31000,France,61.77.61.10,2,Andrew Fuller,"Vice President, Sales",8-14-1992,Tacoma,USA,1,Speedy Express,(503) 555-9831,12,Plutzer Lebensmittelgro m rkte AG,Martin Bein,Germany
10788,19,Teatime Chocolate Biscuits,Confections,"Desserts, candies, and sweet breads",9.2,9.2,50,0.05,437.0,12-22-1997,1-19-1998,1-19-1998,42.7,QUICK-Stop,Taucherstra e 10,Cunewalde,,01307,Germany,10 boxes x 12 pieces,25,0,5,0,QUICK,QUICK-Stop,Horst Kloss,Accounting Manager,Taucherstra e 10,Cunewalde,,01307,Germany,0372-035188,1,Nancy Davolio,Sales Representative,5-1-1992,Seattle,USA,2,United Package,(503) 555-3199,8,"Specialty Biscuits, Ltd.",Peter Wilson,UK
10788,75,Rh nbr u Klosterbier,Beverages,"Soft drinks, coffees, teas, beers, and ales",7.75,7.75,40,0.05,294.5,12-22-1997,1-19-1998,1-19-1998,42.7,QUICK-Stop,Taucherstra e 10,Cunewalde,,01307,Germany,24 - 0.5 l bottles,125,0,25,0,QUICK,QUICK-Stop,Horst Kloss,Accounting Manager,Taucherstra e 10,Cunewalde,,01307,Germany,0372-035188,1,Nancy Davolio,Sales Representative,5-1-1992,Seattle,USA,2,United Package,(503) 555-3199,12,Plutzer Lebensmittelgro m rkte AG,Martin Bein,Germany
10789,18,Carnarvon Tigers,Seafood,Seaweed and fish,62.5,62.5,30,0,1875.0,12-22-1997,1-19-1998,12-31-1997,100.6,Folies gourmandes,"184, chauss e de Tournai",Lille,,59000,France,16 kg pkg.,42,0,0,0,FOLIG,Folies gourmandes,Martine Ranc,Assistant Sales Agent,"184, chauss e de Tournai",Lille,,59000,France,20.16.10.16,1,Nancy Davolio,Sales Representative,5-1-1992,Seattle,USA,2,United Package,(503) 555-3199,7,"Pavlova, Ltd.",Ian Devling,Australia
10789,35,Steeleye Stout,Beverages,"Soft drinks, coffees, teas, beers, and ales",18,18,15,0,270.0,12-22-1997,1-19-1998,12-31-1997,100.6,Folies gourmandes,"184, chauss e de Tournai",Lille,,59000,France,24 - 12 oz bottles,20,0,15,0,FOLIG,Folies gourmandes,Martine Ranc,Assistant Sales Agent,"184, chauss e de Tournai",Lille,,59000,France,20.16.10.16,1,Nancy Davolio,Sales Representative,5-1-1992,Seattle,USA,2,United Package,(503) 555-3199,16,Bigfoot Breweries,Cheryl Saylor,USA
10789,63,Vegie-spread,Condiments,"Sweet and savory sauces, relishes, spreads, and seasonings",43.9,43.9,30,0,1317.0,12-22-1997,1-19-1998,12-31-1997,100.6,Folies gourmandes,"184, chauss e de Tournai",Lille,,59000,France,15 - 625 g jars,24,0,5,0,FOLIG,Folies gourmandes,Martine Ranc,Assistant Sales Agent,"184, chauss e de Tournai",Lille,,59000,France,20.16.10.16,1,Nancy Davolio,Sales Representative,5-1-1992,Seattle,USA,2,United Package,(503) 555-3199,7,"Pavlova, Ltd.",Ian Devling,Australia
10789,68,Scottish Longbreads,Confections,"Desserts, candies, and sweet breads",12.5,12.5,18,0,225.0,12-22-1997,1-19-1998,12-31-1997,100.6,Folies gourmandes,"184, chauss e de Tournai",Lille,,59000,France,10 boxes x 8 pieces,6,10,15,0,FOLIG,Folies gourmandes,Martine Ranc,Assistant Sales Agent,"184, chauss e de Tournai",Lille,,59000,France,20.16.10.16,1,Nancy Davolio,Sales Representative,5-1-1992,Seattle,USA,2,United Package,(503) 555-3199,8,"Specialty Biscuits, Ltd.",Peter Wilson,UK
10790,7,Uncle Bob's Organic Dried Pears,Produce,Dried fruit and bean curd,30,30,3,0.15,76.5,12-22-1997,1-19-1998,12-26-1997,28.23,Gourmet Lanchonetes,"Av. Brasil, 442",Campinas,SP,04876-786,Brazil,12 - 1 lb pkgs.,15,0,10,0,GOURL,Gourmet Lanchonetes,Andr  Fonseca,Sales Associate,"Av. Brasil, 442",Campinas,SP,04876-786,Brazil,(11) 555-9482,6,Michael Suyama,Sales Representative,10-17-1993,London,UK,1,Speedy Express,(503) 555-9831,3,Grandma Kelly's Homestead,Regina Murphy,USA
10790,56,Gnocchi di nonna Alice,Grains/Cereals,"Breads, crackers, pasta, and cereal",38,38,20,0.15,646.0,12-22-1997,1-19-1998,12-26-1997,28.23,Gourmet Lanchonetes,"Av. Brasil, 442",Campinas,SP,04876-786,Brazil,24 - 250 g pkgs.,21,10,30,0,GOURL,Gourmet Lanchonetes,Andr  Fonseca,Sales Associate,"Av. Brasil, 442",Campinas,SP,04876-786,Brazil,(11) 555-9482,6,Michael Suyama,Sales Representative,10-17-1993,London,UK,1,Speedy Express,(503) 555-9831,26,Pasta Buttini s.r.l.,Giovanni Giudici,Italy
10791,29,Th ringer Rostbratwurst,Meat/Poultry,Prepared meats,123.79,123.79,14,0.05,1646.41,12-23-1997,1-20-1998,1-1-1998,16.85,Frankenversand,Berliner Platz 43,M nchen,,80805,Germany,50 bags x 30 sausgs.,0,0,0,1,FRANK,Frankenversand,Peter Franken,Marketing Manager,Berliner Platz 43,M nchen,,80805,Germany,089-0877310,6,Michael Suyama,Sales Representative,10-17-1993,London,UK,2,United Package,(503) 555-3199,12,Plutzer Lebensmittelgro m rkte AG,Martin Bein,Germany
10791,41,Jack's New England Clam Chowder,Seafood,Seaweed and fish,9.65,9.65,20,0.05,183.35,12-23-1997,1-20-1998,1-1-1998,16.85,Frankenversand,Berliner Platz 43,M nchen,,80805,Germany,12 - 12 oz cans,85,0,10,0,FRANK,Frankenversand,Peter Franken,Marketing Manager,Berliner Platz 43,M nchen,,80805,Germany,089-0877310,6,Michael Suyama,Sales Representative,10-17-1993,London,UK,2,United Package,(503) 555-3199,19,New England Seafood Cannery,Robb Merchant,USA
10792,2,Chang,Beverages,"Soft drinks, coffees, teas, beers, and ales",19,19,10,0,190.0,12-23-1997,1-20-1998,12-31-1997,23.79,Wolski Zajazd,ul. Filtrowa 68,Warszawa,,01-012,Poland,24 - 12 oz bottles,17,40,25,1,WOLZA,Wolski  Zajazd,Zbyszek Piestrzeniewicz,Owner,ul. Filtrowa 68,Warszawa,,01-012,Poland,(26) 642-7012,1,Nancy Davolio,Sales Representative,5-1-1992,Seattle,USA,3,Federal Shipping,(503) 555-9931,1,Exotic Liquids,Charlotte Cooper,UK
10792,54,Tourti re,Meat/Poultry,Prepared meats,7.45,7.45,3,0,22.35,12-23-1997,1-20-1998,12-31-1997,23.79,Wolski Zajazd,ul. Filtrowa 68,Warszawa,,01-012,Poland,16 pies,21,0,10,0,WOLZA,Wolski  Zajazd,Zbyszek Piestrzeniewicz,Owner,ul. Filtrowa 68,Warszawa,,01-012,Poland,(26) 642-7012,1,Nancy Davolio,Sales Representative,5-1-1992,Seattle,USA,3,Federal Shipping,(503) 555-9931,25,Ma Maison,Jean-Guy Lauzon,Canada
10792,68,Scottish Longbreads,Confections,"Desserts, candies, and sweet breads",12.5,12.5,15,0,187.5,12-23-1997,1-20-1998,12-31-1997,23.79,Wolski Zajazd,ul. Filtrowa 68,Warszawa,,01-012,Poland,10 boxes x 8 pieces,6,10,15,0,WOLZA,Wolski  Zajazd,Zbyszek Piestrzeniewicz,Owner,ul. Filtrowa 68,Warszawa,,01-012,Poland,(26) 642-7012,1,Nancy Davolio,Sales Representative,5-1-1992,Seattle,USA,3,Federal Shipping,(503) 555-9931,8,"Specialty Biscuits, Ltd.",Peter Wilson,UK
10793,41,Jack's New England Clam Chowder,Seafood,Seaweed and fish,9.65,9.65,14,0,135.1,12-24-1997,1-21-1998,1-8-1998,4.52,Around the Horn,Brook Farm Stratford St. Mary,Colchester,Essex,CO7 6JX,UK,12 - 12 oz cans,85,0,10,0,AROUT,Around the Horn,Thomas Hardy,Sales Representative,120 Hanover Sq.,London,,WA1 1DP,UK,(171) 555-7788,3,Janet Leverling,Sales Representative,4-1-1992,Kirkland,USA,3,Federal Shipping,(503) 555-9931,19,New England Seafood Cannery,Robb Merchant,USA
10793,52,Filo Mix,Grains/Cereals,"Breads, crackers, pasta, and cereal",7,7,8,0,56.0,12-24-1997,1-21-1998,1-8-1998,4.52,Around the Horn,Brook Farm Stratford St. Mary,Colchester,Essex,CO7 6JX,UK,16 - 2 kg boxes,38,0,25,0,AROUT,Around the Horn,Thomas Hardy,Sales Representative,120 Hanover Sq.,London,,WA1 1DP,UK,(171) 555-7788,3,Janet Leverling,Sales Representative,4-1-1992,Kirkland,USA,3,Federal Shipping,(503) 555-9931,24,"G'day, Mate",Wendy Mackenzie,Australia
10794,14,Tofu,Produce,Dried fruit and bean curd,23.25,23.25,15,0.2,279.0,12-24-1997,1-21-1998,1-2-1998,21.49,Que Del cia,"Rua da Panificadora, 12",Rio de Janeiro,RJ,02389-673,Brazil,40 - 100 g pkgs.,35,0,0,0,QUEDE,Que Del cia,Bernardo Batista,Accounting Manager,"Rua da Panificadora, 12",Rio de Janeiro,RJ,02389-673,Brazil,(21) 555-4252,6,Michael Suyama,Sales Representative,10-17-1993,London,UK,1,Speedy Express,(503) 555-9831,6,Mayumi's,Mayumi Ohno,Japan
10794,54,Tourti re,Meat/Poultry,Prepared meats,7.45,7.45,6,0.2,35.76,12-24-1997,1-21-1998,1-2-1998,21.49,Que Del cia,"Rua da Panificadora, 12",Rio de Janeiro,RJ,02389-673,Brazil,16 pies,21,0,10,0,QUEDE,Que Del cia,Bernardo Batista,Accounting Manager,"Rua da Panificadora, 12",Rio de Janeiro,RJ,02389-673,Brazil,(21) 555-4252,6,Michael Suyama,Sales Representative,10-17-1993,London,UK,1,Speedy Express,(503) 555-9831,25,Ma Maison,Jean-Guy Lauzon,Canada
10795,16,Pavlova,Confections,"Desserts, candies, and sweet breads",17.45,17.45,65,0,1134.25,12-24-1997,1-21-1998,1-20-1998,126.66,Ernst Handel,Kirchgasse 6,Graz,,8010,Austria,32 - 500 g boxes,29,0,10,0,ERNSH,Ernst Handel,Roland Mendel,Sales Manager,Kirchgasse 6,Graz,,8010,Austria,7675-3425,8,Laura Callahan,Inside Sales Coordinator,3-5-1994,Seattle,USA,2,United Package,(503) 555-3199,7,"Pavlova, Ltd.",Ian Devling,Australia
10795,17,Alice Mutton,Meat/Poultry,Prepared meats,39,39,35,0.25,1023.75,12-24-1997,1-21-1998,1-20-1998,126.66,Ernst Handel,Kirchgasse 6,Graz,,8010,Austria,20 - 1 kg tins,0,0,0,1,ERNSH,Ernst Handel,Roland Mendel,Sales Manager,Kirchgasse 6,Graz,,8010,Austria,7675-3425,8,Laura Callahan,Inside Sales Coordinator,3-5-1994,Seattle,USA,2,United Package,(503) 555-3199,7,"Pavlova, Ltd.",Ian Devling,Australia
10796,26,Gumb r Gummib rchen,Confections,"Desserts, candies, and sweet breads",31.23,31.23,21,0.2,524.66,12-25-1997,1-22-1998,1-14-1998,26.52,HILARION-Abastos,Carrera 22 con Ave. Carlos Soublette #8-35,San Crist bal,T chira,5022,Venezuela,100 - 250 g bags,15,0,0,0,HILAA,HILARION-Abastos,Carlos Hern ndez,Sales Representative,Carrera 22 con Ave. Carlos Soublette #8-35,San Crist bal,T chira,5022,Venezuela,(5) 555-1340,3,Janet Leverling,Sales Representative,4-1-1992,Kirkland,USA,1,Speedy Express,(503) 555-9831,11,Heli S  waren GmbH & Co. KG,Petra Winkler,Germany
10796,44,Gula Malacca,Condiments,"Sweet and savory sauces, relishes, spreads, and seasonings",19.45,19.45,10,0,194.5,12-25-1997,1-22-1998,1-14-1998,26.52,HILARION-Abastos,Carrera 22 con Ave. Carlos Soublette #8-35,San Crist bal,T chira,5022,Venezuela,20 - 2 kg bags,27,0,15,0,HILAA,HILARION-Abastos,Carlos Hern ndez,Sales Representative,Carrera 22 con Ave. Carlos Soublette #8-35,San Crist bal,T chira,5022,Venezuela,(5) 555-1340,3,Janet Leverling,Sales Representative,4-1-1992,Kirkland,USA,1,Speedy Express,(503) 555-9831,20,Leka Trading,Chandra Leka,Singapore
10796,64,Wimmers gute Semmelkn del,Grains/Cereals,"Breads, crackers, pasta, and cereal",33.25,33.25,35,0.2,931.0,12-25-1997,1-22-1998,1-14-1998,26.52,HILARION-Abastos,Carrera 22 con Ave. Carlos Soublette #8-35,San Crist bal,T chira,5022,Venezuela,20 bags x 4 pieces,22,80,30,0,HILAA,HILARION-Abastos,Carlos Hern ndez,Sales Representative,Carrera 22 con Ave. Carlos Soublette #8-35,San Crist bal,T chira,5022,Venezuela,(5) 555-1340,3,Janet Leverling,Sales Representative,4-1-1992,Kirkland,USA,1,Speedy Express,(503) 555-9831,12,Plutzer Lebensmittelgro m rkte AG,Martin Bein,Germany
10796,69,Gudbrandsdalsost,Dairy Products,Cheeses,36,36,24,0.2,691.2,12-25-1997,1-22-1998,1-14-1998,26.52,HILARION-Abastos,Carrera 22 con Ave. Carlos Soublette #8-35,San Crist bal,T chira,5022,Venezuela,10 kg pkg.,26,0,15,0,HILAA,HILARION-Abastos,Carlos Hern ndez,Sales Representative,Carrera 22 con Ave. Carlos Soublette #8-35,San Crist bal,T chira,5022,Venezuela,(5) 555-1340,3,Janet Leverling,Sales Representative,4-1-1992,Kirkland,USA,1,Speedy Express,(503) 555-9831,15,Norske Meierier,Beate Vileid,Norway
10797,11,Queso Cabrales,Dairy Products,Cheeses,21,21,20,0,420.0,12-25-1997,1-22-1998,1-5-1998,33.35,Drachenblut Delikatessen,Walserweg 21,Aachen,,52066,Germany,1 kg pkg.,22,30,30,0,DRACD,Drachenblut Delikatessen,Sven Ottlieb,Order Administrator,Walserweg 21,Aachen,,52066,Germany,0241-039123,7,Robert King,Sales Representative,1-2-1994,London,UK,2,United Package,(503) 555-3199,5,Cooperativa de Quesos 'Las Cabras',Antonio del Valle Saavedra,Spain
10798,62,Tarte au sucre,Confections,"Desserts, candies, and sweet breads",49.3,49.3,2,0,98.6,12-26-1997,1-23-1998,1-5-1998,2.33,Island Trading,Garden House Crowther Way,Cowes,Isle of Wight,PO31 7PJ,UK,48 pies,17,0,0,0,ISLAT,Island Trading,Helen Bennett,Marketing Manager,Garden House Crowther Way,Cowes,Isle of Wight,PO31 7PJ,UK,(198) 555-8888,2,Andrew Fuller,"Vice President, Sales",8-14-1992,Tacoma,USA,1,Speedy Express,(503) 555-9831,29,For ts d' rables,Chantal Goulet,Canada
10798,72,Mozzarella di Giovanni,Dairy Products,Cheeses,34.8,34.8,10,0,348.0,12-26-1997,1-23-1998,1-5-1998,2.33,Island Trading,Garden House Crowther Way,Cowes,Isle of Wight,PO31 7PJ,UK,24 - 200 g pkgs.,14,0,0,0,ISLAT,Island Trading,Helen Bennett,Marketing Manager,Garden House Crowther Way,Cowes,Isle of Wight,PO31 7PJ,UK,(198) 555-8888,2,Andrew Fuller,"Vice President, Sales",8-14-1992,Tacoma,USA,1,Speedy Express,(503) 555-9831,14,Formaggi Fortini s.r.l.,Elio Rossi,Italy
10799,13,Konbu,Seafood,Seaweed and fish,6,6,20,0.15,102.0,12-26-1997,2-6-1998,1-5-1998,30.76,K niglich Essen,Maubelstr. 90,Brandenburg,,14776,Germany,2 kg box,24,0,5,0,KOENE,K niglich Essen,Philip Cramer,Sales Associate,Maubelstr. 90,Brandenburg,,14776,Germany,0555-09876,9,Anne Dodsworth,Sales Representative,11-15-1994,London,UK,3,Federal Shipping,(503) 555-9931,6,Mayumi's,Mayumi Ohno,Japan
10799,24,Guaran  Fant stica,Beverages,"Soft drinks, coffees, teas, beers, and ales",4.5,4.5,20,0.15,76.5,12-26-1997,2-6-1998,1-5-1998,30.76,K niglich Essen,Maubelstr. 90,Brandenburg,,14776,Germany,12 - 355 ml cans,20,0,0,1,KOENE,K niglich Essen,Philip Cramer,Sales Associate,Maubelstr. 90,Brandenburg,,14776,Germany,0555-09876,9,Anne Dodsworth,Sales Representative,11-15-1994,London,UK,3,Federal Shipping,(503) 555-9931,10,Refrescos Americanas LTDA,Carlos Diaz,Brazil
10799,59,Raclette Courdavault,Dairy Products,Cheeses,55,55,25,0,1375.0,12-26-1997,2-6-1998,1-5-1998,30.76,K niglich Essen,Maubelstr. 90,Brandenburg,,14776,Germany,5 kg pkg.,79,0,0,0,KOENE,K niglich Essen,Philip Cramer,Sales Associate,Maubelstr. 90,Brandenburg,,14776,Germany,0555-09876,9,Anne Dodsworth,Sales Representative,11-15-1994,London,UK,3,Federal Shipping,(503) 555-9931,28,Gai p turage,Eliane Noz,France
10800,11,Queso Cabrales,Dairy Products,Cheeses,21,21,50,0.1,945.0,12-26-1997,1-23-1998,1-5-1998,137.44,Seven Seas Imports,90 Wadhurst Rd.,London,,OX15 4NB,UK,1 kg pkg.,22,30,30,0,SEVES,Seven Seas Imports,Hari Kumar,Sales Manager,90 Wadhurst Rd.,London,,OX15 4NB,UK,(171) 555-1717,1,Nancy Davolio,Sales Representative,5-1-1992,Seattle,USA,3,Federal Shipping,(503) 555-9931,5,Cooperativa de Quesos 'Las Cabras',Antonio del Valle Saavedra,Spain
10800,51,Manjimup Dried Apples,Produce,Dried fruit and bean curd,53,53,10,0.1,477.0,12-26-1997,1-23-1998,1-5-1998,137.44,Seven Seas Imports,90 Wadhurst Rd.,London,,OX15 4NB,UK,50 - 300 g pkgs.,20,0,10,0,SEVES,Seven Seas Imports,Hari Kumar,Sales Manager,90 Wadhurst Rd.,London,,OX15 4NB,UK,(171) 555-1717,1,Nancy Davolio,Sales Representative,5-1-1992,Seattle,USA,3,Federal Shipping,(503) 555-9931,24,"G'day, Mate",Wendy Mackenzie,Australia
10800,54,Tourti re,Meat/Poultry,Prepared meats,7.45,7.45,7,0.1,46.94,12-26-1997,1-23-1998,1-5-1998,137.44,Seven Seas Imports,90 Wadhurst Rd.,London,,OX15 4NB,UK,16 pies,21,0,10,0,SEVES,Seven Seas Imports,Hari Kumar,Sales Manager,90 Wadhurst Rd.,London,,OX15 4NB,UK,(171) 555-1717,1,Nancy Davolio,Sales Representative,5-1-1992,Seattle,USA,3,Federal Shipping,(503) 555-9931,25,Ma Maison,Jean-Guy Lauzon,Canada
10801,17,Alice Mutton,Meat/Poultry,Prepared meats,39,39,40,0.25,1170.0,12-29-1997,1-26-1998,12-31-1997,97.09,B lido Comidas preparadas,"C/ Araquil, 67",Madrid,,28023,Spain,20 - 1 kg tins,0,0,0,1,BOLID,B lido Comidas preparadas,Mart n Sommer,Owner,"C/ Araquil, 67",Madrid,,28023,Spain,(91) 555 22 82,4,Margaret Peacock,Sales Representative,5-3-1993,Redmond,USA,2,United Package,(503) 555-3199,7,"Pavlova, Ltd.",Ian Devling,Australia
10801,29,Th ringer Rostbratwurst,Meat/Poultry,Prepared meats,123.79,123.79,20,0.25,1856.85,12-29-1997,1-26-1998,12-31-1997,97.09,B lido Comidas preparadas,"C/ Araquil, 67",Madrid,,28023,Spain,50 bags x 30 sausgs.,0,0,0,1,BOLID,B lido Comidas preparadas,Mart n Sommer,Owner,"C/ Araquil, 67",Madrid,,28023,Spain,(91) 555 22 82,4,Margaret Peacock,Sales Representative,5-3-1993,Redmond,USA,2,United Package,(503) 555-3199,12,Plutzer Lebensmittelgro m rkte AG,Martin Bein,Germany
10802,30,Nord-Ost Matjeshering,Seafood,Seaweed and fish,25.89,25.89,25,0.25,485.44,12-29-1997,1-26-1998,1-2-1998,257.26,Simons bistro,Vinb ltet 34,Kobenhavn,,1734,Denmark,10 - 200 g glasses,10,0,15,0,SIMOB,Simons bistro,Jytte Petersen,Owner,Vinb ltet 34,Kobenhavn,,1734,Denmark,31 12 34 56,4,Margaret Peacock,Sales Representative,5-3-1993,Redmond,USA,2,United Package,(503) 555-3199,13,Nord-Ost-Fisch Handelsgesellschaft mbH,Sven Petersen,Germany
10802,51,Manjimup Dried Apples,Produce,Dried fruit and bean curd,53,53,30,0.25,1192.5,12-29-1997,1-26-1998,1-2-1998,257.26,Simons bistro,Vinb ltet 34,Kobenhavn,,1734,Denmark,50 - 300 g pkgs.,20,0,10,0,SIMOB,Simons bistro,Jytte Petersen,Owner,Vinb ltet 34,Kobenhavn,,1734,Denmark,31 12 34 56,4,Margaret Peacock,Sales Representative,5-3-1993,Redmond,USA,2,United Package,(503) 555-3199,24,"G'day, Mate",Wendy Mackenzie,Australia
10802,55,P t  chinois,Meat/Poultry,Prepared meats,24,24,60,0.25,1080.0,12-29-1997,1-26-1998,1-2-1998,257.26,Simons bistro,Vinb ltet 34,Kobenhavn,,1734,Denmark,24 boxes x 2 pies,115,0,20,0,SIMOB,Simons bistro,Jytte Petersen,Owner,Vinb ltet 34,Kobenhavn,,1734,Denmark,31 12 34 56,4,Margaret Peacock,Sales Representative,5-3-1993,Redmond,USA,2,United Package,(503) 555-3199,25,Ma Maison,Jean-Guy Lauzon,Canada
10802,62,Tarte au sucre,Confections,"Desserts, candies, and sweet breads",49.3,49.3,5,0.25,184.88,12-29-1997,1-26-1998,1-2-1998,257.26,Simons bistro,Vinb ltet 34,Kobenhavn,,1734,Denmark,48 pies,17,0,0,0,SIMOB,Simons bistro,Jytte Petersen,Owner,Vinb ltet 34,Kobenhavn,,1734,Denmark,31 12 34 56,4,Margaret Peacock,Sales Representative,5-3-1993,Redmond,USA,2,United Package,(503) 555-3199,29,For ts d' rables,Chantal Goulet,Canada
10803,19,Teatime Chocolate Biscuits,Confections,"Desserts, candies, and sweet breads",9.2,9.2,24,0.05,209.76,12-30-1997,1-27-1998,1-6-1998,55.23,Wellington Importadora,"Rua do Mercado, 12",Resende,SP,08737-363,Brazil,10 boxes x 12 pieces,25,0,5,0,WELLI,Wellington Importadora,Paula Parente,Sales Manager,"Rua do Mercado, 12",Resende,SP,08737-363,Brazil,(14) 555-8122,4,Margaret Peacock,Sales Representative,5-3-1993,Redmond,USA,1,Speedy Express,(503) 555-9831,8,"Specialty Biscuits, Ltd.",Peter Wilson,UK
10803,25,NuNuCa Nu -Nougat-Creme,Confections,"Desserts, candies, and sweet breads",14,14,15,0.05,199.5,12-30-1997,1-27-1998,1-6-1998,55.23,Wellington Importadora,"Rua do Mercado, 12",Resende,SP,08737-363,Brazil,20 - 450 g glasses,76,0,30,0,WELLI,Wellington Importadora,Paula Parente,Sales Manager,"Rua do Mercado, 12",Resende,SP,08737-363,Brazil,(14) 555-8122,4,Margaret Peacock,Sales Representative,5-3-1993,Redmond,USA,1,Speedy Express,(503) 555-9831,11,Heli S  waren GmbH & Co. KG,Petra Winkler,Germany
10803,59,Raclette Courdavault,Dairy Products,Cheeses,55,55,15,0.05,783.75,12-30-1997,1-27-1998,1-6-1998,55.23,Wellington Importadora,"Rua do Mercado, 12",Resende,SP,08737-363,Brazil,5 kg pkg.,79,0,0,0,WELLI,Wellington Importadora,Paula Parente,Sales Manager,"Rua do Mercado, 12",Resende,SP,08737-363,Brazil,(14) 555-8122,4,Margaret Peacock,Sales Representative,5-3-1993,Redmond,USA,1,Speedy Express,(503) 555-9831,28,Gai p turage,Eliane Noz,France
10804,10,Ikura,Seafood,Seaweed and fish,31,31,36,0,1116.0,12-30-1997,1-27-1998,1-7-1998,27.33,Seven Seas Imports,90 Wadhurst Rd.,London,,OX15 4NB,UK,12 - 200 ml jars,31,0,0,0,SEVES,Seven Seas Imports,Hari Kumar,Sales Manager,90 Wadhurst Rd.,London,,OX15 4NB,UK,(171) 555-1717,6,Michael Suyama,Sales Representative,10-17-1993,London,UK,2,United Package,(503) 555-3199,4,Tokyo Traders,Yoshi Nagase,Japan
10804,28,R ssle Sauerkraut,Produce,Dried fruit and bean curd,45.6,45.6,24,0,1094.4,12-30-1997,1-27-1998,1-7-1998,27.33,Seven Seas Imports,90 Wadhurst Rd.,London,,OX15 4NB,UK,25 - 825 g cans,26,0,0,1,SEVES,Seven Seas Imports,Hari Kumar,Sales Manager,90 Wadhurst Rd.,London,,OX15 4NB,UK,(171) 555-1717,6,Michael Suyama,Sales Representative,10-17-1993,London,UK,2,United Package,(503) 555-3199,12,Plutzer Lebensmittelgro m rkte AG,Martin Bein,Germany
10804,49,Maxilaku,Confections,"Desserts, candies, and sweet breads",20,20,4,0.15,68.0,12-30-1997,1-27-1998,1-7-1998,27.33,Seven Seas Imports,90 Wadhurst Rd.,London,,OX15 4NB,UK,24 - 50 g pkgs.,10,60,15,0,SEVES,Seven Seas Imports,Hari Kumar,Sales Manager,90 Wadhurst Rd.,London,,OX15 4NB,UK,(171) 555-1717,6,Michael Suyama,Sales Representative,10-17-1993,London,UK,2,United Package,(503) 555-3199,23,Karkki Oy,Anne Heikkonen,Finland
10805,34,Sasquatch Ale,Beverages,"Soft drinks, coffees, teas, beers, and ales",14,14,10,0,140.0,12-30-1997,1-27-1998,1-9-1998,237.34,The Big Cheese,89 Jefferson Way Suite 2,Portland,OR,97201,USA,24 - 12 oz bottles,111,0,15,0,THEBI,The Big Cheese,Liz Nixon,Marketing Manager,89 Jefferson Way Suite 2,Portland,OR,97201,USA,(503) 555-3612,2,Andrew Fuller,"Vice President, Sales",8-14-1992,Tacoma,USA,3,Federal Shipping,(503) 555-9931,16,Bigfoot Breweries,Cheryl Saylor,USA
10805,38,C te de Blaye,Beverages,"Soft drinks, coffees, teas, beers, and ales",263.5,263.5,10,0,2635.0,12-30-1997,1-27-1998,1-9-1998,237.34,The Big Cheese,89 Jefferson Way Suite 2,Portland,OR,97201,USA,12 - 75 cl bottles,17,0,15,0,THEBI,The Big Cheese,Liz Nixon,Marketing Manager,89 Jefferson Way Suite 2,Portland,OR,97201,USA,(503) 555-3612,2,Andrew Fuller,"Vice President, Sales",8-14-1992,Tacoma,USA,3,Federal Shipping,(503) 555-9931,18,Aux joyeux eccl siastiques,Guyl ne Nodier,France
10806,2,Chang,Beverages,"Soft drinks, coffees, teas, beers, and ales",19,19,20,0.25,285.0,12-31-1997,1-28-1998,1-5-1998,22.11,Victuailles en stock,"2, rue du Commerce",Lyon,,69004,France,24 - 12 oz bottles,17,40,25,1,VICTE,Victuailles en stock,Mary Saveley,Sales Agent,"2, rue du Commerce",Lyon,,69004,France,78.32.54.86,3,Janet Leverling,Sales Representative,4-1-1992,Kirkland,USA,2,United Package,(503) 555-3199,1,Exotic Liquids,Charlotte Cooper,UK
10806,65,Louisiana Fiery Hot Pepper Sauce,Condiments,"Sweet and savory sauces, relishes, spreads, and seasonings",21.05,21.05,2,0,42.1,12-31-1997,1-28-1998,1-5-1998,22.11,Victuailles en stock,"2, rue du Commerce",Lyon,,69004,France,32 - 8 oz bottles,76,0,0,0,VICTE,Victuailles en stock,Mary Saveley,Sales Agent,"2, rue du Commerce",Lyon,,69004,France,78.32.54.86,3,Janet Leverling,Sales Representative,4-1-1992,Kirkland,USA,2,United Package,(503) 555-3199,2,New Orleans Cajun Delights,Shelley Burke,USA
10806,74,Longlife Tofu,Produce,Dried fruit and bean curd,10,10,15,0.25,112.5,12-31-1997,1-28-1998,1-5-1998,22.11,Victuailles en stock,"2, rue du Commerce",Lyon,,69004,France,5 kg pkg.,4,20,5,0,VICTE,Victuailles en stock,Mary Saveley,Sales Agent,"2, rue du Commerce",Lyon,,69004,France,78.32.54.86,3,Janet Leverling,Sales Representative,4-1-1992,Kirkland,USA,2,United Package,(503) 555-3199,4,Tokyo Traders,Yoshi Nagase,Japan
10807,40,Boston Crab Meat,Seafood,Seaweed and fish,18.4,18.4,1,0,18.4,12-31-1997,1-28-1998,1-30-1998,1.36,Franchi S.p.A.,Via Monte Bianco 34,Torino,,10100,Italy,24 - 4 oz tins,123,0,30,0,FRANS,Franchi S.p.A.,Paolo Accorti,Sales Representative,Via Monte Bianco 34,Torino,,10100,Italy,011-4988260,4,Margaret Peacock,Sales Representative,5-3-1993,Redmond,USA,1,Speedy Express,(503) 555-9831,19,New England Seafood Cannery,Robb Merchant,USA
10808,56,Gnocchi di nonna Alice,Grains/Cereals,"Breads, crackers, pasta, and cereal",38,38,20,0.15,646.0,1-1-1998,1-29-1998,1-9-1998,45.53,Old World Delicatessen,2743 Bering St.,Anchorage,AK,99508,USA,24 - 250 g pkgs.,21,10,30,0,OLDWO,Old World Delicatessen,Rene Phillips,Sales Representative,2743 Bering St.,Anchorage,AK,99508,USA,(907) 555-7584,2,Andrew Fuller,"Vice President, Sales",8-14-1992,Tacoma,USA,3,Federal Shipping,(503) 555-9931,26,Pasta Buttini s.r.l.,Giovanni Giudici,Italy
10808,76,Lakkalik  ri,Beverages,"Soft drinks, coffees, teas, beers, and ales",18,18,50,0.15,765.0,1-1-1998,1-29-1998,1-9-1998,45.53,Old World Delicatessen,2743 Bering St.,Anchorage,AK,99508,USA,500 ml,57,0,20,0,OLDWO,Old World Delicatessen,Rene Phillips,Sales Representative,2743 Bering St.,Anchorage,AK,99508,USA,(907) 555-7584,2,Andrew Fuller,"Vice President, Sales",8-14-1992,Tacoma,USA,3,Federal Shipping,(503) 555-9931,23,Karkki Oy,Anne Heikkonen,Finland
10809,52,Filo Mix,Grains/Cereals,"Breads, crackers, pasta, and cereal",7,7,20,0,140.0,1-1-1998,1-29-1998,1-7-1998,4.87,Wellington Importadora,"Rua do Mercado, 12",Resende,SP,08737-363,Brazil,16 - 2 kg boxes,38,0,25,0,WELLI,Wellington Importadora,Paula Parente,Sales Manager,"Rua do Mercado, 12",Resende,SP,08737-363,Brazil,(14) 555-8122,7,Robert King,Sales Representative,1-2-1994,London,UK,1,Speedy Express,(503) 555-9831,24,"G'day, Mate",Wendy Mackenzie,Australia
10810,13,Konbu,Seafood,Seaweed and fish,6,6,7,0,42.0,1-1-1998,1-29-1998,1-7-1998,4.33,Laughing Bacchus Wine Cellars,2319 Elm St.,Vancouver,BC,V3F 2K1,Canada,2 kg box,24,0,5,0,LAUGB,Laughing Bacchus Wine Cellars,Yoshi Tannamuri,Marketing Assistant,1900 Oak St.,Vancouver,BC,V3F 2K1,Canada,(604) 555-3392,2,Andrew Fuller,"Vice President, Sales",8-14-1992,Tacoma,USA,3,Federal Shipping,(503) 555-9931,6,Mayumi's,Mayumi Ohno,Japan
10810,25,NuNuCa Nu -Nougat-Creme,Confections,"Desserts, candies, and sweet breads",14,14,5,0,70.0,1-1-1998,1-29-1998,1-7-1998,4.33,Laughing Bacchus Wine Cellars,2319 Elm St.,Vancouver,BC,V3F 2K1,Canada,20 - 450 g glasses,76,0,30,0,LAUGB,Laughing Bacchus Wine Cellars,Yoshi Tannamuri,Marketing Assistant,1900 Oak St.,Vancouver,BC,V3F 2K1,Canada,(604) 555-3392,2,Andrew Fuller,"Vice President, Sales",8-14-1992,Tacoma,USA,3,Federal Shipping,(503) 555-9931,11,Heli S  waren GmbH & Co. KG,Petra Winkler,Germany
10810,70,Outback Lager,Beverages,"Soft drinks, coffees, teas, beers, and ales",15,15,5,0,75.0,1-1-1998,1-29-1998,1-7-1998,4.33,Laughing Bacchus Wine Cellars,2319 Elm St.,Vancouver,BC,V3F 2K1,Canada,24 - 355 ml bottles,15,10,30,0,LAUGB,Laughing Bacchus Wine Cellars,Yoshi Tannamuri,Marketing Assistant,1900 Oak St.,Vancouver,BC,V3F 2K1,Canada,(604) 555-3392,2,Andrew Fuller,"Vice President, Sales",8-14-1992,Tacoma,USA,3,Federal Shipping,(503) 555-9931,7,"Pavlova, Ltd.",Ian Devling,Australia
10811,19,Teatime Chocolate Biscuits,Confections,"Desserts, candies, and sweet breads",9.2,9.2,15,0,138.0,1-2-1998,1-30-1998,1-8-1998,31.22,LINO-Delicateses,Ave. 5 de Mayo Porlamar,I. de Margarita,Nueva Esparta,4980,Venezuela,10 boxes x 12 pieces,25,0,5,0,LINOD,LINO-Delicateses,Felipe Izquierdo,Owner,Ave. 5 de Mayo Porlamar,I. de Margarita,Nueva Esparta,4980,Venezuela,(8) 34-56-12,8,Laura Callahan,Inside Sales Coordinator,3-5-1994,Seattle,USA,1,Speedy Express,(503) 555-9831,8,"Specialty Biscuits, Ltd.",Peter Wilson,UK
10811,23,Tunnbr d,Grains/Cereals,"Breads, crackers, pasta, and cereal",9,9,18,0,162.0,1-2-1998,1-30-1998,1-8-1998,31.22,LINO-Delicateses,Ave. 5 de Mayo Porlamar,I. de Margarita,Nueva Esparta,4980,Venezuela,12 - 250 g pkgs.,61,0,25,0,LINOD,LINO-Delicateses,Felipe Izquierdo,Owner,Ave. 5 de Mayo Porlamar,I. de Margarita,Nueva Esparta,4980,Venezuela,(8) 34-56-12,8,Laura Callahan,Inside Sales Coordinator,3-5-1994,Seattle,USA,1,Speedy Express,(503) 555-9831,9,PB Kn ckebr d AB,Lars Peterson,Sweden
10811,40,Boston Crab Meat,Seafood,Seaweed and fish,18.4,18.4,30,0,552.0,1-2-1998,1-30-1998,1-8-1998,31.22,LINO-Delicateses,Ave. 5 de Mayo Porlamar,I. de Margarita,Nueva Esparta,4980,Venezuela,24 - 4 oz tins,123,0,30,0,LINOD,LINO-Delicateses,Felipe Izquierdo,Owner,Ave. 5 de Mayo Porlamar,I. de Margarita,Nueva Esparta,4980,Venezuela,(8) 34-56-12,8,Laura Callahan,Inside Sales Coordinator,3-5-1994,Seattle,USA,1,Speedy Express,(503) 555-9831,19,New England Seafood Cannery,Robb Merchant,USA
10812,31,Gorgonzola Telino,Dairy Products,Cheeses,12.5,12.5,16,0.1,180.0,1-2-1998,1-30-1998,1-12-1998,59.78,Reggiani Caseifici,Strada Provinciale 124,Reggio Emilia,,42100,Italy,12 - 100 g pkgs,0,70,20,0,REGGC,Reggiani Caseifici,Maurizio Moroni,Sales Associate,Strada Provinciale 124,Reggio Emilia,,42100,Italy,0522-556721,5,Steven Buchanan,Sales Manager,10-17-1993,London,UK,1,Speedy Express,(503) 555-9831,14,Formaggi Fortini s.r.l.,Elio Rossi,Italy
10812,72,Mozzarella di Giovanni,Dairy Products,Cheeses,34.8,34.8,40,0.1,1252.8,1-2-1998,1-30-1998,1-12-1998,59.78,Reggiani Caseifici,Strada Provinciale 124,Reggio Emilia,,42100,Italy,24 - 200 g pkgs.,14,0,0,0,REGGC,Reggiani Caseifici,Maurizio Moroni,Sales Associate,Strada Provinciale 124,Reggio Emilia,,42100,Italy,0522-556721,5,Steven Buchanan,Sales Manager,10-17-1993,London,UK,1,Speedy Express,(503) 555-9831,14,Formaggi Fortini s.r.l.,Elio Rossi,Italy
10812,77,Original Frankfurter gr ne So e,Condiments,"Sweet and savory sauces, relishes, spreads, and seasonings",13,13,20,0,260.0,1-2-1998,1-30-1998,1-12-1998,59.78,Reggiani Caseifici,Strada Provinciale 124,Reggio Emilia,,42100,Italy,12 boxes,32,0,15,0,REGGC,Reggiani Caseifici,Maurizio Moroni,Sales Associate,Strada Provinciale 124,Reggio Emilia,,42100,Italy,0522-556721,5,Steven Buchanan,Sales Manager,10-17-1993,London,UK,1,Speedy Express,(503) 555-9831,12,Plutzer Lebensmittelgro m rkte AG,Martin Bein,Germany
10813,2,Chang,Beverages,"Soft drinks, coffees, teas, beers, and ales",19,19,12,0.2,182.4,1-5-1998,2-2-1998,1-9-1998,47.38,Ricardo Adocicados,"Av. Copacabana, 267",Rio de Janeiro,RJ,02389-890,Brazil,24 - 12 oz bottles,17,40,25,1,RICAR,Ricardo Adocicados,Janete Limeira,Assistant Sales Agent,"Av. Copacabana, 267",Rio de Janeiro,RJ,02389-890,Brazil,(21) 555-3412,1,Nancy Davolio,Sales Representative,5-1-1992,Seattle,USA,1,Speedy Express,(503) 555-9831,1,Exotic Liquids,Charlotte Cooper,UK
10813,46,Spegesild,Seafood,Seaweed and fish,12,12,35,0,420.0,1-5-1998,2-2-1998,1-9-1998,47.38,Ricardo Adocicados,"Av. Copacabana, 267",Rio de Janeiro,RJ,02389-890,Brazil,4 - 450 g glasses,95,0,0,0,RICAR,Ricardo Adocicados,Janete Limeira,Assistant Sales Agent,"Av. Copacabana, 267",Rio de Janeiro,RJ,02389-890,Brazil,(21) 555-3412,1,Nancy Davolio,Sales Representative,5-1-1992,Seattle,USA,1,Speedy Express,(503) 555-9831,21,Lyngbysild,Niels Petersen,Denmark
10814,41,Jack's New England Clam Chowder,Seafood,Seaweed and fish,9.65,9.65,20,0,193.0,1-5-1998,2-2-1998,1-14-1998,130.94,Victuailles en stock,"2, rue du Commerce",Lyon,,69004,France,12 - 12 oz cans,85,0,10,0,VICTE,Victuailles en stock,Mary Saveley,Sales Agent,"2, rue du Commerce",Lyon,,69004,France,78.32.54.86,3,Janet Leverling,Sales Representative,4-1-1992,Kirkland,USA,3,Federal Shipping,(503) 555-9931,19,New England Seafood Cannery,Robb Merchant,USA
10814,43,Ipoh Coffee,Beverages,"Soft drinks, coffees, teas, beers, and ales",46,46,20,0.15,782.0,1-5-1998,2-2-1998,1-14-1998,130.94,Victuailles en stock,"2, rue du Commerce",Lyon,,69004,France,16 - 500 g tins,17,10,25,0,VICTE,Victuailles en stock,Mary Saveley,Sales Agent,"2, rue du Commerce",Lyon,,69004,France,78.32.54.86,3,Janet Leverling,Sales Representative,4-1-1992,Kirkland,USA,3,Federal Shipping,(503) 555-9931,20,Leka Trading,Chandra Leka,Singapore
10814,48,Chocolade,Confections,"Desserts, candies, and sweet breads",12.75,12.75,8,0.15,86.7,1-5-1998,2-2-1998,1-14-1998,130.94,Victuailles en stock,"2, rue du Commerce",Lyon,,69004,France,10 pkgs.,15,70,25,0,VICTE,Victuailles en stock,Mary Saveley,Sales Agent,"2, rue du Commerce",Lyon,,69004,France,78.32.54.86,3,Janet Leverling,Sales Representative,4-1-1992,Kirkland,USA,3,Federal Shipping,(503) 555-9931,22,Zaanse Snoepfabriek,Dirk Luchte,Netherlands
10814,61,Sirop d' rable,Condiments,"Sweet and savory sauces, relishes, spreads, and seasonings",28.5,28.5,30,0.15,726.75,1-5-1998,2-2-1998,1-14-1998,130.94,Victuailles en stock,"2, rue du Commerce",Lyon,,69004,France,24 - 500 ml bottles,113,0,25,0,VICTE,Victuailles en stock,Mary Saveley,Sales Agent,"2, rue du Commerce",Lyon,,69004,France,78.32.54.86,3,Janet Leverling,Sales Representative,4-1-1992,Kirkland,USA,3,Federal Shipping,(503) 555-9931,29,For ts d' rables,Chantal Goulet,Canada
10815,33,Geitost,Dairy Products,Cheeses,2.5,2.5,16,0,40.0,1-5-1998,2-2-1998,1-14-1998,14.62,Save-a-lot Markets,187 Suffolk Ln.,Boise,ID,83720,USA,500 g,112,0,20,0,SAVEA,Save-a-lot Markets,Jose Pavarotti,Sales Representative,187 Suffolk Ln.,Boise,ID,83720,USA,(208) 555-8097,2,Andrew Fuller,"Vice President, Sales",8-14-1992,Tacoma,USA,3,Federal Shipping,(503) 555-9931,15,Norske Meierier,Beate Vileid,Norway
10816,38,C te de Blaye,Beverages,"Soft drinks, coffees, teas, beers, and ales",263.5,263.5,30,0.05,7509.75,1-6-1998,2-3-1998,2-4-1998,719.78,Great Lakes Food Market,2732 Baker Blvd.,Eugene,OR,97403,USA,12 - 75 cl bottles,17,0,15,0,GREAL,Great Lakes Food Market,Howard Snyder,Marketing Manager,2732 Baker Blvd.,Eugene,OR,97403,USA,(503) 555-7555,4,Margaret Peacock,Sales Representative,5-3-1993,Redmond,USA,2,United Package,(503) 555-3199,18,Aux joyeux eccl siastiques,Guyl ne Nodier,France
10816,62,Tarte au sucre,Confections,"Desserts, candies, and sweet breads",49.3,49.3,20,0.05,936.7,1-6-1998,2-3-1998,2-4-1998,719.78,Great Lakes Food Market,2732 Baker Blvd.,Eugene,OR,97403,USA,48 pies,17,0,0,0,GREAL,Great Lakes Food Market,Howard Snyder,Marketing Manager,2732 Baker Blvd.,Eugene,OR,97403,USA,(503) 555-7555,4,Margaret Peacock,Sales Representative,5-3-1993,Redmond,USA,2,United Package,(503) 555-3199,29,For ts d' rables,Chantal Goulet,Canada
10817,26,Gumb r Gummib rchen,Confections,"Desserts, candies, and sweet breads",31.23,31.23,40,0.15,1061.82,1-6-1998,1-20-1998,1-13-1998,306.07,K niglich Essen,Maubelstr. 90,Brandenburg,,14776,Germany,100 - 250 g bags,15,0,0,0,KOENE,K niglich Essen,Philip Cramer,Sales Associate,Maubelstr. 90,Brandenburg,,14776,Germany,0555-09876,3,Janet Leverling,Sales Representative,4-1-1992,Kirkland,USA,2,United Package,(503) 555-3199,11,Heli S  waren GmbH & Co. KG,Petra Winkler,Germany
10817,38,C te de Blaye,Beverages,"Soft drinks, coffees, teas, beers, and ales",263.5,263.5,30,0,7905.0,1-6-1998,1-20-1998,1-13-1998,306.07,K niglich Essen,Maubelstr. 90,Brandenburg,,14776,Germany,12 - 75 cl bottles,17,0,15,0,KOENE,K niglich Essen,Philip Cramer,Sales Associate,Maubelstr. 90,Brandenburg,,14776,Germany,0555-09876,3,Janet Leverling,Sales Representative,4-1-1992,Kirkland,USA,2,United Package,(503) 555-3199,18,Aux joyeux eccl siastiques,Guyl ne Nodier,France
10817,40,Boston Crab Meat,Seafood,Seaweed and fish,18.4,18.4,60,0.15,938.4,1-6-1998,1-20-1998,1-13-1998,306.07,K niglich Essen,Maubelstr. 90,Brandenburg,,14776,Germany,24 - 4 oz tins,123,0,30,0,KOENE,K niglich Essen,Philip Cramer,Sales Associate,Maubelstr. 90,Brandenburg,,14776,Germany,0555-09876,3,Janet Leverling,Sales Representative,4-1-1992,Kirkland,USA,2,United Package,(503) 555-3199,19,New England Seafood Cannery,Robb Merchant,USA
10817,62,Tarte au sucre,Confections,"Desserts, candies, and sweet breads",49.3,49.3,25,0.15,1047.62,1-6-1998,1-20-1998,1-13-1998,306.07,K niglich Essen,Maubelstr. 90,Brandenburg,,14776,Germany,48 pies,17,0,0,0,KOENE,K niglich Essen,Philip Cramer,Sales Associate,Maubelstr. 90,Brandenburg,,14776,Germany,0555-09876,3,Janet Leverling,Sales Representative,4-1-1992,Kirkland,USA,2,United Package,(503) 555-3199,29,For ts d' rables,Chantal Goulet,Canada
10818,32,Mascarpone Fabioli,Dairy Products,Cheeses,32,32,20,0,640.0,1-7-1998,2-4-1998,1-12-1998,65.48,Magazzini Alimentari Riuniti,Via Ludovico il Moro 22,Bergamo,,24100,Italy,24 - 200 g pkgs.,9,40,25,0,MAGAA,Magazzini Alimentari Riuniti,Giovanni Rovelli,Marketing Manager,Via Ludovico il Moro 22,Bergamo,,24100,Italy,035-640230,7,Robert King,Sales Representative,1-2-1994,London,UK,3,Federal Shipping,(503) 555-9931,14,Formaggi Fortini s.r.l.,Elio Rossi,Italy
10818,41,Jack's New England Clam Chowder,Seafood,Seaweed and fish,9.65,9.65,20,0,193.0,1-7-1998,2-4-1998,1-12-1998,65.48,Magazzini Alimentari Riuniti,Via Ludovico il Moro 22,Bergamo,,24100,Italy,12 - 12 oz cans,85,0,10,0,MAGAA,Magazzini Alimentari Riuniti,Giovanni Rovelli,Marketing Manager,Via Ludovico il Moro 22,Bergamo,,24100,Italy,035-640230,7,Robert King,Sales Representative,1-2-1994,London,UK,3,Federal Shipping,(503) 555-9931,19,New England Seafood Cannery,Robb Merchant,USA
10819,43,Ipoh Coffee,Beverages,"Soft drinks, coffees, teas, beers, and ales",46,46,7,0,322.0,1-7-1998,2-4-1998,1-16-1998,19.76,Cactus Comidas para llevar,Cerrito 333,Buenos Aires,,1010,Argentina,16 - 500 g tins,17,10,25,0,CACTU,Cactus Comidas para llevar,Patricio Simpson,Sales Agent,Cerrito 333,Buenos Aires,,1010,Argentina,(1) 135-5555,2,Andrew Fuller,"Vice President, Sales",8-14-1992,Tacoma,USA,3,Federal Shipping,(503) 555-9931,20,Leka Trading,Chandra Leka,Singapore
10819,75,Rh nbr u Klosterbier,Beverages,"Soft drinks, coffees, teas, beers, and ales",7.75,7.75,20,0,155.0,1-7-1998,2-4-1998,1-16-1998,19.76,Cactus Comidas para llevar,Cerrito 333,Buenos Aires,,1010,Argentina,24 - 0.5 l bottles,125,0,25,0,CACTU,Cactus Comidas para llevar,Patricio Simpson,Sales Agent,Cerrito 333,Buenos Aires,,1010,Argentina,(1) 135-5555,2,Andrew Fuller,"Vice President, Sales",8-14-1992,Tacoma,USA,3,Federal Shipping,(503) 555-9931,12,Plutzer Lebensmittelgro m rkte AG,Martin Bein,Germany
10820,56,Gnocchi di nonna Alice,Grains/Cereals,"Breads, crackers, pasta, and cereal",38,38,30,0,1140.0,1-7-1998,2-4-1998,1-13-1998,37.52,Rattlesnake Canyon Grocery,2817 Milton Dr.,Albuquerque,NM,87110,USA,24 - 250 g pkgs.,21,10,30,0,RATTC,Rattlesnake Canyon Grocery,Paula Wilson,Assistant Sales Representative,2817 Milton Dr.,Albuquerque,NM,87110,USA,(505) 555-5939,3,Janet Leverling,Sales Representative,4-1-1992,Kirkland,USA,2,United Package,(503) 555-3199,26,Pasta Buttini s.r.l.,Giovanni Giudici,Italy
10821,35,Steeleye Stout,Beverages,"Soft drinks, coffees, teas, beers, and ales",18,18,20,0,360.0,1-8-1998,2-5-1998,1-15-1998,36.68,Split Rail Beer & Ale,P.O. Box 555,Lander,WY,82520,USA,24 - 12 oz bottles,20,0,15,0,SPLIR,Split Rail Beer & Ale,Art Braunschweiger,Sales Manager,P.O. Box 555,Lander,WY,82520,USA,(307) 555-4680,1,Nancy Davolio,Sales Representative,5-1-1992,Seattle,USA,1,Speedy Express,(503) 555-9831,16,Bigfoot Breweries,Cheryl Saylor,USA
10821,51,Manjimup Dried Apples,Produce,Dried fruit and bean curd,53,53,6,0,318.0,1-8-1998,2-5-1998,1-15-1998,36.68,Split Rail Beer & Ale,P.O. Box 555,Lander,WY,82520,USA,50 - 300 g pkgs.,20,0,10,0,SPLIR,Split Rail Beer & Ale,Art Braunschweiger,Sales Manager,P.O. Box 555,Lander,WY,82520,USA,(307) 555-4680,1,Nancy Davolio,Sales Representative,5-1-1992,Seattle,USA,1,Speedy Express,(503) 555-9831,24,"G'day, Mate",Wendy Mackenzie,Australia
10822,62,Tarte au sucre,Confections,"Desserts, candies, and sweet breads",49.3,49.3,3,0,147.9,1-8-1998,2-5-1998,1-16-1998,7,Trail's Head Gourmet Provisioners,722 DaVinci Blvd.,Kirkland,WA,98034,USA,48 pies,17,0,0,0,TRAIH,Trail's Head Gourmet Provisioners,Helvetius Nagy,Sales Associate,722 DaVinci Blvd.,Kirkland,WA,98034,USA,(206) 555-8257,6,Michael Suyama,Sales Representative,10-17-1993,London,UK,3,Federal Shipping,(503) 555-9931,29,For ts d' rables,Chantal Goulet,Canada
10822,70,Outback Lager,Beverages,"Soft drinks, coffees, teas, beers, and ales",15,15,6,0,90.0,1-8-1998,2-5-1998,1-16-1998,7,Trail's Head Gourmet Provisioners,722 DaVinci Blvd.,Kirkland,WA,98034,USA,24 - 355 ml bottles,15,10,30,0,TRAIH,Trail's Head Gourmet Provisioners,Helvetius Nagy,Sales Associate,722 DaVinci Blvd.,Kirkland,WA,98034,USA,(206) 555-8257,6,Michael Suyama,Sales Representative,10-17-1993,London,UK,3,Federal Shipping,(503) 555-9931,7,"Pavlova, Ltd.",Ian Devling,Australia
10823,11,Queso Cabrales,Dairy Products,Cheeses,21,21,20,0.1,378.0,1-9-1998,2-6-1998,1-13-1998,163.97,LILA-Supermercado,Carrera 52 con Ave. Bol var #65-98 Llano Largo,Barquisimeto,Lara,3508,Venezuela,1 kg pkg.,22,30,30,0,LILAS,LILA-Supermercado,Carlos Gonz lez,Accounting Manager,Carrera 52 con Ave. Bol var #65-98 Llano Largo,Barquisimeto,Lara,3508,Venezuela,(9) 331-6954,5,Steven Buchanan,Sales Manager,10-17-1993,London,UK,2,United Package,(503) 555-3199,5,Cooperativa de Quesos 'Las Cabras',Antonio del Valle Saavedra,Spain
10823,57,Ravioli Angelo,Grains/Cereals,"Breads, crackers, pasta, and cereal",19.5,19.5,15,0,292.5,1-9-1998,2-6-1998,1-13-1998,163.97,LILA-Supermercado,Carrera 52 con Ave. Bol var #65-98 Llano Largo,Barquisimeto,Lara,3508,Venezuela,24 - 250 g pkgs.,36,0,20,0,LILAS,LILA-Supermercado,Carlos Gonz lez,Accounting Manager,Carrera 52 con Ave. Bol var #65-98 Llano Largo,Barquisimeto,Lara,3508,Venezuela,(9) 331-6954,5,Steven Buchanan,Sales Manager,10-17-1993,London,UK,2,United Package,(503) 555-3199,26,Pasta Buttini s.r.l.,Giovanni Giudici,Italy
10823,59,Raclette Courdavault,Dairy Products,Cheeses,55,55,40,0.1,1980.0,1-9-1998,2-6-1998,1-13-1998,163.97,LILA-Supermercado,Carrera 52 con Ave. Bol var #65-98 Llano Largo,Barquisimeto,Lara,3508,Venezuela,5 kg pkg.,79,0,0,0,LILAS,LILA-Supermercado,Carlos Gonz lez,Accounting Manager,Carrera 52 con Ave. Bol var #65-98 Llano Largo,Barquisimeto,Lara,3508,Venezuela,(9) 331-6954,5,Steven Buchanan,Sales Manager,10-17-1993,London,UK,2,United Package,(503) 555-3199,28,Gai p turage,Eliane Noz,France
10823,77,Original Frankfurter gr ne So e,Condiments,"Sweet and savory sauces, relishes, spreads, and seasonings",13,13,15,0.1,175.5,1-9-1998,2-6-1998,1-13-1998,163.97,LILA-Supermercado,Carrera 52 con Ave. Bol var #65-98 Llano Largo,Barquisimeto,Lara,3508,Venezuela,12 boxes,32,0,15,0,LILAS,LILA-Supermercado,Carlos Gonz lez,Accounting Manager,Carrera 52 con Ave. Bol var #65-98 Llano Largo,Barquisimeto,Lara,3508,Venezuela,(9) 331-6954,5,Steven Buchanan,Sales Manager,10-17-1993,London,UK,2,United Package,(503) 555-3199,12,Plutzer Lebensmittelgro m rkte AG,Martin Bein,Germany
10824,41,Jack's New England Clam Chowder,Seafood,Seaweed and fish,9.65,9.65,12,0,115.8,1-9-1998,2-6-1998,1-30-1998,1.23,Folk och f  HB,kergatan 24,Br cke,,S-844 67,Sweden,12 - 12 oz cans,85,0,10,0,FOLKO,Folk och f  HB,Maria Larsson,Owner,kergatan 24,Br cke,,S-844 67,Sweden,0695-34 67 21,8,Laura Callahan,Inside Sales Coordinator,3-5-1994,Seattle,USA,1,Speedy Express,(503) 555-9831,19,New England Seafood Cannery,Robb Merchant,USA
10824,70,Outback Lager,Beverages,"Soft drinks, coffees, teas, beers, and ales",15,15,9,0,135.0,1-9-1998,2-6-1998,1-30-1998,1.23,Folk och f  HB,kergatan 24,Br cke,,S-844 67,Sweden,24 - 355 ml bottles,15,10,30,0,FOLKO,Folk och f  HB,Maria Larsson,Owner,kergatan 24,Br cke,,S-844 67,Sweden,0695-34 67 21,8,Laura Callahan,Inside Sales Coordinator,3-5-1994,Seattle,USA,1,Speedy Express,(503) 555-9831,7,"Pavlova, Ltd.",Ian Devling,Australia
10825,26,Gumb r Gummib rchen,Confections,"Desserts, candies, and sweet breads",31.23,31.23,12,0,374.76,1-9-1998,2-6-1998,1-14-1998,79.25,Drachenblut Delikatessen,Walserweg 21,Aachen,,52066,Germany,100 - 250 g bags,15,0,0,0,DRACD,Drachenblut Delikatessen,Sven Ottlieb,Order Administrator,Walserweg 21,Aachen,,52066,Germany,0241-039123,1,Nancy Davolio,Sales Representative,5-1-1992,Seattle,USA,1,Speedy Express,(503) 555-9831,11,Heli S  waren GmbH & Co. KG,Petra Winkler,Germany
10825,53,Perth Pasties,Meat/Poultry,Prepared meats,32.8,32.8,20,0,656.0,1-9-1998,2-6-1998,1-14-1998,79.25,Drachenblut Delikatessen,Walserweg 21,Aachen,,52066,Germany,48 pieces,0,0,0,1,DRACD,Drachenblut Delikatessen,Sven Ottlieb,Order Administrator,Walserweg 21,Aachen,,52066,Germany,0241-039123,1,Nancy Davolio,Sales Representative,5-1-1992,Seattle,USA,1,Speedy Express,(503) 555-9831,24,"G'day, Mate",Wendy Mackenzie,Australia
10826,31,Gorgonzola Telino,Dairy Products,Cheeses,12.5,12.5,35,0,437.5,1-12-1998,2-9-1998,2-6-1998,7.09,Blondel p re et fils,"24, place Kl ber",Strasbourg,,67000,France,12 - 100 g pkgs,0,70,20,0,BLONP,Blondesddsl p re et fils,Fr d rique Citeaux,Marketing Manager,"24, place Kl ber",Strasbourg,,67000,France,88.60.15.31,6,Michael Suyama,Sales Representative,10-17-1993,London,UK,1,Speedy Express,(503) 555-9831,14,Formaggi Fortini s.r.l.,Elio Rossi,Italy
10826,57,Ravioli Angelo,Grains/Cereals,"Breads, crackers, pasta, and cereal",19.5,19.5,15,0,292.5,1-12-1998,2-9-1998,2-6-1998,7.09,Blondel p re et fils,"24, place Kl ber",Strasbourg,,67000,France,24 - 250 g pkgs.,36,0,20,0,BLONP,Blondesddsl p re et fils,Fr d rique Citeaux,Marketing Manager,"24, place Kl ber",Strasbourg,,67000,France,88.60.15.31,6,Michael Suyama,Sales Representative,10-17-1993,London,UK,1,Speedy Express,(503) 555-9831,26,Pasta Buttini s.r.l.,Giovanni Giudici,Italy
10827,10,Ikura,Seafood,Seaweed and fish,31,31,15,0,465.0,1-12-1998,1-26-1998,2-6-1998,63.54,Bon app',"12, rue des Bouchers",Marseille,,13008,France,12 - 200 ml jars,31,0,0,0,BONAP,Bon app',Laurence Lebihan,Owner,"12, rue des Bouchers",Marseille,,13008,France,91.24.45.40,1,Nancy Davolio,Sales Representative,5-1-1992,Seattle,USA,2,United Package,(503) 555-3199,4,Tokyo Traders,Yoshi Nagase,Japan
10827,39,Chartreuse verte,Beverages,"Soft drinks, coffees, teas, beers, and ales",18,18,21,0,378.0,1-12-1998,1-26-1998,2-6-1998,63.54,Bon app',"12, rue des Bouchers",Marseille,,13008,France,750 cc per bottle,69,0,5,0,BONAP,Bon app',Laurence Lebihan,Owner,"12, rue des Bouchers",Marseille,,13008,France,91.24.45.40,1,Nancy Davolio,Sales Representative,5-1-1992,Seattle,USA,2,United Package,(503) 555-3199,18,Aux joyeux eccl siastiques,Guyl ne Nodier,France
10828,20,Sir Rodney's Marmalade,Confections,"Desserts, candies, and sweet breads",81,81,5,0,405.0,1-13-1998,1-27-1998,2-4-1998,90.85,Rancho grande,Av. del Libertador 900,Buenos Aires,,1010,Argentina,30 gift boxes,40,0,0,0,RANCH,Rancho grande,Sergio Guti rrez,Sales Representative,Av. del Libertador 900,Buenos Aires,,1010,Argentina,(1) 123-5555,9,Anne Dodsworth,Sales Representative,11-15-1994,London,UK,1,Speedy Express,(503) 555-9831,8,"Specialty Biscuits, Ltd.",Peter Wilson,UK
10828,38,C te de Blaye,Beverages,"Soft drinks, coffees, teas, beers, and ales",263.5,263.5,2,0,527.0,1-13-1998,1-27-1998,2-4-1998,90.85,Rancho grande,Av. del Libertador 900,Buenos Aires,,1010,Argentina,12 - 75 cl bottles,17,0,15,0,RANCH,Rancho grande,Sergio Guti rrez,Sales Representative,Av. del Libertador 900,Buenos Aires,,1010,Argentina,(1) 123-5555,9,Anne Dodsworth,Sales Representative,11-15-1994,London,UK,1,Speedy Express,(503) 555-9831,18,Aux joyeux eccl siastiques,Guyl ne Nodier,France
10829,2,Chang,Beverages,"Soft drinks, coffees, teas, beers, and ales",19,19,10,0,190.0,1-13-1998,2-10-1998,1-23-1998,154.72,Island Trading,Garden House Crowther Way,Cowes,Isle of Wight,PO31 7PJ,UK,24 - 12 oz bottles,17,40,25,1,ISLAT,Island Trading,Helen Bennett,Marketing Manager,Garden House Crowther Way,Cowes,Isle of Wight,PO31 7PJ,UK,(198) 555-8888,9,Anne Dodsworth,Sales Representative,11-15-1994,London,UK,1,Speedy Express,(503) 555-9831,1,Exotic Liquids,Charlotte Cooper,UK
10829,8,Northwoods Cranberry Sauce,Condiments,"Sweet and savory sauces, relishes, spreads, and seasonings",40,40,20,0,800.0,1-13-1998,2-10-1998,1-23-1998,154.72,Island Trading,Garden House Crowther Way,Cowes,Isle of Wight,PO31 7PJ,UK,12 - 12 oz jars,6,0,0,0,ISLAT,Island Trading,Helen Bennett,Marketing Manager,Garden House Crowther Way,Cowes,Isle of Wight,PO31 7PJ,UK,(198) 555-8888,9,Anne Dodsworth,Sales Representative,11-15-1994,London,UK,1,Speedy Express,(503) 555-9831,3,Grandma Kelly's Homestead,Regina Murphy,USA
10829,13,Konbu,Seafood,Seaweed and fish,6,6,10,0,60.0,1-13-1998,2-10-1998,1-23-1998,154.72,Island Trading,Garden House Crowther Way,Cowes,Isle of Wight,PO31 7PJ,UK,2 kg box,24,0,5,0,ISLAT,Island Trading,Helen Bennett,Marketing Manager,Garden House Crowther Way,Cowes,Isle of Wight,PO31 7PJ,UK,(198) 555-8888,9,Anne Dodsworth,Sales Representative,11-15-1994,London,UK,1,Speedy Express,(503) 555-9831,6,Mayumi's,Mayumi Ohno,Japan
10829,60,Camembert Pierrot,Dairy Products,Cheeses,34,34,21,0,714.0,1-13-1998,2-10-1998,1-23-1998,154.72,Island Trading,Garden House Crowther Way,Cowes,Isle of Wight,PO31 7PJ,UK,15 - 300 g rounds,19,0,0,0,ISLAT,Island Trading,Helen Bennett,Marketing Manager,Garden House Crowther Way,Cowes,Isle of Wight,PO31 7PJ,UK,(198) 555-8888,9,Anne Dodsworth,Sales Representative,11-15-1994,London,UK,1,Speedy Express,(503) 555-9831,28,Gai p turage,Eliane Noz,France
10830,6,Grandma's Boysenberry Spread,Condiments,"Sweet and savory sauces, relishes, spreads, and seasonings",25,25,6,0,150.0,1-13-1998,2-24-1998,1-21-1998,81.83,Tradi ao Hipermercados,"Av. In s de Castro, 414",Sao Paulo,SP,05634-030,Brazil,12 - 8 oz jars,120,0,25,0,TRADH,Tradi  o Hipermercados,Anabela Domingues,Sales Representative,"Av. In s de Castro, 414",Sao Paulo,SP,05634-030,Brazil,(11) 555-2167,4,Margaret Peacock,Sales Representative,5-3-1993,Redmond,USA,2,United Package,(503) 555-3199,3,Grandma Kelly's Homestead,Regina Murphy,USA
10830,39,Chartreuse verte,Beverages,"Soft drinks, coffees, teas, beers, and ales",18,18,28,0,504.0,1-13-1998,2-24-1998,1-21-1998,81.83,Tradi ao Hipermercados,"Av. In s de Castro, 414",Sao Paulo,SP,05634-030,Brazil,750 cc per bottle,69,0,5,0,TRADH,Tradi  o Hipermercados,Anabela Domingues,Sales Representative,"Av. In s de Castro, 414",Sao Paulo,SP,05634-030,Brazil,(11) 555-2167,4,Margaret Peacock,Sales Representative,5-3-1993,Redmond,USA,2,United Package,(503) 555-3199,18,Aux joyeux eccl siastiques,Guyl ne Nodier,France
10830,60,Camembert Pierrot,Dairy Products,Cheeses,34,34,30,0,1020.0,1-13-1998,2-24-1998,1-21-1998,81.83,Tradi ao Hipermercados,"Av. In s de Castro, 414",Sao Paulo,SP,05634-030,Brazil,15 - 300 g rounds,19,0,0,0,TRADH,Tradi  o Hipermercados,Anabela Domingues,Sales Representative,"Av. In s de Castro, 414",Sao Paulo,SP,05634-030,Brazil,(11) 555-2167,4,Margaret Peacock,Sales Representative,5-3-1993,Redmond,USA,2,United Package,(503) 555-3199,28,Gai p turage,Eliane Noz,France
10830,68,Scottish Longbreads,Confections,"Desserts, candies, and sweet breads",12.5,12.5,24,0,300.0,1-13-1998,2-24-1998,1-21-1998,81.83,Tradi ao Hipermercados,"Av. In s de Castro, 414",Sao Paulo,SP,05634-030,Brazil,10 boxes x 8 pieces,6,10,15,0,TRADH,Tradi  o Hipermercados,Anabela Domingues,Sales Representative,"Av. In s de Castro, 414",Sao Paulo,SP,05634-030,Brazil,(11) 555-2167,4,Margaret Peacock,Sales Representative,5-3-1993,Redmond,USA,2,United Package,(503) 555-3199,8,"Specialty Biscuits, Ltd.",Peter Wilson,UK
10831,19,Teatime Chocolate Biscuits,Confections,"Desserts, candies, and sweet breads",9.2,9.2,2,0,18.4,1-14-1998,2-11-1998,1-23-1998,72.19,Sant  Gourmet,Erling Skakkes gate 78,Stavern,,4110,Norway,10 boxes x 12 pieces,25,0,5,0,SANTG,Sant  Gourmet,Jonas Bergulfsen,Owner,Erling Skakkes gate 78,Stavern,,4110,Norway,07-98 92 35,3,Janet Leverling,Sales Representative,4-1-1992,Kirkland,USA,2,United Package,(503) 555-3199,8,"Specialty Biscuits, Ltd.",Peter Wilson,UK
10831,35,Steeleye Stout,Beverages,"Soft drinks, coffees, teas, beers, and ales",18,18,8,0,144.0,1-14-1998,2-11-1998,1-23-1998,72.19,Sant  Gourmet,Erling Skakkes gate 78,Stavern,,4110,Norway,24 - 12 oz bottles,20,0,15,0,SANTG,Sant  Gourmet,Jonas Bergulfsen,Owner,Erling Skakkes gate 78,Stavern,,4110,Norway,07-98 92 35,3,Janet Leverling,Sales Representative,4-1-1992,Kirkland,USA,2,United Package,(503) 555-3199,16,Bigfoot Breweries,Cheryl Saylor,USA
10831,38,C te de Blaye,Beverages,"Soft drinks, coffees, teas, beers, and ales",263.5,263.5,8,0,2108.0,1-14-1998,2-11-1998,1-23-1998,72.19,Sant  Gourmet,Erling Skakkes gate 78,Stavern,,4110,Norway,12 - 75 cl bottles,17,0,15,0,SANTG,Sant  Gourmet,Jonas Bergulfsen,Owner,Erling Skakkes gate 78,Stavern,,4110,Norway,07-98 92 35,3,Janet Leverling,Sales Representative,4-1-1992,Kirkland,USA,2,United Package,(503) 555-3199,18,Aux joyeux eccl siastiques,Guyl ne Nodier,France
10831,43,Ipoh Coffee,Beverages,"Soft drinks, coffees, teas, beers, and ales",46,46,9,0,414.0,1-14-1998,2-11-1998,1-23-1998,72.19,Sant  Gourmet,Erling Skakkes gate 78,Stavern,,4110,Norway,16 - 500 g tins,17,10,25,0,SANTG,Sant  Gourmet,Jonas Bergulfsen,Owner,Erling Skakkes gate 78,Stavern,,4110,Norway,07-98 92 35,3,Janet Leverling,Sales Representative,4-1-1992,Kirkland,USA,2,United Package,(503) 555-3199,20,Leka Trading,Chandra Leka,Singapore
10832,13,Konbu,Seafood,Seaweed and fish,6,6,3,0.2,14.4,1-14-1998,2-11-1998,1-19-1998,43.26,La maison d'Asie,1 rue Alsace-Lorraine,Toulouse,,31000,France,2 kg box,24,0,5,0,LAMAI,La maison d'Asie,Annette Roulet,Sales Manager,1 rue Alsace-Lorraine,Toulouse,,31000,France,61.77.61.10,2,Andrew Fuller,"Vice President, Sales",8-14-1992,Tacoma,USA,2,United Package,(503) 555-3199,6,Mayumi's,Mayumi Ohno,Japan
10832,25,NuNuCa Nu -Nougat-Creme,Confections,"Desserts, candies, and sweet breads",14,14,10,0.2,112.0,1-14-1998,2-11-1998,1-19-1998,43.26,La maison d'Asie,1 rue Alsace-Lorraine,Toulouse,,31000,France,20 - 450 g glasses,76,0,30,0,LAMAI,La maison d'Asie,Annette Roulet,Sales Manager,1 rue Alsace-Lorraine,Toulouse,,31000,France,61.77.61.10,2,Andrew Fuller,"Vice President, Sales",8-14-1992,Tacoma,USA,2,United Package,(503) 555-3199,11,Heli S  waren GmbH & Co. KG,Petra Winkler,Germany
10832,44,Gula Malacca,Condiments,"Sweet and savory sauces, relishes, spreads, and seasonings",19.45,19.45,16,0.2,248.96,1-14-1998,2-11-1998,1-19-1998,43.26,La maison d'Asie,1 rue Alsace-Lorraine,Toulouse,,31000,France,20 - 2 kg bags,27,0,15,0,LAMAI,La maison d'Asie,Annette Roulet,Sales Manager,1 rue Alsace-Lorraine,Toulouse,,31000,France,61.77.61.10,2,Andrew Fuller,"Vice President, Sales",8-14-1992,Tacoma,USA,2,United Package,(503) 555-3199,20,Leka Trading,Chandra Leka,Singapore
10832,64,Wimmers gute Semmelkn del,Grains/Cereals,"Breads, crackers, pasta, and cereal",33.25,33.25,3,0,99.75,1-14-1998,2-11-1998,1-19-1998,43.26,La maison d'Asie,1 rue Alsace-Lorraine,Toulouse,,31000,France,20 bags x 4 pieces,22,80,30,0,LAMAI,La maison d'Asie,Annette Roulet,Sales Manager,1 rue Alsace-Lorraine,Toulouse,,31000,France,61.77.61.10,2,Andrew Fuller,"Vice President, Sales",8-14-1992,Tacoma,USA,2,United Package,(503) 555-3199,12,Plutzer Lebensmittelgro m rkte AG,Martin Bein,Germany
10833,7,Uncle Bob's Organic Dried Pears,Produce,Dried fruit and bean curd,30,30,20,0.1,540.0,1-15-1998,2-12-1998,1-23-1998,71.49,Ottilies K seladen,Mehrheimerstr. 369,K ln,,50739,Germany,12 - 1 lb pkgs.,15,0,10,0,OTTIK,Ottilies K seladen,Henriette Pfalzheim,Owner,Mehrheimerstr. 369,K ln,,50739,Germany,0221-0644327,6,Michael Suyama,Sales Representative,10-17-1993,London,UK,2,United Package,(503) 555-3199,3,Grandma Kelly's Homestead,Regina Murphy,USA
10833,31,Gorgonzola Telino,Dairy Products,Cheeses,12.5,12.5,9,0.1,101.25,1-15-1998,2-12-1998,1-23-1998,71.49,Ottilies K seladen,Mehrheimerstr. 369,K ln,,50739,Germany,12 - 100 g pkgs,0,70,20,0,OTTIK,Ottilies K seladen,Henriette Pfalzheim,Owner,Mehrheimerstr. 369,K ln,,50739,Germany,0221-0644327,6,Michael Suyama,Sales Representative,10-17-1993,London,UK,2,United Package,(503) 555-3199,14,Formaggi Fortini s.r.l.,Elio Rossi,Italy
10833,53,Perth Pasties,Meat/Poultry,Prepared meats,32.8,32.8,9,0.1,265.68,1-15-1998,2-12-1998,1-23-1998,71.49,Ottilies K seladen,Mehrheimerstr. 369,K ln,,50739,Germany,48 pieces,0,0,0,1,OTTIK,Ottilies K seladen,Henriette Pfalzheim,Owner,Mehrheimerstr. 369,K ln,,50739,Germany,0221-0644327,6,Michael Suyama,Sales Representative,10-17-1993,London,UK,2,United Package,(503) 555-3199,24,"G'day, Mate",Wendy Mackenzie,Australia
10834,29,Th ringer Rostbratwurst,Meat/Poultry,Prepared meats,123.79,123.79,8,0.05,940.8,1-15-1998,2-12-1998,1-19-1998,29.78,Tradi ao Hipermercados,"Av. In s de Castro, 414",Sao Paulo,SP,05634-030,Brazil,50 bags x 30 sausgs.,0,0,0,1,TRADH,Tradi  o Hipermercados,Anabela Domingues,Sales Representative,"Av. In s de Castro, 414",Sao Paulo,SP,05634-030,Brazil,(11) 555-2167,1,Nancy Davolio,Sales Representative,5-1-1992,Seattle,USA,3,Federal Shipping,(503) 555-9931,12,Plutzer Lebensmittelgro m rkte AG,Martin Bein,Germany
10834,30,Nord-Ost Matjeshering,Seafood,Seaweed and fish,25.89,25.89,20,0.05,491.91,1-15-1998,2-12-1998,1-19-1998,29.78,Tradi ao Hipermercados,"Av. In s de Castro, 414",Sao Paulo,SP,05634-030,Brazil,10 - 200 g glasses,10,0,15,0,TRADH,Tradi  o Hipermercados,Anabela Domingues,Sales Representative,"Av. In s de Castro, 414",Sao Paulo,SP,05634-030,Brazil,(11) 555-2167,1,Nancy Davolio,Sales Representative,5-1-1992,Seattle,USA,3,Federal Shipping,(503) 555-9931,13,Nord-Ost-Fisch Handelsgesellschaft mbH,Sven Petersen,Germany
10835,59,Raclette Courdavault,Dairy Products,Cheeses,55,55,15,0,825.0,1-15-1998,2-12-1998,1-21-1998,69.53,Alfred's Futterkiste,Obere Str. 57,Berlin,,12209,Germany,5 kg pkg.,79,0,0,0,ALFKI,Alfreds Futterkiste,Maria Anders,Sales Representative,Obere Str. 57,Berlin,,12209,Germany,030-0074321,1,Nancy Davolio,Sales Representative,5-1-1992,Seattle,USA,3,Federal Shipping,(503) 555-9931,28,Gai p turage,Eliane Noz,France
10835,77,Original Frankfurter gr ne So e,Condiments,"Sweet and savory sauces, relishes, spreads, and seasonings",13,13,2,0.2,20.8,1-15-1998,2-12-1998,1-21-1998,69.53,Alfred's Futterkiste,Obere Str. 57,Berlin,,12209,Germany,12 boxes,32,0,15,0,ALFKI,Alfreds Futterkiste,Maria Anders,Sales Representative,Obere Str. 57,Berlin,,12209,Germany,030-0074321,1,Nancy Davolio,Sales Representative,5-1-1992,Seattle,USA,3,Federal Shipping,(503) 555-9931,12,Plutzer Lebensmittelgro m rkte AG,Martin Bein,Germany
10836,22,Gustaf's Kn ckebr d,Grains/Cereals,"Breads, crackers, pasta, and cereal",21,21,52,0,1092.0,1-16-1998,2-13-1998,1-21-1998,411.88,Ernst Handel,Kirchgasse 6,Graz,,8010,Austria,24 - 500 g pkgs.,104,0,25,0,ERNSH,Ernst Handel,Roland Mendel,Sales Manager,Kirchgasse 6,Graz,,8010,Austria,7675-3425,7,Robert King,Sales Representative,1-2-1994,London,UK,1,Speedy Express,(503) 555-9831,9,PB Kn ckebr d AB,Lars Peterson,Sweden
10836,35,Steeleye Stout,Beverages,"Soft drinks, coffees, teas, beers, and ales",18,18,6,0,108.0,1-16-1998,2-13-1998,1-21-1998,411.88,Ernst Handel,Kirchgasse 6,Graz,,8010,Austria,24 - 12 oz bottles,20,0,15,0,ERNSH,Ernst Handel,Roland Mendel,Sales Manager,Kirchgasse 6,Graz,,8010,Austria,7675-3425,7,Robert King,Sales Representative,1-2-1994,London,UK,1,Speedy Express,(503) 555-9831,16,Bigfoot Breweries,Cheryl Saylor,USA
10836,57,Ravioli Angelo,Grains/Cereals,"Breads, crackers, pasta, and cereal",19.5,19.5,24,0,468.0,1-16-1998,2-13-1998,1-21-1998,411.88,Ernst Handel,Kirchgasse 6,Graz,,8010,Austria,24 - 250 g pkgs.,36,0,20,0,ERNSH,Ernst Handel,Roland Mendel,Sales Manager,Kirchgasse 6,Graz,,8010,Austria,7675-3425,7,Robert King,Sales Representative,1-2-1994,London,UK,1,Speedy Express,(503) 555-9831,26,Pasta Buttini s.r.l.,Giovanni Giudici,Italy
10836,60,Camembert Pierrot,Dairy Products,Cheeses,34,34,60,0,2040.0,1-16-1998,2-13-1998,1-21-1998,411.88,Ernst Handel,Kirchgasse 6,Graz,,8010,Austria,15 - 300 g rounds,19,0,0,0,ERNSH,Ernst Handel,Roland Mendel,Sales Manager,Kirchgasse 6,Graz,,8010,Austria,7675-3425,7,Robert King,Sales Representative,1-2-1994,London,UK,1,Speedy Express,(503) 555-9831,28,Gai p turage,Eliane Noz,France
10836,64,Wimmers gute Semmelkn del,Grains/Cereals,"Breads, crackers, pasta, and cereal",33.25,33.25,30,0,997.5,1-16-1998,2-13-1998,1-21-1998,411.88,Ernst Handel,Kirchgasse 6,Graz,,8010,Austria,20 bags x 4 pieces,22,80,30,0,ERNSH,Ernst Handel,Roland Mendel,Sales Manager,Kirchgasse 6,Graz,,8010,Austria,7675-3425,7,Robert King,Sales Representative,1-2-1994,London,UK,1,Speedy Express,(503) 555-9831,12,Plutzer Lebensmittelgro m rkte AG,Martin Bein,Germany
10837,13,Konbu,Seafood,Seaweed and fish,6,6,6,0,36.0,1-16-1998,2-13-1998,1-23-1998,13.32,Berglunds snabbk p,Berguvsv gen  8,Lule,,S-958 22,Sweden,2 kg box,24,0,5,0,BERGS,Berglunds snabbk p,Christina Berglund,Order Administrator,Berguvsv gen  8,Lule,,S-958 22,Sweden,0921-12 34 65,9,Anne Dodsworth,Sales Representative,11-15-1994,London,UK,3,Federal Shipping,(503) 555-9931,6,Mayumi's,Mayumi Ohno,Japan
10837,40,Boston Crab Meat,Seafood,Seaweed and fish,18.4,18.4,25,0,460.0,1-16-1998,2-13-1998,1-23-1998,13.32,Berglunds snabbk p,Berguvsv gen  8,Lule,,S-958 22,Sweden,24 - 4 oz tins,123,0,30,0,BERGS,Berglunds snabbk p,Christina Berglund,Order Administrator,Berguvsv gen  8,Lule,,S-958 22,Sweden,0921-12 34 65,9,Anne Dodsworth,Sales Representative,11-15-1994,London,UK,3,Federal Shipping,(503) 555-9931,19,New England Seafood Cannery,Robb Merchant,USA
10837,47,Zaanse koeken,Confections,"Desserts, candies, and sweet breads",9.5,9.5,40,0.25,285.0,1-16-1998,2-13-1998,1-23-1998,13.32,Berglunds snabbk p,Berguvsv gen  8,Lule,,S-958 22,Sweden,10 - 4 oz boxes,36,0,0,0,BERGS,Berglunds snabbk p,Christina Berglund,Order Administrator,Berguvsv gen  8,Lule,,S-958 22,Sweden,0921-12 34 65,9,Anne Dodsworth,Sales Representative,11-15-1994,London,UK,3,Federal Shipping,(503) 555-9931,22,Zaanse Snoepfabriek,Dirk Luchte,Netherlands
10837,76,Lakkalik  ri,Beverages,"Soft drinks, coffees, teas, beers, and ales",18,18,21,0.25,283.5,1-16-1998,2-13-1998,1-23-1998,13.32,Berglunds snabbk p,Berguvsv gen  8,Lule,,S-958 22,Sweden,500 ml,57,0,20,0,BERGS,Berglunds snabbk p,Christina Berglund,Order Administrator,Berguvsv gen  8,Lule,,S-958 22,Sweden,0921-12 34 65,9,Anne Dodsworth,Sales Representative,11-15-1994,London,UK,3,Federal Shipping,(503) 555-9931,23,Karkki Oy,Anne Heikkonen,Finland
10838,1,Chai,Beverages,"Soft drinks, coffees, teas, beers, and ales",18,18,4,0.25,54.0,1-19-1998,2-16-1998,1-23-1998,59.28,LINO-Delicateses,Ave. 5 de Mayo Porlamar,I. de Margarita,Nueva Esparta,4980,Venezuela,10 boxes x 30 bags,39,0,10,1,LINOD,LINO-Delicateses,Felipe Izquierdo,Owner,Ave. 5 de Mayo Porlamar,I. de Margarita,Nueva Esparta,4980,Venezuela,(8) 34-56-12,3,Janet Leverling,Sales Representative,4-1-1992,Kirkland,USA,3,Federal Shipping,(503) 555-9931,8,"Specialty Biscuits, Ltd.",Peter Wilson,UK
10838,18,Carnarvon Tigers,Seafood,Seaweed and fish,62.5,62.5,25,0.25,1171.88,1-19-1998,2-16-1998,1-23-1998,59.28,LINO-Delicateses,Ave. 5 de Mayo Porlamar,I. de Margarita,Nueva Esparta,4980,Venezuela,16 kg pkg.,42,0,0,0,LINOD,LINO-Delicateses,Felipe Izquierdo,Owner,Ave. 5 de Mayo Porlamar,I. de Margarita,Nueva Esparta,4980,Venezuela,(8) 34-56-12,3,Janet Leverling,Sales Representative,4-1-1992,Kirkland,USA,3,Federal Shipping,(503) 555-9931,7,"Pavlova, Ltd.",Ian Devling,Australia
10838,36,Inlagd Sill,Seafood,Seaweed and fish,19,19,50,0.25,712.5,1-19-1998,2-16-1998,1-23-1998,59.28,LINO-Delicateses,Ave. 5 de Mayo Porlamar,I. de Margarita,Nueva Esparta,4980,Venezuela,24 - 250 g  jars,112,0,20,0,LINOD,LINO-Delicateses,Felipe Izquierdo,Owner,Ave. 5 de Mayo Porlamar,I. de Margarita,Nueva Esparta,4980,Venezuela,(8) 34-56-12,3,Janet Leverling,Sales Representative,4-1-1992,Kirkland,USA,3,Federal Shipping,(503) 555-9931,17,Svensk Sj f da AB,Michael Bj rn,Sweden
10839,58,Escargots de Bourgogne,Seafood,Seaweed and fish,13.25,13.25,30,0.1,357.75,1-19-1998,2-16-1998,1-22-1998,35.43,Tradi ao Hipermercados,"Av. In s de Castro, 414",Sao Paulo,SP,05634-030,Brazil,24 pieces,62,0,20,0,TRADH,Tradi  o Hipermercados,Anabela Domingues,Sales Representative,"Av. In s de Castro, 414",Sao Paulo,SP,05634-030,Brazil,(11) 555-2167,3,Janet Leverling,Sales Representative,4-1-1992,Kirkland,USA,3,Federal Shipping,(503) 555-9931,27,Escargots Nouveaux,Marie Delamare,France
10839,72,Mozzarella di Giovanni,Dairy Products,Cheeses,34.8,34.8,15,0.1,469.8,1-19-1998,2-16-1998,1-22-1998,35.43,Tradi ao Hipermercados,"Av. In s de Castro, 414",Sao Paulo,SP,05634-030,Brazil,24 - 200 g pkgs.,14,0,0,0,TRADH,Tradi  o Hipermercados,Anabela Domingues,Sales Representative,"Av. In s de Castro, 414",Sao Paulo,SP,05634-030,Brazil,(11) 555-2167,3,Janet Leverling,Sales Representative,4-1-1992,Kirkland,USA,3,Federal Shipping,(503) 555-9931,14,Formaggi Fortini s.r.l.,Elio Rossi,Italy
10840,25,NuNuCa Nu -Nougat-Creme,Confections,"Desserts, candies, and sweet breads",14,14,6,0.2,67.2,1-19-1998,3-2-1998,2-16-1998,2.71,LINO-Delicateses,Ave. 5 de Mayo Porlamar,I. de Margarita,Nueva Esparta,4980,Venezuela,20 - 450 g glasses,76,0,30,0,LINOD,LINO-Delicateses,Felipe Izquierdo,Owner,Ave. 5 de Mayo Porlamar,I. de Margarita,Nueva Esparta,4980,Venezuela,(8) 34-56-12,4,Margaret Peacock,Sales Representative,5-3-1993,Redmond,USA,2,United Package,(503) 555-3199,11,Heli S  waren GmbH & Co. KG,Petra Winkler,Germany
10840,39,Chartreuse verte,Beverages,"Soft drinks, coffees, teas, beers, and ales",18,18,10,0.2,144.0,1-19-1998,3-2-1998,2-16-1998,2.71,LINO-Delicateses,Ave. 5 de Mayo Porlamar,I. de Margarita,Nueva Esparta,4980,Venezuela,750 cc per bottle,69,0,5,0,LINOD,LINO-Delicateses,Felipe Izquierdo,Owner,Ave. 5 de Mayo Porlamar,I. de Margarita,Nueva Esparta,4980,Venezuela,(8) 34-56-12,4,Margaret Peacock,Sales Representative,5-3-1993,Redmond,USA,2,United Package,(503) 555-3199,18,Aux joyeux eccl siastiques,Guyl ne Nodier,France
10841,10,Ikura,Seafood,Seaweed and fish,31,31,16,0,496.0,1-20-1998,2-17-1998,1-29-1998,424.3,Supr mes d lices,"Boulevard Tirou, 255",Charleroi,,B-6000,Belgium,12 - 200 ml jars,31,0,0,0,SUPRD,Supr mes d lices,Pascale Cartrain,Accounting Manager,"Boulevard Tirou, 255",Charleroi,,B-6000,Belgium,(071) 23 67 22 20,5,Steven Buchanan,Sales Manager,10-17-1993,London,UK,2,United Package,(503) 555-3199,4,Tokyo Traders,Yoshi Nagase,Japan
10841,56,Gnocchi di nonna Alice,Grains/Cereals,"Breads, crackers, pasta, and cereal",38,38,30,0,1140.0,1-20-1998,2-17-1998,1-29-1998,424.3,Supr mes d lices,"Boulevard Tirou, 255",Charleroi,,B-6000,Belgium,24 - 250 g pkgs.,21,10,30,0,SUPRD,Supr mes d lices,Pascale Cartrain,Accounting Manager,"Boulevard Tirou, 255",Charleroi,,B-6000,Belgium,(071) 23 67 22 20,5,Steven Buchanan,Sales Manager,10-17-1993,London,UK,2,United Package,(503) 555-3199,26,Pasta Buttini s.r.l.,Giovanni Giudici,Italy
10841,59,Raclette Courdavault,Dairy Products,Cheeses,55,55,50,0,2750.0,1-20-1998,2-17-1998,1-29-1998,424.3,Supr mes d lices,"Boulevard Tirou, 255",Charleroi,,B-6000,Belgium,5 kg pkg.,79,0,0,0,SUPRD,Supr mes d lices,Pascale Cartrain,Accounting Manager,"Boulevard Tirou, 255",Charleroi,,B-6000,Belgium,(071) 23 67 22 20,5,Steven Buchanan,Sales Manager,10-17-1993,London,UK,2,United Package,(503) 555-3199,28,Gai p turage,Eliane Noz,France
10841,77,Original Frankfurter gr ne So e,Condiments,"Sweet and savory sauces, relishes, spreads, and seasonings",13,13,15,0,195.0,1-20-1998,2-17-1998,1-29-1998,424.3,Supr mes d lices,"Boulevard Tirou, 255",Charleroi,,B-6000,Belgium,12 boxes,32,0,15,0,SUPRD,Supr mes d lices,Pascale Cartrain,Accounting Manager,"Boulevard Tirou, 255",Charleroi,,B-6000,Belgium,(071) 23 67 22 20,5,Steven Buchanan,Sales Manager,10-17-1993,London,UK,2,United Package,(503) 555-3199,12,Plutzer Lebensmittelgro m rkte AG,Martin Bein,Germany
10842,11,Queso Cabrales,Dairy Products,Cheeses,21,21,15,0,315.0,1-20-1998,2-17-1998,1-29-1998,54.42,Tortuga Restaurante,Avda. Azteca 123,M xico D.F.,,05033,Mexico,1 kg pkg.,22,30,30,0,TORTU,Tortuga Restaurante,Miguel Angel Paolino,Owner,Avda. Azteca 123,M xico D.F.,,05033,Mexico,(5) 555-2933,1,Nancy Davolio,Sales Representative,5-1-1992,Seattle,USA,3,Federal Shipping,(503) 555-9931,5,Cooperativa de Quesos 'Las Cabras',Antonio del Valle Saavedra,Spain
10842,43,Ipoh Coffee,Beverages,"Soft drinks, coffees, teas, beers, and ales",46,46,5,0,230.0,1-20-1998,2-17-1998,1-29-1998,54.42,Tortuga Restaurante,Avda. Azteca 123,M xico D.F.,,05033,Mexico,16 - 500 g tins,17,10,25,0,TORTU,Tortuga Restaurante,Miguel Angel Paolino,Owner,Avda. Azteca 123,M xico D.F.,,05033,Mexico,(5) 555-2933,1,Nancy Davolio,Sales Representative,5-1-1992,Seattle,USA,3,Federal Shipping,(503) 555-9931,20,Leka Trading,Chandra Leka,Singapore
10842,68,Scottish Longbreads,Confections,"Desserts, candies, and sweet breads",12.5,12.5,20,0,250.0,1-20-1998,2-17-1998,1-29-1998,54.42,Tortuga Restaurante,Avda. Azteca 123,M xico D.F.,,05033,Mexico,10 boxes x 8 pieces,6,10,15,0,TORTU,Tortuga Restaurante,Miguel Angel Paolino,Owner,Avda. Azteca 123,M xico D.F.,,05033,Mexico,(5) 555-2933,1,Nancy Davolio,Sales Representative,5-1-1992,Seattle,USA,3,Federal Shipping,(503) 555-9931,8,"Specialty Biscuits, Ltd.",Peter Wilson,UK
10842,70,Outback Lager,Beverages,"Soft drinks, coffees, teas, beers, and ales",15,15,12,0,180.0,1-20-1998,2-17-1998,1-29-1998,54.42,Tortuga Restaurante,Avda. Azteca 123,M xico D.F.,,05033,Mexico,24 - 355 ml bottles,15,10,30,0,TORTU,Tortuga Restaurante,Miguel Angel Paolino,Owner,Avda. Azteca 123,M xico D.F.,,05033,Mexico,(5) 555-2933,1,Nancy Davolio,Sales Representative,5-1-1992,Seattle,USA,3,Federal Shipping,(503) 555-9931,7,"Pavlova, Ltd.",Ian Devling,Australia
10843,51,Manjimup Dried Apples,Produce,Dried fruit and bean curd,53,53,4,0.25,159.0,1-21-1998,2-18-1998,1-26-1998,9.26,Victuailles en stock,"2, rue du Commerce",Lyon,,69004,France,50 - 300 g pkgs.,20,0,10,0,VICTE,Victuailles en stock,Mary Saveley,Sales Agent,"2, rue du Commerce",Lyon,,69004,France,78.32.54.86,4,Margaret Peacock,Sales Representative,5-3-1993,Redmond,USA,2,United Package,(503) 555-3199,24,"G'day, Mate",Wendy Mackenzie,Australia
10844,22,Gustaf's Kn ckebr d,Grains/Cereals,"Breads, crackers, pasta, and cereal",21,21,35,0,735.0,1-21-1998,2-18-1998,1-26-1998,25.22,Piccolo und mehr,Geislweg 14,Salzburg,,5020,Austria,24 - 500 g pkgs.,104,0,25,0,PICCO,Piccolo und mehr,Georg Pipps,Sales Manager,Geislweg 14,Salzburg,,5020,Austria,6562-9722,8,Laura Callahan,Inside Sales Coordinator,3-5-1994,Seattle,USA,2,United Package,(503) 555-3199,9,PB Kn ckebr d AB,Lars Peterson,Sweden
10845,23,Tunnbr d,Grains/Cereals,"Breads, crackers, pasta, and cereal",9,9,70,0.1,567.0,1-21-1998,2-4-1998,1-30-1998,212.98,QUICK-Stop,Taucherstra e 10,Cunewalde,,01307,Germany,12 - 250 g pkgs.,61,0,25,0,QUICK,QUICK-Stop,Horst Kloss,Accounting Manager,Taucherstra e 10,Cunewalde,,01307,Germany,0372-035188,8,Laura Callahan,Inside Sales Coordinator,3-5-1994,Seattle,USA,1,Speedy Express,(503) 555-9831,9,PB Kn ckebr d AB,Lars Peterson,Sweden
10845,35,Steeleye Stout,Beverages,"Soft drinks, coffees, teas, beers, and ales",18,18,25,0.1,405.0,1-21-1998,2-4-1998,1-30-1998,212.98,QUICK-Stop,Taucherstra e 10,Cunewalde,,01307,Germany,24 - 12 oz bottles,20,0,15,0,QUICK,QUICK-Stop,Horst Kloss,Accounting Manager,Taucherstra e 10,Cunewalde,,01307,Germany,0372-035188,8,Laura Callahan,Inside Sales Coordinator,3-5-1994,Seattle,USA,1,Speedy Express,(503) 555-9831,16,Bigfoot Breweries,Cheryl Saylor,USA
10845,42,Singaporean Hokkien Fried Mee,Grains/Cereals,"Breads, crackers, pasta, and cereal",14,14,42,0.1,529.2,1-21-1998,2-4-1998,1-30-1998,212.98,QUICK-Stop,Taucherstra e 10,Cunewalde,,01307,Germany,32 - 1 kg pkgs.,26,0,0,1,QUICK,QUICK-Stop,Horst Kloss,Accounting Manager,Taucherstra e 10,Cunewalde,,01307,Germany,0372-035188,8,Laura Callahan,Inside Sales Coordinator,3-5-1994,Seattle,USA,1,Speedy Express,(503) 555-9831,20,Leka Trading,Chandra Leka,Singapore
10845,58,Escargots de Bourgogne,Seafood,Seaweed and fish,13.25,13.25,60,0.1,715.5,1-21-1998,2-4-1998,1-30-1998,212.98,QUICK-Stop,Taucherstra e 10,Cunewalde,,01307,Germany,24 pieces,62,0,20,0,QUICK,QUICK-Stop,Horst Kloss,Accounting Manager,Taucherstra e 10,Cunewalde,,01307,Germany,0372-035188,8,Laura Callahan,Inside Sales Coordinator,3-5-1994,Seattle,USA,1,Speedy Express,(503) 555-9831,27,Escargots Nouveaux,Marie Delamare,France
10845,64,Wimmers gute Semmelkn del,Grains/Cereals,"Breads, crackers, pasta, and cereal",33.25,33.25,48,0,1596.0,1-21-1998,2-4-1998,1-30-1998,212.98,QUICK-Stop,Taucherstra e 10,Cunewalde,,01307,Germany,20 bags x 4 pieces,22,80,30,0,QUICK,QUICK-Stop,Horst Kloss,Accounting Manager,Taucherstra e 10,Cunewalde,,01307,Germany,0372-035188,8,Laura Callahan,Inside Sales Coordinator,3-5-1994,Seattle,USA,1,Speedy Express,(503) 555-9831,12,Plutzer Lebensmittelgro m rkte AG,Martin Bein,Germany
10846,4,Chef Anton's Cajun Seasoning,Condiments,"Sweet and savory sauces, relishes, spreads, and seasonings",22,22,21,0,462.0,1-22-1998,3-5-1998,1-23-1998,56.46,Supr mes d lices,"Boulevard Tirou, 255",Charleroi,,B-6000,Belgium,48 - 6 oz jars,53,0,0,0,SUPRD,Supr mes d lices,Pascale Cartrain,Accounting Manager,"Boulevard Tirou, 255",Charleroi,,B-6000,Belgium,(071) 23 67 22 20,2,Andrew Fuller,"Vice President, Sales",8-14-1992,Tacoma,USA,3,Federal Shipping,(503) 555-9931,2,New Orleans Cajun Delights,Shelley Burke,USA
10846,70,Outback Lager,Beverages,"Soft drinks, coffees, teas, beers, and ales",15,15,30,0,450.0,1-22-1998,3-5-1998,1-23-1998,56.46,Supr mes d lices,"Boulevard Tirou, 255",Charleroi,,B-6000,Belgium,24 - 355 ml bottles,15,10,30,0,SUPRD,Supr mes d lices,Pascale Cartrain,Accounting Manager,"Boulevard Tirou, 255",Charleroi,,B-6000,Belgium,(071) 23 67 22 20,2,Andrew Fuller,"Vice President, Sales",8-14-1992,Tacoma,USA,3,Federal Shipping,(503) 555-9931,7,"Pavlova, Ltd.",Ian Devling,Australia
10846,74,Longlife Tofu,Produce,Dried fruit and bean curd,10,10,20,0,200.0,1-22-1998,3-5-1998,1-23-1998,56.46,Supr mes d lices,"Boulevard Tirou, 255",Charleroi,,B-6000,Belgium,5 kg pkg.,4,20,5,0,SUPRD,Supr mes d lices,Pascale Cartrain,Accounting Manager,"Boulevard Tirou, 255",Charleroi,,B-6000,Belgium,(071) 23 67 22 20,2,Andrew Fuller,"Vice President, Sales",8-14-1992,Tacoma,USA,3,Federal Shipping,(503) 555-9931,4,Tokyo Traders,Yoshi Nagase,Japan
10847,1,Chai,Beverages,"Soft drinks, coffees, teas, beers, and ales",18,18,80,0.2,1152.0,1-22-1998,2-5-1998,2-10-1998,487.57,Save-a-lot Markets,187 Suffolk Ln.,Boise,ID,83720,USA,10 boxes x 30 bags,39,0,10,1,SAVEA,Save-a-lot Markets,Jose Pavarotti,Sales Representative,187 Suffolk Ln.,Boise,ID,83720,USA,(208) 555-8097,4,Margaret Peacock,Sales Representative,5-3-1993,Redmond,USA,3,Federal Shipping,(503) 555-9931,8,"Specialty Biscuits, Ltd.",Peter Wilson,UK
10847,19,Teatime Chocolate Biscuits,Confections,"Desserts, candies, and sweet breads",9.2,9.2,12,0.2,88.32,1-22-1998,2-5-1998,2-10-1998,487.57,Save-a-lot Markets,187 Suffolk Ln.,Boise,ID,83720,USA,10 boxes x 12 pieces,25,0,5,0,SAVEA,Save-a-lot Markets,Jose Pavarotti,Sales Representative,187 Suffolk Ln.,Boise,ID,83720,USA,(208) 555-8097,4,Margaret Peacock,Sales Representative,5-3-1993,Redmond,USA,3,Federal Shipping,(503) 555-9931,8,"Specialty Biscuits, Ltd.",Peter Wilson,UK
10847,37,Gravad lax,Seafood,Seaweed and fish,26,26,60,0.2,1248.0,1-22-1998,2-5-1998,2-10-1998,487.57,Save-a-lot Markets,187 Suffolk Ln.,Boise,ID,83720,USA,12 - 500 g pkgs.,11,50,25,0,SAVEA,Save-a-lot Markets,Jose Pavarotti,Sales Representative,187 Suffolk Ln.,Boise,ID,83720,USA,(208) 555-8097,4,Margaret Peacock,Sales Representative,5-3-1993,Redmond,USA,3,Federal Shipping,(503) 555-9931,17,Svensk Sj f da AB,Michael Bj rn,Sweden
10847,45,Rogede sild,Seafood,Seaweed and fish,9.5,9.5,36,0.2,273.6,1-22-1998,2-5-1998,2-10-1998,487.57,Save-a-lot Markets,187 Suffolk Ln.,Boise,ID,83720,USA,1k pkg.,5,70,15,0,SAVEA,Save-a-lot Markets,Jose Pavarotti,Sales Representative,187 Suffolk Ln.,Boise,ID,83720,USA,(208) 555-8097,4,Margaret Peacock,Sales Representative,5-3-1993,Redmond,USA,3,Federal Shipping,(503) 555-9931,21,Lyngbysild,Niels Petersen,Denmark
10847,60,Camembert Pierrot,Dairy Products,Cheeses,34,34,45,0.2,1224.0,1-22-1998,2-5-1998,2-10-1998,487.57,Save-a-lot Markets,187 Suffolk Ln.,Boise,ID,83720,USA,15 - 300 g rounds,19,0,0,0,SAVEA,Save-a-lot Markets,Jose Pavarotti,Sales Representative,187 Suffolk Ln.,Boise,ID,83720,USA,(208) 555-8097,4,Margaret Peacock,Sales Representative,5-3-1993,Redmond,USA,3,Federal Shipping,(503) 555-9931,28,Gai p turage,Eliane Noz,France
10847,71,Flotemysost,Dairy Products,Cheeses,21.5,21.5,55,0.2,946.0,1-22-1998,2-5-1998,2-10-1998,487.57,Save-a-lot Markets,187 Suffolk Ln.,Boise,ID,83720,USA,10 - 500 g pkgs.,26,0,0,0,SAVEA,Save-a-lot Markets,Jose Pavarotti,Sales Representative,187 Suffolk Ln.,Boise,ID,83720,USA,(208) 555-8097,4,Margaret Peacock,Sales Representative,5-3-1993,Redmond,USA,3,Federal Shipping,(503) 555-9931,15,Norske Meierier,Beate Vileid,Norway
10848,5,Chef Anton's Gumbo Mix,Condiments,"Sweet and savory sauces, relishes, spreads, and seasonings",21.35,21.35,30,0,640.5,1-23-1998,2-20-1998,1-29-1998,38.24,Consolidated Holdings,Berkeley Gardens 12  Brewery,London,,WX1 6LT,UK,36 boxes,0,0,0,1,CONSH,Consolidated Holdings,Elizabeth Brown,Sales Representative,Berkeley Gardens 12  Brewery,London,,WX1 6LT,UK,(171) 555-2282,7,Robert King,Sales Representative,1-2-1994,London,UK,2,United Package,(503) 555-3199,2,New Orleans Cajun Delights,Shelley Burke,USA
10848,9,Mishi Kobe Niku,Meat/Poultry,Prepared meats,97,97,3,0,291.0,1-23-1998,2-20-1998,1-29-1998,38.24,Consolidated Holdings,Berkeley Gardens 12  Brewery,London,,WX1 6LT,UK,18 - 500 g pkgs.,29,0,0,1,CONSH,Consolidated Holdings,Elizabeth Brown,Sales Representative,Berkeley Gardens 12  Brewery,London,,WX1 6LT,UK,(171) 555-2282,7,Robert King,Sales Representative,1-2-1994,London,UK,2,United Package,(503) 555-3199,4,Tokyo Traders,Yoshi Nagase,Japan
10849,3,Aniseed Syrup,Condiments,"Sweet and savory sauces, relishes, spreads, and seasonings",10,10,49,0,490.0,1-23-1998,2-20-1998,1-30-1998,0.56,K niglich Essen,Maubelstr. 90,Brandenburg,,14776,Germany,12 - 550 ml bottles,13,70,25,0,KOENE,K niglich Essen,Philip Cramer,Sales Associate,Maubelstr. 90,Brandenburg,,14776,Germany,0555-09876,9,Anne Dodsworth,Sales Representative,11-15-1994,London,UK,2,United Package,(503) 555-3199,1,Exotic Liquids,Charlotte Cooper,UK
10849,26,Gumb r Gummib rchen,Confections,"Desserts, candies, and sweet breads",31.23,31.23,18,0.15,477.82,1-23-1998,2-20-1998,1-30-1998,0.56,K niglich Essen,Maubelstr. 90,Brandenburg,,14776,Germany,100 - 250 g bags,15,0,0,0,KOENE,K niglich Essen,Philip Cramer,Sales Associate,Maubelstr. 90,Brandenburg,,14776,Germany,0555-09876,9,Anne Dodsworth,Sales Representative,11-15-1994,London,UK,2,United Package,(503) 555-3199,11,Heli S  waren GmbH & Co. KG,Petra Winkler,Germany
10850,25,NuNuCa Nu -Nougat-Creme,Confections,"Desserts, candies, and sweet breads",14,14,20,0.15,238.0,1-23-1998,3-6-1998,1-30-1998,49.19,Victuailles en stock,"2, rue du Commerce",Lyon,,69004,France,20 - 450 g glasses,76,0,30,0,VICTE,Victuailles en stock,Mary Saveley,Sales Agent,"2, rue du Commerce",Lyon,,69004,France,78.32.54.86,1,Nancy Davolio,Sales Representative,5-1-1992,Seattle,USA,1,Speedy Express,(503) 555-9831,11,Heli S  waren GmbH & Co. KG,Petra Winkler,Germany
10850,33,Geitost,Dairy Products,Cheeses,2.5,2.5,4,0.15,8.5,1-23-1998,3-6-1998,1-30-1998,49.19,Victuailles en stock,"2, rue du Commerce",Lyon,,69004,France,500 g,112,0,20,0,VICTE,Victuailles en stock,Mary Saveley,Sales Agent,"2, rue du Commerce",Lyon,,69004,France,78.32.54.86,1,Nancy Davolio,Sales Representative,5-1-1992,Seattle,USA,1,Speedy Express,(503) 555-9831,15,Norske Meierier,Beate Vileid,Norway
10850,70,Outback Lager,Beverages,"Soft drinks, coffees, teas, beers, and ales",15,15,30,0.15,382.5,1-23-1998,3-6-1998,1-30-1998,49.19,Victuailles en stock,"2, rue du Commerce",Lyon,,69004,France,24 - 355 ml bottles,15,10,30,0,VICTE,Victuailles en stock,Mary Saveley,Sales Agent,"2, rue du Commerce",Lyon,,69004,France,78.32.54.86,1,Nancy Davolio,Sales Representative,5-1-1992,Seattle,USA,1,Speedy Express,(503) 555-9831,7,"Pavlova, Ltd.",Ian Devling,Australia
10851,2,Chang,Beverages,"Soft drinks, coffees, teas, beers, and ales",19,19,5,0.05,90.25,1-26-1998,2-23-1998,2-2-1998,160.55,Ricardo Adocicados,"Av. Copacabana, 267",Rio de Janeiro,RJ,02389-890,Brazil,24 - 12 oz bottles,17,40,25,1,RICAR,Ricardo Adocicados,Janete Limeira,Assistant Sales Agent,"Av. Copacabana, 267",Rio de Janeiro,RJ,02389-890,Brazil,(21) 555-3412,5,Steven Buchanan,Sales Manager,10-17-1993,London,UK,1,Speedy Express,(503) 555-9831,1,Exotic Liquids,Charlotte Cooper,UK
10851,25,NuNuCa Nu -Nougat-Creme,Confections,"Desserts, candies, and sweet breads",14,14,10,0.05,133.0,1-26-1998,2-23-1998,2-2-1998,160.55,Ricardo Adocicados,"Av. Copacabana, 267",Rio de Janeiro,RJ,02389-890,Brazil,20 - 450 g glasses,76,0,30,0,RICAR,Ricardo Adocicados,Janete Limeira,Assistant Sales Agent,"Av. Copacabana, 267",Rio de Janeiro,RJ,02389-890,Brazil,(21) 555-3412,5,Steven Buchanan,Sales Manager,10-17-1993,London,UK,1,Speedy Express,(503) 555-9831,11,Heli S  waren GmbH & Co. KG,Petra Winkler,Germany
10851,57,Ravioli Angelo,Grains/Cereals,"Breads, crackers, pasta, and cereal",19.5,19.5,10,0.05,185.25,1-26-1998,2-23-1998,2-2-1998,160.55,Ricardo Adocicados,"Av. Copacabana, 267",Rio de Janeiro,RJ,02389-890,Brazil,24 - 250 g pkgs.,36,0,20,0,RICAR,Ricardo Adocicados,Janete Limeira,Assistant Sales Agent,"Av. Copacabana, 267",Rio de Janeiro,RJ,02389-890,Brazil,(21) 555-3412,5,Steven Buchanan,Sales Manager,10-17-1993,London,UK,1,Speedy Express,(503) 555-9831,26,Pasta Buttini s.r.l.,Giovanni Giudici,Italy
10851,59,Raclette Courdavault,Dairy Products,Cheeses,55,55,42,0.05,2194.5,1-26-1998,2-23-1998,2-2-1998,160.55,Ricardo Adocicados,"Av. Copacabana, 267",Rio de Janeiro,RJ,02389-890,Brazil,5 kg pkg.,79,0,0,0,RICAR,Ricardo Adocicados,Janete Limeira,Assistant Sales Agent,"Av. Copacabana, 267",Rio de Janeiro,RJ,02389-890,Brazil,(21) 555-3412,5,Steven Buchanan,Sales Manager,10-17-1993,London,UK,1,Speedy Express,(503) 555-9831,28,Gai p turage,Eliane Noz,France
10852,2,Chang,Beverages,"Soft drinks, coffees, teas, beers, and ales",19,19,15,0,285.0,1-26-1998,2-9-1998,1-30-1998,174.05,Rattlesnake Canyon Grocery,2817 Milton Dr.,Albuquerque,NM,87110,USA,24 - 12 oz bottles,17,40,25,1,RATTC,Rattlesnake Canyon Grocery,Paula Wilson,Assistant Sales Representative,2817 Milton Dr.,Albuquerque,NM,87110,USA,(505) 555-5939,8,Laura Callahan,Inside Sales Coordinator,3-5-1994,Seattle,USA,1,Speedy Express,(503) 555-9831,1,Exotic Liquids,Charlotte Cooper,UK
10852,17,Alice Mutton,Meat/Poultry,Prepared meats,39,39,6,0,234.0,1-26-1998,2-9-1998,1-30-1998,174.05,Rattlesnake Canyon Grocery,2817 Milton Dr.,Albuquerque,NM,87110,USA,20 - 1 kg tins,0,0,0,1,RATTC,Rattlesnake Canyon Grocery,Paula Wilson,Assistant Sales Representative,2817 Milton Dr.,Albuquerque,NM,87110,USA,(505) 555-5939,8,Laura Callahan,Inside Sales Coordinator,3-5-1994,Seattle,USA,1,Speedy Express,(503) 555-9831,7,"Pavlova, Ltd.",Ian Devling,Australia
10852,62,Tarte au sucre,Confections,"Desserts, candies, and sweet breads",49.3,49.3,50,0,2465.0,1-26-1998,2-9-1998,1-30-1998,174.05,Rattlesnake Canyon Grocery,2817 Milton Dr.,Albuquerque,NM,87110,USA,48 pies,17,0,0,0,RATTC,Rattlesnake Canyon Grocery,Paula Wilson,Assistant Sales Representative,2817 Milton Dr.,Albuquerque,NM,87110,USA,(505) 555-5939,8,Laura Callahan,Inside Sales Coordinator,3-5-1994,Seattle,USA,1,Speedy Express,(503) 555-9831,29,For ts d' rables,Chantal Goulet,Canada
10853,18,Carnarvon Tigers,Seafood,Seaweed and fish,62.5,62.5,10,0,625.0,1-27-1998,2-24-1998,2-3-1998,53.83,Blauer See Delikatessen,Forsterstr. 57,Mannheim,,68306,Germany,16 kg pkg.,42,0,0,0,BLAUS,Blauer See Delikatessen,Hanna Moos,Sales Representative,Forsterstr. 57,Mannheim,,68306,Germany,0621-08460,9,Anne Dodsworth,Sales Representative,11-15-1994,London,UK,2,United Package,(503) 555-3199,7,"Pavlova, Ltd.",Ian Devling,Australia
10854,10,Ikura,Seafood,Seaweed and fish,31,31,100,0.15,2635.0,1-27-1998,2-24-1998,2-5-1998,100.22,Ernst Handel,Kirchgasse 6,Graz,,8010,Austria,12 - 200 ml jars,31,0,0,0,ERNSH,Ernst Handel,Roland Mendel,Sales Manager,Kirchgasse 6,Graz,,8010,Austria,7675-3425,3,Janet Leverling,Sales Representative,4-1-1992,Kirkland,USA,2,United Package,(503) 555-3199,4,Tokyo Traders,Yoshi Nagase,Japan
10854,13,Konbu,Seafood,Seaweed and fish,6,6,65,0.15,331.5,1-27-1998,2-24-1998,2-5-1998,100.22,Ernst Handel,Kirchgasse 6,Graz,,8010,Austria,2 kg box,24,0,5,0,ERNSH,Ernst Handel,Roland Mendel,Sales Manager,Kirchgasse 6,Graz,,8010,Austria,7675-3425,3,Janet Leverling,Sales Representative,4-1-1992,Kirkland,USA,2,United Package,(503) 555-3199,6,Mayumi's,Mayumi Ohno,Japan
10855,16,Pavlova,Confections,"Desserts, candies, and sweet breads",17.45,17.45,50,0,872.5,1-27-1998,2-24-1998,2-4-1998,170.97,Old World Delicatessen,2743 Bering St.,Anchorage,AK,99508,USA,32 - 500 g boxes,29,0,10,0,OLDWO,Old World Delicatessen,Rene Phillips,Sales Representative,2743 Bering St.,Anchorage,AK,99508,USA,(907) 555-7584,3,Janet Leverling,Sales Representative,4-1-1992,Kirkland,USA,1,Speedy Express,(503) 555-9831,7,"Pavlova, Ltd.",Ian Devling,Australia
10855,31,Gorgonzola Telino,Dairy Products,Cheeses,12.5,12.5,14,0,175.0,1-27-1998,2-24-1998,2-4-1998,170.97,Old World Delicatessen,2743 Bering St.,Anchorage,AK,99508,USA,12 - 100 g pkgs,0,70,20,0,OLDWO,Old World Delicatessen,Rene Phillips,Sales Representative,2743 Bering St.,Anchorage,AK,99508,USA,(907) 555-7584,3,Janet Leverling,Sales Representative,4-1-1992,Kirkland,USA,1,Speedy Express,(503) 555-9831,14,Formaggi Fortini s.r.l.,Elio Rossi,Italy
10855,56,Gnocchi di nonna Alice,Grains/Cereals,"Breads, crackers, pasta, and cereal",38,38,24,0,912.0,1-27-1998,2-24-1998,2-4-1998,170.97,Old World Delicatessen,2743 Bering St.,Anchorage,AK,99508,USA,24 - 250 g pkgs.,21,10,30,0,OLDWO,Old World Delicatessen,Rene Phillips,Sales Representative,2743 Bering St.,Anchorage,AK,99508,USA,(907) 555-7584,3,Janet Leverling,Sales Representative,4-1-1992,Kirkland,USA,1,Speedy Express,(503) 555-9831,26,Pasta Buttini s.r.l.,Giovanni Giudici,Italy
10855,65,Louisiana Fiery Hot Pepper Sauce,Condiments,"Sweet and savory sauces, relishes, spreads, and seasonings",21.05,21.05,15,0.15,268.39,1-27-1998,2-24-1998,2-4-1998,170.97,Old World Delicatessen,2743 Bering St.,Anchorage,AK,99508,USA,32 - 8 oz bottles,76,0,0,0,OLDWO,Old World Delicatessen,Rene Phillips,Sales Representative,2743 Bering St.,Anchorage,AK,99508,USA,(907) 555-7584,3,Janet Leverling,Sales Representative,4-1-1992,Kirkland,USA,1,Speedy Express,(503) 555-9831,2,New Orleans Cajun Delights,Shelley Burke,USA
10856,2,Chang,Beverages,"Soft drinks, coffees, teas, beers, and ales",19,19,20,0,380.0,1-28-1998,2-25-1998,2-10-1998,58.43,Antonio Moreno Taquer a,Mataderos  2312,M xico D.F.,,05023,Mexico,24 - 12 oz bottles,17,40,25,1,ANTON,Antonio Moreno Taquer a,Antonio Moreno,Owner,Mataderos  2312,M xico D.F.,,05023,Mexico,(5) 555-3932,3,Janet Leverling,Sales Representative,4-1-1992,Kirkland,USA,2,United Package,(503) 555-3199,1,Exotic Liquids,Charlotte Cooper,UK
10856,42,Singaporean Hokkien Fried Mee,Grains/Cereals,"Breads, crackers, pasta, and cereal",14,14,20,0,280.0,1-28-1998,2-25-1998,2-10-1998,58.43,Antonio Moreno Taquer a,Mataderos  2312,M xico D.F.,,05023,Mexico,32 - 1 kg pkgs.,26,0,0,1,ANTON,Antonio Moreno Taquer a,Antonio Moreno,Owner,Mataderos  2312,M xico D.F.,,05023,Mexico,(5) 555-3932,3,Janet Leverling,Sales Representative,4-1-1992,Kirkland,USA,2,United Package,(503) 555-3199,20,Leka Trading,Chandra Leka,Singapore
10857,3,Aniseed Syrup,Condiments,"Sweet and savory sauces, relishes, spreads, and seasonings",10,10,30,0,300.0,1-28-1998,2-25-1998,2-6-1998,188.85,Berglunds snabbk p,Berguvsv gen  8,Lule,,S-958 22,Sweden,12 - 550 ml bottles,13,70,25,0,BERGS,Berglunds snabbk p,Christina Berglund,Order Administrator,Berguvsv gen  8,Lule,,S-958 22,Sweden,0921-12 34 65,8,Laura Callahan,Inside Sales Coordinator,3-5-1994,Seattle,USA,2,United Package,(503) 555-3199,1,Exotic Liquids,Charlotte Cooper,UK
10857,26,Gumb r Gummib rchen,Confections,"Desserts, candies, and sweet breads",31.23,31.23,35,0.25,819.79,1-28-1998,2-25-1998,2-6-1998,188.85,Berglunds snabbk p,Berguvsv gen  8,Lule,,S-958 22,Sweden,100 - 250 g bags,15,0,0,0,BERGS,Berglunds snabbk p,Christina Berglund,Order Administrator,Berguvsv gen  8,Lule,,S-958 22,Sweden,0921-12 34 65,8,Laura Callahan,Inside Sales Coordinator,3-5-1994,Seattle,USA,2,United Package,(503) 555-3199,11,Heli S  waren GmbH & Co. KG,Petra Winkler,Germany
10857,29,Th ringer Rostbratwurst,Meat/Poultry,Prepared meats,123.79,123.79,10,0.25,928.43,1-28-1998,2-25-1998,2-6-1998,188.85,Berglunds snabbk p,Berguvsv gen  8,Lule,,S-958 22,Sweden,50 bags x 30 sausgs.,0,0,0,1,BERGS,Berglunds snabbk p,Christina Berglund,Order Administrator,Berguvsv gen  8,Lule,,S-958 22,Sweden,0921-12 34 65,8,Laura Callahan,Inside Sales Coordinator,3-5-1994,Seattle,USA,2,United Package,(503) 555-3199,12,Plutzer Lebensmittelgro m rkte AG,Martin Bein,Germany
10858,7,Uncle Bob's Organic Dried Pears,Produce,Dried fruit and bean curd,30,30,5,0,150.0,1-29-1998,2-26-1998,2-3-1998,52.51,La corne d'abondance,"67, avenue de l'Europe",Versailles,,78000,France,12 - 1 lb pkgs.,15,0,10,0,LACOR,La corne d'abondance,Daniel Tonini,Sales Representative,"67, avenue de l'Europe",Versailles,,78000,France,30.59.84.10,2,Andrew Fuller,"Vice President, Sales",8-14-1992,Tacoma,USA,1,Speedy Express,(503) 555-9831,3,Grandma Kelly's Homestead,Regina Murphy,USA
10858,27,Schoggi Schokolade,Confections,"Desserts, candies, and sweet breads",43.9,43.9,10,0,439.0,1-29-1998,2-26-1998,2-3-1998,52.51,La corne d'abondance,"67, avenue de l'Europe",Versailles,,78000,France,100 - 100 g pieces,49,0,30,0,LACOR,La corne d'abondance,Daniel Tonini,Sales Representative,"67, avenue de l'Europe",Versailles,,78000,France,30.59.84.10,2,Andrew Fuller,"Vice President, Sales",8-14-1992,Tacoma,USA,1,Speedy Express,(503) 555-9831,11,Heli S  waren GmbH & Co. KG,Petra Winkler,Germany
10858,70,Outback Lager,Beverages,"Soft drinks, coffees, teas, beers, and ales",15,15,4,0,60.0,1-29-1998,2-26-1998,2-3-1998,52.51,La corne d'abondance,"67, avenue de l'Europe",Versailles,,78000,France,24 - 355 ml bottles,15,10,30,0,LACOR,La corne d'abondance,Daniel Tonini,Sales Representative,"67, avenue de l'Europe",Versailles,,78000,France,30.59.84.10,2,Andrew Fuller,"Vice President, Sales",8-14-1992,Tacoma,USA,1,Speedy Express,(503) 555-9831,7,"Pavlova, Ltd.",Ian Devling,Australia
10859,24,Guaran  Fant stica,Beverages,"Soft drinks, coffees, teas, beers, and ales",4.5,4.5,40,0.25,135.0,1-29-1998,2-26-1998,2-2-1998,76.1,Frankenversand,Berliner Platz 43,M nchen,,80805,Germany,12 - 355 ml cans,20,0,0,1,FRANK,Frankenversand,Peter Franken,Marketing Manager,Berliner Platz 43,M nchen,,80805,Germany,089-0877310,1,Nancy Davolio,Sales Representative,5-1-1992,Seattle,USA,2,United Package,(503) 555-3199,10,Refrescos Americanas LTDA,Carlos Diaz,Brazil
10859,54,Tourti re,Meat/Poultry,Prepared meats,7.45,7.45,35,0.25,195.56,1-29-1998,2-26-1998,2-2-1998,76.1,Frankenversand,Berliner Platz 43,M nchen,,80805,Germany,16 pies,21,0,10,0,FRANK,Frankenversand,Peter Franken,Marketing Manager,Berliner Platz 43,M nchen,,80805,Germany,089-0877310,1,Nancy Davolio,Sales Representative,5-1-1992,Seattle,USA,2,United Package,(503) 555-3199,25,Ma Maison,Jean-Guy Lauzon,Canada
10859,64,Wimmers gute Semmelkn del,Grains/Cereals,"Breads, crackers, pasta, and cereal",33.25,33.25,30,0.25,748.12,1-29-1998,2-26-1998,2-2-1998,76.1,Frankenversand,Berliner Platz 43,M nchen,,80805,Germany,20 bags x 4 pieces,22,80,30,0,FRANK,Frankenversand,Peter Franken,Marketing Manager,Berliner Platz 43,M nchen,,80805,Germany,089-0877310,1,Nancy Davolio,Sales Representative,5-1-1992,Seattle,USA,2,United Package,(503) 555-3199,12,Plutzer Lebensmittelgro m rkte AG,Martin Bein,Germany
10860,51,Manjimup Dried Apples,Produce,Dried fruit and bean curd,53,53,3,0,159.0,1-29-1998,2-26-1998,2-4-1998,19.26,France restauration,"54, rue Royale",Nantes,,44000,France,50 - 300 g pkgs.,20,0,10,0,FRANR,France restauration,Carine Schmitt,Marketing Manager,"54, rue Royale",Nantes,,44000,France,40.32.21.21,3,Janet Leverling,Sales Representative,4-1-1992,Kirkland,USA,3,Federal Shipping,(503) 555-9931,24,"G'day, Mate",Wendy Mackenzie,Australia
10860,76,Lakkalik  ri,Beverages,"Soft drinks, coffees, teas, beers, and ales",18,18,20,0,360.0,1-29-1998,2-26-1998,2-4-1998,19.26,France restauration,"54, rue Royale",Nantes,,44000,France,500 ml,57,0,20,0,FRANR,France restauration,Carine Schmitt,Marketing Manager,"54, rue Royale",Nantes,,44000,France,40.32.21.21,3,Janet Leverling,Sales Representative,4-1-1992,Kirkland,USA,3,Federal Shipping,(503) 555-9931,23,Karkki Oy,Anne Heikkonen,Finland
10861,17,Alice Mutton,Meat/Poultry,Prepared meats,39,39,42,0,1638.0,1-30-1998,2-27-1998,2-17-1998,14.93,White Clover Markets,1029 - 12th Ave. S.,Seattle,WA,98124,USA,20 - 1 kg tins,0,0,0,1,WHITC,White Clover Markets,Karl Jablonski,Owner,305 - 14th Ave. S. Suite 3B,Seattle,WA,98128,USA,(206) 555-4112,4,Margaret Peacock,Sales Representative,5-3-1993,Redmond,USA,2,United Package,(503) 555-3199,7,"Pavlova, Ltd.",Ian Devling,Australia
10861,18,Carnarvon Tigers,Seafood,Seaweed and fish,62.5,62.5,20,0,1250.0,1-30-1998,2-27-1998,2-17-1998,14.93,White Clover Markets,1029 - 12th Ave. S.,Seattle,WA,98124,USA,16 kg pkg.,42,0,0,0,WHITC,White Clover Markets,Karl Jablonski,Owner,305 - 14th Ave. S. Suite 3B,Seattle,WA,98128,USA,(206) 555-4112,4,Margaret Peacock,Sales Representative,5-3-1993,Redmond,USA,2,United Package,(503) 555-3199,7,"Pavlova, Ltd.",Ian Devling,Australia
10861,21,Sir Rodney's Scones,Confections,"Desserts, candies, and sweet breads",10,10,40,0,400.0,1-30-1998,2-27-1998,2-17-1998,14.93,White Clover Markets,1029 - 12th Ave. S.,Seattle,WA,98124,USA,24 pkgs. x 4 pieces,3,40,5,0,WHITC,White Clover Markets,Karl Jablonski,Owner,305 - 14th Ave. S. Suite 3B,Seattle,WA,98128,USA,(206) 555-4112,4,Margaret Peacock,Sales Representative,5-3-1993,Redmond,USA,2,United Package,(503) 555-3199,8,"Specialty Biscuits, Ltd.",Peter Wilson,UK
10861,33,Geitost,Dairy Products,Cheeses,2.5,2.5,35,0,87.5,1-30-1998,2-27-1998,2-17-1998,14.93,White Clover Markets,1029 - 12th Ave. S.,Seattle,WA,98124,USA,500 g,112,0,20,0,WHITC,White Clover Markets,Karl Jablonski,Owner,305 - 14th Ave. S. Suite 3B,Seattle,WA,98128,USA,(206) 555-4112,4,Margaret Peacock,Sales Representative,5-3-1993,Redmond,USA,2,United Package,(503) 555-3199,15,Norske Meierier,Beate Vileid,Norway
10861,62,Tarte au sucre,Confections,"Desserts, candies, and sweet breads",49.3,49.3,3,0,147.9,1-30-1998,2-27-1998,2-17-1998,14.93,White Clover Markets,1029 - 12th Ave. S.,Seattle,WA,98124,USA,48 pies,17,0,0,0,WHITC,White Clover Markets,Karl Jablonski,Owner,305 - 14th Ave. S. Suite 3B,Seattle,WA,98128,USA,(206) 555-4112,4,Margaret Peacock,Sales Representative,5-3-1993,Redmond,USA,2,United Package,(503) 555-3199,29,For ts d' rables,Chantal Goulet,Canada
10862,11,Queso Cabrales,Dairy Products,Cheeses,21,21,25,0,525.0,1-30-1998,3-13-1998,2-2-1998,53.23,Lehmanns Marktstand,Magazinweg 7,Frankfurt a.M.,,60528,Germany,1 kg pkg.,22,30,30,0,LEHMS,Lehmanns Marktstand,Renate Messner,Sales Representative,Magazinweg 7,Frankfurt a.M.,,60528,Germany,069-0245984,8,Laura Callahan,Inside Sales Coordinator,3-5-1994,Seattle,USA,2,United Package,(503) 555-3199,5,Cooperativa de Quesos 'Las Cabras',Antonio del Valle Saavedra,Spain
10862,52,Filo Mix,Grains/Cereals,"Breads, crackers, pasta, and cereal",7,7,8,0,56.0,1-30-1998,3-13-1998,2-2-1998,53.23,Lehmanns Marktstand,Magazinweg 7,Frankfurt a.M.,,60528,Germany,16 - 2 kg boxes,38,0,25,0,LEHMS,Lehmanns Marktstand,Renate Messner,Sales Representative,Magazinweg 7,Frankfurt a.M.,,60528,Germany,069-0245984,8,Laura Callahan,Inside Sales Coordinator,3-5-1994,Seattle,USA,2,United Package,(503) 555-3199,24,"G'day, Mate",Wendy Mackenzie,Australia
10863,1,Chai,Beverages,"Soft drinks, coffees, teas, beers, and ales",18,18,20,0.15,306.0,2-2-1998,3-2-1998,2-17-1998,30.26,HILARION-Abastos,Carrera 22 con Ave. Carlos Soublette #8-35,San Crist bal,T chira,5022,Venezuela,10 boxes x 30 bags,39,0,10,1,HILAA,HILARION-Abastos,Carlos Hern ndez,Sales Representative,Carrera 22 con Ave. Carlos Soublette #8-35,San Crist bal,T chira,5022,Venezuela,(5) 555-1340,4,Margaret Peacock,Sales Representative,5-3-1993,Redmond,USA,2,United Package,(503) 555-3199,8,"Specialty Biscuits, Ltd.",Peter Wilson,UK
10863,58,Escargots de Bourgogne,Seafood,Seaweed and fish,13.25,13.25,12,0.15,135.15,2-2-1998,3-2-1998,2-17-1998,30.26,HILARION-Abastos,Carrera 22 con Ave. Carlos Soublette #8-35,San Crist bal,T chira,5022,Venezuela,24 pieces,62,0,20,0,HILAA,HILARION-Abastos,Carlos Hern ndez,Sales Representative,Carrera 22 con Ave. Carlos Soublette #8-35,San Crist bal,T chira,5022,Venezuela,(5) 555-1340,4,Margaret Peacock,Sales Representative,5-3-1993,Redmond,USA,2,United Package,(503) 555-3199,27,Escargots Nouveaux,Marie Delamare,France
10864,35,Steeleye Stout,Beverages,"Soft drinks, coffees, teas, beers, and ales",18,18,4,0,72.0,2-2-1998,3-2-1998,2-9-1998,3.04,Around the Horn,Brook Farm Stratford St. Mary,Colchester,Essex,CO7 6JX,UK,24 - 12 oz bottles,20,0,15,0,AROUT,Around the Horn,Thomas Hardy,Sales Representative,120 Hanover Sq.,London,,WA1 1DP,UK,(171) 555-7788,4,Margaret Peacock,Sales Representative,5-3-1993,Redmond,USA,2,United Package,(503) 555-3199,16,Bigfoot Breweries,Cheryl Saylor,USA
10864,67,Laughing Lumberjack Lager,Beverages,"Soft drinks, coffees, teas, beers, and ales",14,14,15,0,210.0,2-2-1998,3-2-1998,2-9-1998,3.04,Around the Horn,Brook Farm Stratford St. Mary,Colchester,Essex,CO7 6JX,UK,24 - 12 oz bottles,52,0,10,0,AROUT,Around the Horn,Thomas Hardy,Sales Representative,120 Hanover Sq.,London,,WA1 1DP,UK,(171) 555-7788,4,Margaret Peacock,Sales Representative,5-3-1993,Redmond,USA,2,United Package,(503) 555-3199,16,Bigfoot Breweries,Cheryl Saylor,USA
10865,38,C te de Blaye,Beverages,"Soft drinks, coffees, teas, beers, and ales",263.5,263.5,60,0.05,15019.5,2-2-1998,2-16-1998,2-12-1998,348.14,QUICK-Stop,Taucherstra e 10,Cunewalde,,01307,Germany,12 - 75 cl bottles,17,0,15,0,QUICK,QUICK-Stop,Horst Kloss,Accounting Manager,Taucherstra e 10,Cunewalde,,01307,Germany,0372-035188,2,Andrew Fuller,"Vice President, Sales",8-14-1992,Tacoma,USA,1,Speedy Express,(503) 555-9831,18,Aux joyeux eccl siastiques,Guyl ne Nodier,France
10865,39,Chartreuse verte,Beverages,"Soft drinks, coffees, teas, beers, and ales",18,18,80,0.05,1368.0,2-2-1998,2-16-1998,2-12-1998,348.14,QUICK-Stop,Taucherstra e 10,Cunewalde,,01307,Germany,750 cc per bottle,69,0,5,0,QUICK,QUICK-Stop,Horst Kloss,Accounting Manager,Taucherstra e 10,Cunewalde,,01307,Germany,0372-035188,2,Andrew Fuller,"Vice President, Sales",8-14-1992,Tacoma,USA,1,Speedy Express,(503) 555-9831,18,Aux joyeux eccl siastiques,Guyl ne Nodier,France
10866,2,Chang,Beverages,"Soft drinks, coffees, teas, beers, and ales",19,19,21,0.25,299.25,2-3-1998,3-3-1998,2-12-1998,109.11,Berglunds snabbk p,Berguvsv gen  8,Lule,,S-958 22,Sweden,24 - 12 oz bottles,17,40,25,1,BERGS,Berglunds snabbk p,Christina Berglund,Order Administrator,Berguvsv gen  8,Lule,,S-958 22,Sweden,0921-12 34 65,5,Steven Buchanan,Sales Manager,10-17-1993,London,UK,1,Speedy Express,(503) 555-9831,1,Exotic Liquids,Charlotte Cooper,UK
10866,24,Guaran  Fant stica,Beverages,"Soft drinks, coffees, teas, beers, and ales",4.5,4.5,6,0.25,20.25,2-3-1998,3-3-1998,2-12-1998,109.11,Berglunds snabbk p,Berguvsv gen  8,Lule,,S-958 22,Sweden,12 - 355 ml cans,20,0,0,1,BERGS,Berglunds snabbk p,Christina Berglund,Order Administrator,Berguvsv gen  8,Lule,,S-958 22,Sweden,0921-12 34 65,5,Steven Buchanan,Sales Manager,10-17-1993,London,UK,1,Speedy Express,(503) 555-9831,10,Refrescos Americanas LTDA,Carlos Diaz,Brazil
10866,30,Nord-Ost Matjeshering,Seafood,Seaweed and fish,25.89,25.89,40,0.25,776.7,2-3-1998,3-3-1998,2-12-1998,109.11,Berglunds snabbk p,Berguvsv gen  8,Lule,,S-958 22,Sweden,10 - 200 g glasses,10,0,15,0,BERGS,Berglunds snabbk p,Christina Berglund,Order Administrator,Berguvsv gen  8,Lule,,S-958 22,Sweden,0921-12 34 65,5,Steven Buchanan,Sales Manager,10-17-1993,London,UK,1,Speedy Express,(503) 555-9831,13,Nord-Ost-Fisch Handelsgesellschaft mbH,Sven Petersen,Germany
10867,53,Perth Pasties,Meat/Poultry,Prepared meats,32.8,32.8,3,0,98.4,2-3-1998,3-17-1998,2-11-1998,1.93,Lonesome Pine Restaurant,89 Chiaroscuro Rd.,Portland,OR,97219,USA,48 pieces,0,0,0,1,LONEP,Lonesome Pine Restaurant,Fran Wilson,Sales Manager,89 Chiaroscuro Rd.,Portland,OR,97219,USA,(503) 555-9573,6,Michael Suyama,Sales Representative,10-17-1993,London,UK,1,Speedy Express,(503) 555-9831,24,"G'day, Mate",Wendy Mackenzie,Australia
10868,26,Gumb r Gummib rchen,Confections,"Desserts, candies, and sweet breads",31.23,31.23,20,0,624.6,2-4-1998,3-4-1998,2-23-1998,191.27,Queen Cozinha,"Alameda dos Can rios, 891",Sao Paulo,SP,05487-020,Brazil,100 - 250 g bags,15,0,0,0,QUEEN,Queen Cozinha,L cia Carvalho,Marketing Assistant,"Alameda dos Can rios, 891",Sao Paulo,SP,05487-020,Brazil,(11) 555-1189,7,Robert King,Sales Representative,1-2-1994,London,UK,2,United Package,(503) 555-3199,11,Heli S  waren GmbH & Co. KG,Petra Winkler,Germany
10868,35,Steeleye Stout,Beverages,"Soft drinks, coffees, teas, beers, and ales",18,18,30,0,540.0,2-4-1998,3-4-1998,2-23-1998,191.27,Queen Cozinha,"Alameda dos Can rios, 891",Sao Paulo,SP,05487-020,Brazil,24 - 12 oz bottles,20,0,15,0,QUEEN,Queen Cozinha,L cia Carvalho,Marketing Assistant,"Alameda dos Can rios, 891",Sao Paulo,SP,05487-020,Brazil,(11) 555-1189,7,Robert King,Sales Representative,1-2-1994,London,UK,2,United Package,(503) 555-3199,16,Bigfoot Breweries,Cheryl Saylor,USA
10868,49,Maxilaku,Confections,"Desserts, candies, and sweet breads",20,20,42,0.1,756.0,2-4-1998,3-4-1998,2-23-1998,191.27,Queen Cozinha,"Alameda dos Can rios, 891",Sao Paulo,SP,05487-020,Brazil,24 - 50 g pkgs.,10,60,15,0,QUEEN,Queen Cozinha,L cia Carvalho,Marketing Assistant,"Alameda dos Can rios, 891",Sao Paulo,SP,05487-020,Brazil,(11) 555-1189,7,Robert King,Sales Representative,1-2-1994,London,UK,2,United Package,(503) 555-3199,23,Karkki Oy,Anne Heikkonen,Finland
10869,1,Chai,Beverages,"Soft drinks, coffees, teas, beers, and ales",18,18,40,0,720.0,2-4-1998,3-4-1998,2-9-1998,143.28,Seven Seas Imports,90 Wadhurst Rd.,London,,OX15 4NB,UK,10 boxes x 30 bags,39,0,10,1,SEVES,Seven Seas Imports,Hari Kumar,Sales Manager,90 Wadhurst Rd.,London,,OX15 4NB,UK,(171) 555-1717,5,Steven Buchanan,Sales Manager,10-17-1993,London,UK,1,Speedy Express,(503) 555-9831,8,"Specialty Biscuits, Ltd.",Peter Wilson,UK
10869,11,Queso Cabrales,Dairy Products,Cheeses,21,21,10,0,210.0,2-4-1998,3-4-1998,2-9-1998,143.28,Seven Seas Imports,90 Wadhurst Rd.,London,,OX15 4NB,UK,1 kg pkg.,22,30,30,0,SEVES,Seven Seas Imports,Hari Kumar,Sales Manager,90 Wadhurst Rd.,London,,OX15 4NB,UK,(171) 555-1717,5,Steven Buchanan,Sales Manager,10-17-1993,London,UK,1,Speedy Express,(503) 555-9831,5,Cooperativa de Quesos 'Las Cabras',Antonio del Valle Saavedra,Spain
10869,23,Tunnbr d,Grains/Cereals,"Breads, crackers, pasta, and cereal",9,9,50,0,450.0,2-4-1998,3-4-1998,2-9-1998,143.28,Seven Seas Imports,90 Wadhurst Rd.,London,,OX15 4NB,UK,12 - 250 g pkgs.,61,0,25,0,SEVES,Seven Seas Imports,Hari Kumar,Sales Manager,90 Wadhurst Rd.,London,,OX15 4NB,UK,(171) 555-1717,5,Steven Buchanan,Sales Manager,10-17-1993,London,UK,1,Speedy Express,(503) 555-9831,9,PB Kn ckebr d AB,Lars Peterson,Sweden
10869,68,Scottish Longbreads,Confections,"Desserts, candies, and sweet breads",12.5,12.5,20,0,250.0,2-4-1998,3-4-1998,2-9-1998,143.28,Seven Seas Imports,90 Wadhurst Rd.,London,,OX15 4NB,UK,10 boxes x 8 pieces,6,10,15,0,SEVES,Seven Seas Imports,Hari Kumar,Sales Manager,90 Wadhurst Rd.,London,,OX15 4NB,UK,(171) 555-1717,5,Steven Buchanan,Sales Manager,10-17-1993,London,UK,1,Speedy Express,(503) 555-9831,8,"Specialty Biscuits, Ltd.",Peter Wilson,UK
10870,35,Steeleye Stout,Beverages,"Soft drinks, coffees, teas, beers, and ales",18,18,3,0,54.0,2-4-1998,3-4-1998,2-13-1998,12.04,Wolski Zajazd,ul. Filtrowa 68,Warszawa,,01-012,Poland,24 - 12 oz bottles,20,0,15,0,WOLZA,Wolski  Zajazd,Zbyszek Piestrzeniewicz,Owner,ul. Filtrowa 68,Warszawa,,01-012,Poland,(26) 642-7012,5,Steven Buchanan,Sales Manager,10-17-1993,London,UK,3,Federal Shipping,(503) 555-9931,16,Bigfoot Breweries,Cheryl Saylor,USA
10870,51,Manjimup Dried Apples,Produce,Dried fruit and bean curd,53,53,2,0,106.0,2-4-1998,3-4-1998,2-13-1998,12.04,Wolski Zajazd,ul. Filtrowa 68,Warszawa,,01-012,Poland,50 - 300 g pkgs.,20,0,10,0,WOLZA,Wolski  Zajazd,Zbyszek Piestrzeniewicz,Owner,ul. Filtrowa 68,Warszawa,,01-012,Poland,(26) 642-7012,5,Steven Buchanan,Sales Manager,10-17-1993,London,UK,3,Federal Shipping,(503) 555-9931,24,"G'day, Mate",Wendy Mackenzie,Australia
10871,6,Grandma's Boysenberry Spread,Condiments,"Sweet and savory sauces, relishes, spreads, and seasonings",25,25,50,0.05,1187.5,2-5-1998,3-5-1998,2-10-1998,112.27,Bon app',"12, rue des Bouchers",Marseille,,13008,France,12 - 8 oz jars,120,0,25,0,BONAP,Bon app',Laurence Lebihan,Owner,"12, rue des Bouchers",Marseille,,13008,France,91.24.45.40,9,Anne Dodsworth,Sales Representative,11-15-1994,London,UK,2,United Package,(503) 555-3199,3,Grandma Kelly's Homestead,Regina Murphy,USA
10871,16,Pavlova,Confections,"Desserts, candies, and sweet breads",17.45,17.45,12,0.05,198.93,2-5-1998,3-5-1998,2-10-1998,112.27,Bon app',"12, rue des Bouchers",Marseille,,13008,France,32 - 500 g boxes,29,0,10,0,BONAP,Bon app',Laurence Lebihan,Owner,"12, rue des Bouchers",Marseille,,13008,France,91.24.45.40,9,Anne Dodsworth,Sales Representative,11-15-1994,London,UK,2,United Package,(503) 555-3199,7,"Pavlova, Ltd.",Ian Devling,Australia
10871,17,Alice Mutton,Meat/Poultry,Prepared meats,39,39,16,0.05,592.8,2-5-1998,3-5-1998,2-10-1998,112.27,Bon app',"12, rue des Bouchers",Marseille,,13008,France,20 - 1 kg tins,0,0,0,1,BONAP,Bon app',Laurence Lebihan,Owner,"12, rue des Bouchers",Marseille,,13008,France,91.24.45.40,9,Anne Dodsworth,Sales Representative,11-15-1994,London,UK,2,United Package,(503) 555-3199,7,"Pavlova, Ltd.",Ian Devling,Australia
10872,55,P t  chinois,Meat/Poultry,Prepared meats,24,24,10,0.05,228.0,2-5-1998,3-5-1998,2-9-1998,175.32,Godos Cocina T pica,"C/ Romero, 33",Sevilla,,41101,Spain,24 boxes x 2 pies,115,0,20,0,GODOS,Godos Cocina T pica,Jos  Pedro Freyre,Sales Manager,"C/ Romero, 33",Sevilla,,41101,Spain,(95) 555 82 82,5,Steven Buchanan,Sales Manager,10-17-1993,London,UK,2,United Package,(503) 555-3199,25,Ma Maison,Jean-Guy Lauzon,Canada
10872,62,Tarte au sucre,Confections,"Desserts, candies, and sweet breads",49.3,49.3,20,0.05,936.7,2-5-1998,3-5-1998,2-9-1998,175.32,Godos Cocina T pica,"C/ Romero, 33",Sevilla,,41101,Spain,48 pies,17,0,0,0,GODOS,Godos Cocina T pica,Jos  Pedro Freyre,Sales Manager,"C/ Romero, 33",Sevilla,,41101,Spain,(95) 555 82 82,5,Steven Buchanan,Sales Manager,10-17-1993,London,UK,2,United Package,(503) 555-3199,29,For ts d' rables,Chantal Goulet,Canada
10872,64,Wimmers gute Semmelkn del,Grains/Cereals,"Breads, crackers, pasta, and cereal",33.25,33.25,15,0.05,473.81,2-5-1998,3-5-1998,2-9-1998,175.32,Godos Cocina T pica,"C/ Romero, 33",Sevilla,,41101,Spain,20 bags x 4 pieces,22,80,30,0,GODOS,Godos Cocina T pica,Jos  Pedro Freyre,Sales Manager,"C/ Romero, 33",Sevilla,,41101,Spain,(95) 555 82 82,5,Steven Buchanan,Sales Manager,10-17-1993,London,UK,2,United Package,(503) 555-3199,12,Plutzer Lebensmittelgro m rkte AG,Martin Bein,Germany
10872,65,Louisiana Fiery Hot Pepper Sauce,Condiments,"Sweet and savory sauces, relishes, spreads, and seasonings",21.05,21.05,21,0.05,419.95,2-5-1998,3-5-1998,2-9-1998,175.32,Godos Cocina T pica,"C/ Romero, 33",Sevilla,,41101,Spain,32 - 8 oz bottles,76,0,0,0,GODOS,Godos Cocina T pica,Jos  Pedro Freyre,Sales Manager,"C/ Romero, 33",Sevilla,,41101,Spain,(95) 555 82 82,5,Steven Buchanan,Sales Manager,10-17-1993,London,UK,2,United Package,(503) 555-3199,2,New Orleans Cajun Delights,Shelley Burke,USA
10873,21,Sir Rodney's Scones,Confections,"Desserts, candies, and sweet breads",10,10,20,0,200.0,2-6-1998,3-6-1998,2-9-1998,0.82,Wilman Kala,Keskuskatu 45,Helsinki,,21240,Finland,24 pkgs. x 4 pieces,3,40,5,0,WILMK,Wilman Kala,Matti Karttunen,Owner/Marketing Assistant,Keskuskatu 45,Helsinki,,21240,Finland,90-224 8858,4,Margaret Peacock,Sales Representative,5-3-1993,Redmond,USA,1,Speedy Express,(503) 555-9831,8,"Specialty Biscuits, Ltd.",Peter Wilson,UK
10873,28,R ssle Sauerkraut,Produce,Dried fruit and bean curd,45.6,45.6,3,0,136.8,2-6-1998,3-6-1998,2-9-1998,0.82,Wilman Kala,Keskuskatu 45,Helsinki,,21240,Finland,25 - 825 g cans,26,0,0,1,WILMK,Wilman Kala,Matti Karttunen,Owner/Marketing Assistant,Keskuskatu 45,Helsinki,,21240,Finland,90-224 8858,4,Margaret Peacock,Sales Representative,5-3-1993,Redmond,USA,1,Speedy Express,(503) 555-9831,12,Plutzer Lebensmittelgro m rkte AG,Martin Bein,Germany
10874,10,Ikura,Seafood,Seaweed and fish,31,31,10,0,310.0,2-6-1998,3-6-1998,2-11-1998,19.58,Godos Cocina T pica,"C/ Romero, 33",Sevilla,,41101,Spain,12 - 200 ml jars,31,0,0,0,GODOS,Godos Cocina T pica,Jos  Pedro Freyre,Sales Manager,"C/ Romero, 33",Sevilla,,41101,Spain,(95) 555 82 82,5,Steven Buchanan,Sales Manager,10-17-1993,London,UK,2,United Package,(503) 555-3199,4,Tokyo Traders,Yoshi Nagase,Japan
10875,19,Teatime Chocolate Biscuits,Confections,"Desserts, candies, and sweet breads",9.2,9.2,25,0,230.0,2-6-1998,3-6-1998,3-3-1998,32.37,Berglunds snabbk p,Berguvsv gen  8,Lule,,S-958 22,Sweden,10 boxes x 12 pieces,25,0,5,0,BERGS,Berglunds snabbk p,Christina Berglund,Order Administrator,Berguvsv gen  8,Lule,,S-958 22,Sweden,0921-12 34 65,4,Margaret Peacock,Sales Representative,5-3-1993,Redmond,USA,2,United Package,(503) 555-3199,8,"Specialty Biscuits, Ltd.",Peter Wilson,UK
10875,47,Zaanse koeken,Confections,"Desserts, candies, and sweet breads",9.5,9.5,21,0.1,179.55,2-6-1998,3-6-1998,3-3-1998,32.37,Berglunds snabbk p,Berguvsv gen  8,Lule,,S-958 22,Sweden,10 - 4 oz boxes,36,0,0,0,BERGS,Berglunds snabbk p,Christina Berglund,Order Administrator,Berguvsv gen  8,Lule,,S-958 22,Sweden,0921-12 34 65,4,Margaret Peacock,Sales Representative,5-3-1993,Redmond,USA,2,United Package,(503) 555-3199,22,Zaanse Snoepfabriek,Dirk Luchte,Netherlands
10875,49,Maxilaku,Confections,"Desserts, candies, and sweet breads",20,20,15,0,300.0,2-6-1998,3-6-1998,3-3-1998,32.37,Berglunds snabbk p,Berguvsv gen  8,Lule,,S-958 22,Sweden,24 - 50 g pkgs.,10,60,15,0,BERGS,Berglunds snabbk p,Christina Berglund,Order Administrator,Berguvsv gen  8,Lule,,S-958 22,Sweden,0921-12 34 65,4,Margaret Peacock,Sales Representative,5-3-1993,Redmond,USA,2,United Package,(503) 555-3199,23,Karkki Oy,Anne Heikkonen,Finland
10876,46,Spegesild,Seafood,Seaweed and fish,12,12,21,0,252.0,2-9-1998,3-9-1998,2-12-1998,60.42,Bon app',"12, rue des Bouchers",Marseille,,13008,France,4 - 450 g glasses,95,0,0,0,BONAP,Bon app',Laurence Lebihan,Owner,"12, rue des Bouchers",Marseille,,13008,France,91.24.45.40,7,Robert King,Sales Representative,1-2-1994,London,UK,3,Federal Shipping,(503) 555-9931,21,Lyngbysild,Niels Petersen,Denmark
10876,64,Wimmers gute Semmelkn del,Grains/Cereals,"Breads, crackers, pasta, and cereal",33.25,33.25,20,0,665.0,2-9-1998,3-9-1998,2-12-1998,60.42,Bon app',"12, rue des Bouchers",Marseille,,13008,France,20 bags x 4 pieces,22,80,30,0,BONAP,Bon app',Laurence Lebihan,Owner,"12, rue des Bouchers",Marseille,,13008,France,91.24.45.40,7,Robert King,Sales Representative,1-2-1994,London,UK,3,Federal Shipping,(503) 555-9931,12,Plutzer Lebensmittelgro m rkte AG,Martin Bein,Germany
10877,16,Pavlova,Confections,"Desserts, candies, and sweet breads",17.45,17.45,30,0.25,392.62,2-9-1998,3-9-1998,2-19-1998,38.06,Ricardo Adocicados,"Av. Copacabana, 267",Rio de Janeiro,RJ,02389-890,Brazil,32 - 500 g boxes,29,0,10,0,RICAR,Ricardo Adocicados,Janete Limeira,Assistant Sales Agent,"Av. Copacabana, 267",Rio de Janeiro,RJ,02389-890,Brazil,(21) 555-3412,1,Nancy Davolio,Sales Representative,5-1-1992,Seattle,USA,1,Speedy Express,(503) 555-9831,7,"Pavlova, Ltd.",Ian Devling,Australia
10877,18,Carnarvon Tigers,Seafood,Seaweed and fish,62.5,62.5,25,0,1562.5,2-9-1998,3-9-1998,2-19-1998,38.06,Ricardo Adocicados,"Av. Copacabana, 267",Rio de Janeiro,RJ,02389-890,Brazil,16 kg pkg.,42,0,0,0,RICAR,Ricardo Adocicados,Janete Limeira,Assistant Sales Agent,"Av. Copacabana, 267",Rio de Janeiro,RJ,02389-890,Brazil,(21) 555-3412,1,Nancy Davolio,Sales Representative,5-1-1992,Seattle,USA,1,Speedy Express,(503) 555-9831,7,"Pavlova, Ltd.",Ian Devling,Australia
10878,20,Sir Rodney's Marmalade,Confections,"Desserts, candies, and sweet breads",81,81,20,0.05,1539.0,2-10-1998,3-10-1998,2-12-1998,46.69,QUICK-Stop,Taucherstra e 10,Cunewalde,,01307,Germany,30 gift boxes,40,0,0,0,QUICK,QUICK-Stop,Horst Kloss,Accounting Manager,Taucherstra e 10,Cunewalde,,01307,Germany,0372-035188,4,Margaret Peacock,Sales Representative,5-3-1993,Redmond,USA,1,Speedy Express,(503) 555-9831,8,"Specialty Biscuits, Ltd.",Peter Wilson,UK
10879,40,Boston Crab Meat,Seafood,Seaweed and fish,18.4,18.4,12,0,220.8,2-10-1998,3-10-1998,2-12-1998,8.5,Wilman Kala,Keskuskatu 45,Helsinki,,21240,Finland,24 - 4 oz tins,123,0,30,0,WILMK,Wilman Kala,Matti Karttunen,Owner/Marketing Assistant,Keskuskatu 45,Helsinki,,21240,Finland,90-224 8858,3,Janet Leverling,Sales Representative,4-1-1992,Kirkland,USA,3,Federal Shipping,(503) 555-9931,19,New England Seafood Cannery,Robb Merchant,USA
10879,65,Louisiana Fiery Hot Pepper Sauce,Condiments,"Sweet and savory sauces, relishes, spreads, and seasonings",21.05,21.05,10,0,210.5,2-10-1998,3-10-1998,2-12-1998,8.5,Wilman Kala,Keskuskatu 45,Helsinki,,21240,Finland,32 - 8 oz bottles,76,0,0,0,WILMK,Wilman Kala,Matti Karttunen,Owner/Marketing Assistant,Keskuskatu 45,Helsinki,,21240,Finland,90-224 8858,3,Janet Leverling,Sales Representative,4-1-1992,Kirkland,USA,3,Federal Shipping,(503) 555-9931,2,New Orleans Cajun Delights,Shelley Burke,USA
10879,76,Lakkalik  ri,Beverages,"Soft drinks, coffees, teas, beers, and ales",18,18,10,0,180.0,2-10-1998,3-10-1998,2-12-1998,8.5,Wilman Kala,Keskuskatu 45,Helsinki,,21240,Finland,500 ml,57,0,20,0,WILMK,Wilman Kala,Matti Karttunen,Owner/Marketing Assistant,Keskuskatu 45,Helsinki,,21240,Finland,90-224 8858,3,Janet Leverling,Sales Representative,4-1-1992,Kirkland,USA,3,Federal Shipping,(503) 555-9931,23,Karkki Oy,Anne Heikkonen,Finland
10880,23,Tunnbr d,Grains/Cereals,"Breads, crackers, pasta, and cereal",9,9,30,0.2,216.0,2-10-1998,3-24-1998,2-18-1998,88.01,Folk och f  HB,kergatan 24,Br cke,,S-844 67,Sweden,12 - 250 g pkgs.,61,0,25,0,FOLKO,Folk och f  HB,Maria Larsson,Owner,kergatan 24,Br cke,,S-844 67,Sweden,0695-34 67 21,7,Robert King,Sales Representative,1-2-1994,London,UK,1,Speedy Express,(503) 555-9831,9,PB Kn ckebr d AB,Lars Peterson,Sweden
10880,61,Sirop d' rable,Condiments,"Sweet and savory sauces, relishes, spreads, and seasonings",28.5,28.5,30,0.2,684.0,2-10-1998,3-24-1998,2-18-1998,88.01,Folk och f  HB,kergatan 24,Br cke,,S-844 67,Sweden,24 - 500 ml bottles,113,0,25,0,FOLKO,Folk och f  HB,Maria Larsson,Owner,kergatan 24,Br cke,,S-844 67,Sweden,0695-34 67 21,7,Robert King,Sales Representative,1-2-1994,London,UK,1,Speedy Express,(503) 555-9831,29,For ts d' rables,Chantal Goulet,Canada
10880,70,Outback Lager,Beverages,"Soft drinks, coffees, teas, beers, and ales",15,15,50,0.2,600.0,2-10-1998,3-24-1998,2-18-1998,88.01,Folk och f  HB,kergatan 24,Br cke,,S-844 67,Sweden,24 - 355 ml bottles,15,10,30,0,FOLKO,Folk och f  HB,Maria Larsson,Owner,kergatan 24,Br cke,,S-844 67,Sweden,0695-34 67 21,7,Robert King,Sales Representative,1-2-1994,London,UK,1,Speedy Express,(503) 555-9831,7,"Pavlova, Ltd.",Ian Devling,Australia
10881,73,R d Kaviar,Seafood,Seaweed and fish,15,15,10,0,150.0,2-11-1998,3-11-1998,2-18-1998,2.84,Cactus Comidas para llevar,Cerrito 333,Buenos Aires,,1010,Argentina,24 - 150 g jars,101,0,5,0,CACTU,Cactus Comidas para llevar,Patricio Simpson,Sales Agent,Cerrito 333,Buenos Aires,,1010,Argentina,(1) 135-5555,4,Margaret Peacock,Sales Representative,5-3-1993,Redmond,USA,1,Speedy Express,(503) 555-9831,17,Svensk Sj f da AB,Michael Bj rn,Sweden
10882,42,Singaporean Hokkien Fried Mee,Grains/Cereals,"Breads, crackers, pasta, and cereal",14,14,25,0,350.0,2-11-1998,3-11-1998,2-20-1998,23.1,Save-a-lot Markets,187 Suffolk Ln.,Boise,ID,83720,USA,32 - 1 kg pkgs.,26,0,0,1,SAVEA,Save-a-lot Markets,Jose Pavarotti,Sales Representative,187 Suffolk Ln.,Boise,ID,83720,USA,(208) 555-8097,4,Margaret Peacock,Sales Representative,5-3-1993,Redmond,USA,3,Federal Shipping,(503) 555-9931,20,Leka Trading,Chandra Leka,Singapore
10882,49,Maxilaku,Confections,"Desserts, candies, and sweet breads",20,20,20,0.15,340.0,2-11-1998,3-11-1998,2-20-1998,23.1,Save-a-lot Markets,187 Suffolk Ln.,Boise,ID,83720,USA,24 - 50 g pkgs.,10,60,15,0,SAVEA,Save-a-lot Markets,Jose Pavarotti,Sales Representative,187 Suffolk Ln.,Boise,ID,83720,USA,(208) 555-8097,4,Margaret Peacock,Sales Representative,5-3-1993,Redmond,USA,3,Federal Shipping,(503) 555-9931,23,Karkki Oy,Anne Heikkonen,Finland
10882,54,Tourti re,Meat/Poultry,Prepared meats,7.45,7.45,32,0.15,202.64,2-11-1998,3-11-1998,2-20-1998,23.1,Save-a-lot Markets,187 Suffolk Ln.,Boise,ID,83720,USA,16 pies,21,0,10,0,SAVEA,Save-a-lot Markets,Jose Pavarotti,Sales Representative,187 Suffolk Ln.,Boise,ID,83720,USA,(208) 555-8097,4,Margaret Peacock,Sales Representative,5-3-1993,Redmond,USA,3,Federal Shipping,(503) 555-9931,25,Ma Maison,Jean-Guy Lauzon,Canada
10883,24,Guaran  Fant stica,Beverages,"Soft drinks, coffees, teas, beers, and ales",4.5,4.5,8,0,36.0,2-12-1998,3-12-1998,2-20-1998,0.53,Lonesome Pine Restaurant,89 Chiaroscuro Rd.,Portland,OR,97219,USA,12 - 355 ml cans,20,0,0,1,LONEP,Lonesome Pine Restaurant,Fran Wilson,Sales Manager,89 Chiaroscuro Rd.,Portland,OR,97219,USA,(503) 555-9573,8,Laura Callahan,Inside Sales Coordinator,3-5-1994,Seattle,USA,3,Federal Shipping,(503) 555-9931,10,Refrescos Americanas LTDA,Carlos Diaz,Brazil
10884,21,Sir Rodney's Scones,Confections,"Desserts, candies, and sweet breads",10,10,40,0.05,380.0,2-12-1998,3-12-1998,2-13-1998,90.97,Let's Stop N Shop,87 Polk St. Suite 5,San Francisco,CA,94117,USA,24 pkgs. x 4 pieces,3,40,5,0,LETSS,Let's Stop N Shop,Jaime Yorres,Owner,87 Polk St. Suite 5,San Francisco,CA,94117,USA,(415) 555-5938,4,Margaret Peacock,Sales Representative,5-3-1993,Redmond,USA,2,United Package,(503) 555-3199,8,"Specialty Biscuits, Ltd.",Peter Wilson,UK
10884,56,Gnocchi di nonna Alice,Grains/Cereals,"Breads, crackers, pasta, and cereal",38,38,21,0.05,758.1,2-12-1998,3-12-1998,2-13-1998,90.97,Let's Stop N Shop,87 Polk St. Suite 5,San Francisco,CA,94117,USA,24 - 250 g pkgs.,21,10,30,0,LETSS,Let's Stop N Shop,Jaime Yorres,Owner,87 Polk St. Suite 5,San Francisco,CA,94117,USA,(415) 555-5938,4,Margaret Peacock,Sales Representative,5-3-1993,Redmond,USA,2,United Package,(503) 555-3199,26,Pasta Buttini s.r.l.,Giovanni Giudici,Italy
10884,65,Louisiana Fiery Hot Pepper Sauce,Condiments,"Sweet and savory sauces, relishes, spreads, and seasonings",21.05,21.05,12,0.05,239.97,2-12-1998,3-12-1998,2-13-1998,90.97,Let's Stop N Shop,87 Polk St. Suite 5,San Francisco,CA,94117,USA,32 - 8 oz bottles,76,0,0,0,LETSS,Let's Stop N Shop,Jaime Yorres,Owner,87 Polk St. Suite 5,San Francisco,CA,94117,USA,(415) 555-5938,4,Margaret Peacock,Sales Representative,5-3-1993,Redmond,USA,2,United Package,(503) 555-3199,2,New Orleans Cajun Delights,Shelley Burke,USA
10885,2,Chang,Beverages,"Soft drinks, coffees, teas, beers, and ales",19,19,20,0,380.0,2-12-1998,3-12-1998,2-18-1998,5.64,Supr mes d lices,"Boulevard Tirou, 255",Charleroi,,B-6000,Belgium,24 - 12 oz bottles,17,40,25,1,SUPRD,Supr mes d lices,Pascale Cartrain,Accounting Manager,"Boulevard Tirou, 255",Charleroi,,B-6000,Belgium,(071) 23 67 22 20,6,Michael Suyama,Sales Representative,10-17-1993,London,UK,3,Federal Shipping,(503) 555-9931,1,Exotic Liquids,Charlotte Cooper,UK
10885,24,Guaran  Fant stica,Beverages,"Soft drinks, coffees, teas, beers, and ales",4.5,4.5,12,0,54.0,2-12-1998,3-12-1998,2-18-1998,5.64,Supr mes d lices,"Boulevard Tirou, 255",Charleroi,,B-6000,Belgium,12 - 355 ml cans,20,0,0,1,SUPRD,Supr mes d lices,Pascale Cartrain,Accounting Manager,"Boulevard Tirou, 255",Charleroi,,B-6000,Belgium,(071) 23 67 22 20,6,Michael Suyama,Sales Representative,10-17-1993,London,UK,3,Federal Shipping,(503) 555-9931,10,Refrescos Americanas LTDA,Carlos Diaz,Brazil
10885,70,Outback Lager,Beverages,"Soft drinks, coffees, teas, beers, and ales",15,15,30,0,450.0,2-12-1998,3-12-1998,2-18-1998,5.64,Supr mes d lices,"Boulevard Tirou, 255",Charleroi,,B-6000,Belgium,24 - 355 ml bottles,15,10,30,0,SUPRD,Supr mes d lices,Pascale Cartrain,Accounting Manager,"Boulevard Tirou, 255",Charleroi,,B-6000,Belgium,(071) 23 67 22 20,6,Michael Suyama,Sales Representative,10-17-1993,London,UK,3,Federal Shipping,(503) 555-9931,7,"Pavlova, Ltd.",Ian Devling,Australia
10885,77,Original Frankfurter gr ne So e,Condiments,"Sweet and savory sauces, relishes, spreads, and seasonings",13,13,25,0,325.0,2-12-1998,3-12-1998,2-18-1998,5.64,Supr mes d lices,"Boulevard Tirou, 255",Charleroi,,B-6000,Belgium,12 boxes,32,0,15,0,SUPRD,Supr mes d lices,Pascale Cartrain,Accounting Manager,"Boulevard Tirou, 255",Charleroi,,B-6000,Belgium,(071) 23 67 22 20,6,Michael Suyama,Sales Representative,10-17-1993,London,UK,3,Federal Shipping,(503) 555-9931,12,Plutzer Lebensmittelgro m rkte AG,Martin Bein,Germany
10886,10,Ikura,Seafood,Seaweed and fish,31,31,70,0,2170.0,2-13-1998,3-13-1998,3-2-1998,4.99,Hanari Carnes,"Rua do Pa o, 67",Rio de Janeiro,RJ,05454-876,Brazil,12 - 200 ml jars,31,0,0,0,HANAR,Hanari Carnes,Mario Pontes,Accounting Manager,"Rua do Pa o, 67",Rio de Janeiro,RJ,05454-876,Brazil,(21) 555-0091,1,Nancy Davolio,Sales Representative,5-1-1992,Seattle,USA,1,Speedy Express,(503) 555-9831,4,Tokyo Traders,Yoshi Nagase,Japan
10886,31,Gorgonzola Telino,Dairy Products,Cheeses,12.5,12.5,35,0,437.5,2-13-1998,3-13-1998,3-2-1998,4.99,Hanari Carnes,"Rua do Pa o, 67",Rio de Janeiro,RJ,05454-876,Brazil,12 - 100 g pkgs,0,70,20,0,HANAR,Hanari Carnes,Mario Pontes,Accounting Manager,"Rua do Pa o, 67",Rio de Janeiro,RJ,05454-876,Brazil,(21) 555-0091,1,Nancy Davolio,Sales Representative,5-1-1992,Seattle,USA,1,Speedy Express,(503) 555-9831,14,Formaggi Fortini s.r.l.,Elio Rossi,Italy
10886,77,Original Frankfurter gr ne So e,Condiments,"Sweet and savory sauces, relishes, spreads, and seasonings",13,13,40,0,520.0,2-13-1998,3-13-1998,3-2-1998,4.99,Hanari Carnes,"Rua do Pa o, 67",Rio de Janeiro,RJ,05454-876,Brazil,12 boxes,32,0,15,0,HANAR,Hanari Carnes,Mario Pontes,Accounting Manager,"Rua do Pa o, 67",Rio de Janeiro,RJ,05454-876,Brazil,(21) 555-0091,1,Nancy Davolio,Sales Representative,5-1-1992,Seattle,USA,1,Speedy Express,(503) 555-9831,12,Plutzer Lebensmittelgro m rkte AG,Martin Bein,Germany
10887,25,NuNuCa Nu -Nougat-Creme,Confections,"Desserts, candies, and sweet breads",14,14,5,0,70.0,2-13-1998,3-13-1998,2-16-1998,1.25,Galer a del gastron mo,"Rambla de Catalu a, 23",Barcelona,,8022,Spain,20 - 450 g glasses,76,0,30,0,GALED,Galer a del gastr nomo,Eduardo Saavedra,Marketing Manager,"Rambla de Catalu a, 23",Barcelona,,08022,Spain,(93) 203 4560,8,Laura Callahan,Inside Sales Coordinator,3-5-1994,Seattle,USA,3,Federal Shipping,(503) 555-9931,11,Heli S  waren GmbH & Co. KG,Petra Winkler,Germany
10888,2,Chang,Beverages,"Soft drinks, coffees, teas, beers, and ales",19,19,20,0,380.0,2-16-1998,3-16-1998,2-23-1998,51.87,Godos Cocina T pica,"C/ Romero, 33",Sevilla,,41101,Spain,24 - 12 oz bottles,17,40,25,1,GODOS,Godos Cocina T pica,Jos  Pedro Freyre,Sales Manager,"C/ Romero, 33",Sevilla,,41101,Spain,(95) 555 82 82,1,Nancy Davolio,Sales Representative,5-1-1992,Seattle,USA,2,United Package,(503) 555-3199,1,Exotic Liquids,Charlotte Cooper,UK
10888,68,Scottish Longbreads,Confections,"Desserts, candies, and sweet breads",12.5,12.5,18,0,225.0,2-16-1998,3-16-1998,2-23-1998,51.87,Godos Cocina T pica,"C/ Romero, 33",Sevilla,,41101,Spain,10 boxes x 8 pieces,6,10,15,0,GODOS,Godos Cocina T pica,Jos  Pedro Freyre,Sales Manager,"C/ Romero, 33",Sevilla,,41101,Spain,(95) 555 82 82,1,Nancy Davolio,Sales Representative,5-1-1992,Seattle,USA,2,United Package,(503) 555-3199,8,"Specialty Biscuits, Ltd.",Peter Wilson,UK
10889,11,Queso Cabrales,Dairy Products,Cheeses,21,21,40,0,840.0,2-16-1998,3-16-1998,2-23-1998,280.61,Rattlesnake Canyon Grocery,2817 Milton Dr.,Albuquerque,NM,87110,USA,1 kg pkg.,22,30,30,0,RATTC,Rattlesnake Canyon Grocery,Paula Wilson,Assistant Sales Representative,2817 Milton Dr.,Albuquerque,NM,87110,USA,(505) 555-5939,9,Anne Dodsworth,Sales Representative,11-15-1994,London,UK,3,Federal Shipping,(503) 555-9931,5,Cooperativa de Quesos 'Las Cabras',Antonio del Valle Saavedra,Spain
10889,38,C te de Blaye,Beverages,"Soft drinks, coffees, teas, beers, and ales",263.5,263.5,40,0,10540.0,2-16-1998,3-16-1998,2-23-1998,280.61,Rattlesnake Canyon Grocery,2817 Milton Dr.,Albuquerque,NM,87110,USA,12 - 75 cl bottles,17,0,15,0,RATTC,Rattlesnake Canyon Grocery,Paula Wilson,Assistant Sales Representative,2817 Milton Dr.,Albuquerque,NM,87110,USA,(505) 555-5939,9,Anne Dodsworth,Sales Representative,11-15-1994,London,UK,3,Federal Shipping,(503) 555-9931,18,Aux joyeux eccl siastiques,Guyl ne Nodier,France
10890,17,Alice Mutton,Meat/Poultry,Prepared meats,39,39,15,0,585.0,2-16-1998,3-16-1998,2-18-1998,32.76,Du monde entier,"67, rue des Cinquante Otages",Nantes,,44000,France,20 - 1 kg tins,0,0,0,1,DUMON,Du monde entier,Janine Labrune,Owner,"67, rue des Cinquante Otages",Nantes,,44000,France,40.67.88.88,7,Robert King,Sales Representative,1-2-1994,London,UK,1,Speedy Express,(503) 555-9831,7,"Pavlova, Ltd.",Ian Devling,Australia
10890,34,Sasquatch Ale,Beverages,"Soft drinks, coffees, teas, beers, and ales",14,14,10,0,140.0,2-16-1998,3-16-1998,2-18-1998,32.76,Du monde entier,"67, rue des Cinquante Otages",Nantes,,44000,France,24 - 12 oz bottles,111,0,15,0,DUMON,Du monde entier,Janine Labrune,Owner,"67, rue des Cinquante Otages",Nantes,,44000,France,40.67.88.88,7,Robert King,Sales Representative,1-2-1994,London,UK,1,Speedy Express,(503) 555-9831,16,Bigfoot Breweries,Cheryl Saylor,USA
10890,41,Jack's New England Clam Chowder,Seafood,Seaweed and fish,9.65,9.65,14,0,135.1,2-16-1998,3-16-1998,2-18-1998,32.76,Du monde entier,"67, rue des Cinquante Otages",Nantes,,44000,France,12 - 12 oz cans,85,0,10,0,DUMON,Du monde entier,Janine Labrune,Owner,"67, rue des Cinquante Otages",Nantes,,44000,France,40.67.88.88,7,Robert King,Sales Representative,1-2-1994,London,UK,1,Speedy Express,(503) 555-9831,19,New England Seafood Cannery,Robb Merchant,USA
10891,30,Nord-Ost Matjeshering,Seafood,Seaweed and fish,25.89,25.89,15,0.05,368.93,2-17-1998,3-17-1998,2-19-1998,20.37,Lehmanns Marktstand,Magazinweg 7,Frankfurt a.M.,,60528,Germany,10 - 200 g glasses,10,0,15,0,LEHMS,Lehmanns Marktstand,Renate Messner,Sales Representative,Magazinweg 7,Frankfurt a.M.,,60528,Germany,069-0245984,7,Robert King,Sales Representative,1-2-1994,London,UK,2,United Package,(503) 555-3199,13,Nord-Ost-Fisch Handelsgesellschaft mbH,Sven Petersen,Germany
10892,59,Raclette Courdavault,Dairy Products,Cheeses,55,55,40,0.05,2090.0,2-17-1998,3-17-1998,2-19-1998,120.27,Maison Dewey,Rue Joseph-Bens 532,Bruxelles,,B-1180,Belgium,5 kg pkg.,79,0,0,0,MAISD,Maison Dewey,Catherine Dewey,Sales Agent,Rue Joseph-Bens 532,Bruxelles,,B-1180,Belgium,(02) 201 24 67,4,Margaret Peacock,Sales Representative,5-3-1993,Redmond,USA,2,United Package,(503) 555-3199,28,Gai p turage,Eliane Noz,France
10893,8,Northwoods Cranberry Sauce,Condiments,"Sweet and savory sauces, relishes, spreads, and seasonings",40,40,30,0,1200.0,2-18-1998,3-18-1998,2-20-1998,77.78,K niglich Essen,Maubelstr. 90,Brandenburg,,14776,Germany,12 - 12 oz jars,6,0,0,0,KOENE,K niglich Essen,Philip Cramer,Sales Associate,Maubelstr. 90,Brandenburg,,14776,Germany,0555-09876,9,Anne Dodsworth,Sales Representative,11-15-1994,London,UK,2,United Package,(503) 555-3199,3,Grandma Kelly's Homestead,Regina Murphy,USA
10893,24,Guaran  Fant stica,Beverages,"Soft drinks, coffees, teas, beers, and ales",4.5,4.5,10,0,45.0,2-18-1998,3-18-1998,2-20-1998,77.78,K niglich Essen,Maubelstr. 90,Brandenburg,,14776,Germany,12 - 355 ml cans,20,0,0,1,KOENE,K niglich Essen,Philip Cramer,Sales Associate,Maubelstr. 90,Brandenburg,,14776,Germany,0555-09876,9,Anne Dodsworth,Sales Representative,11-15-1994,London,UK,2,United Package,(503) 555-3199,10,Refrescos Americanas LTDA,Carlos Diaz,Brazil
10893,29,Th ringer Rostbratwurst,Meat/Poultry,Prepared meats,123.79,123.79,24,0,2970.96,2-18-1998,3-18-1998,2-20-1998,77.78,K niglich Essen,Maubelstr. 90,Brandenburg,,14776,Germany,50 bags x 30 sausgs.,0,0,0,1,KOENE,K niglich Essen,Philip Cramer,Sales Associate,Maubelstr. 90,Brandenburg,,14776,Germany,0555-09876,9,Anne Dodsworth,Sales Representative,11-15-1994,London,UK,2,United Package,(503) 555-3199,12,Plutzer Lebensmittelgro m rkte AG,Martin Bein,Germany
10893,30,Nord-Ost Matjeshering,Seafood,Seaweed and fish,25.89,25.89,35,0,906.15,2-18-1998,3-18-1998,2-20-1998,77.78,K niglich Essen,Maubelstr. 90,Brandenburg,,14776,Germany,10 - 200 g glasses,10,0,15,0,KOENE,K niglich Essen,Philip Cramer,Sales Associate,Maubelstr. 90,Brandenburg,,14776,Germany,0555-09876,9,Anne Dodsworth,Sales Representative,11-15-1994,London,UK,2,United Package,(503) 555-3199,13,Nord-Ost-Fisch Handelsgesellschaft mbH,Sven Petersen,Germany
10893,36,Inlagd Sill,Seafood,Seaweed and fish,19,19,20,0,380.0,2-18-1998,3-18-1998,2-20-1998,77.78,K niglich Essen,Maubelstr. 90,Brandenburg,,14776,Germany,24 - 250 g  jars,112,0,20,0,KOENE,K niglich Essen,Philip Cramer,Sales Associate,Maubelstr. 90,Brandenburg,,14776,Germany,0555-09876,9,Anne Dodsworth,Sales Representative,11-15-1994,London,UK,2,United Package,(503) 555-3199,17,Svensk Sj f da AB,Michael Bj rn,Sweden
10894,13,Konbu,Seafood,Seaweed and fish,6,6,28,0.05,159.6,2-18-1998,3-18-1998,2-20-1998,116.13,Save-a-lot Markets,187 Suffolk Ln.,Boise,ID,83720,USA,2 kg box,24,0,5,0,SAVEA,Save-a-lot Markets,Jose Pavarotti,Sales Representative,187 Suffolk Ln.,Boise,ID,83720,USA,(208) 555-8097,1,Nancy Davolio,Sales Representative,5-1-1992,Seattle,USA,1,Speedy Express,(503) 555-9831,6,Mayumi's,Mayumi Ohno,Japan
10894,69,Gudbrandsdalsost,Dairy Products,Cheeses,36,36,50,0.05,1710.0,2-18-1998,3-18-1998,2-20-1998,116.13,Save-a-lot Markets,187 Suffolk Ln.,Boise,ID,83720,USA,10 kg pkg.,26,0,15,0,SAVEA,Save-a-lot Markets,Jose Pavarotti,Sales Representative,187 Suffolk Ln.,Boise,ID,83720,USA,(208) 555-8097,1,Nancy Davolio,Sales Representative,5-1-1992,Seattle,USA,1,Speedy Express,(503) 555-9831,15,Norske Meierier,Beate Vileid,Norway
10894,75,Rh nbr u Klosterbier,Beverages,"Soft drinks, coffees, teas, beers, and ales",7.75,7.75,120,0.05,883.5,2-18-1998,3-18-1998,2-20-1998,116.13,Save-a-lot Markets,187 Suffolk Ln.,Boise,ID,83720,USA,24 - 0.5 l bottles,125,0,25,0,SAVEA,Save-a-lot Markets,Jose Pavarotti,Sales Representative,187 Suffolk Ln.,Boise,ID,83720,USA,(208) 555-8097,1,Nancy Davolio,Sales Representative,5-1-1992,Seattle,USA,1,Speedy Express,(503) 555-9831,12,Plutzer Lebensmittelgro m rkte AG,Martin Bein,Germany
10895,24,Guaran  Fant stica,Beverages,"Soft drinks, coffees, teas, beers, and ales",4.5,4.5,110,0,495.0,2-18-1998,3-18-1998,2-23-1998,162.75,Ernst Handel,Kirchgasse 6,Graz,,8010,Austria,12 - 355 ml cans,20,0,0,1,ERNSH,Ernst Handel,Roland Mendel,Sales Manager,Kirchgasse 6,Graz,,8010,Austria,7675-3425,3,Janet Leverling,Sales Representative,4-1-1992,Kirkland,USA,1,Speedy Express,(503) 555-9831,10,Refrescos Americanas LTDA,Carlos Diaz,Brazil
10895,39,Chartreuse verte,Beverages,"Soft drinks, coffees, teas, beers, and ales",18,18,45,0,810.0,2-18-1998,3-18-1998,2-23-1998,162.75,Ernst Handel,Kirchgasse 6,Graz,,8010,Austria,750 cc per bottle,69,0,5,0,ERNSH,Ernst Handel,Roland Mendel,Sales Manager,Kirchgasse 6,Graz,,8010,Austria,7675-3425,3,Janet Leverling,Sales Representative,4-1-1992,Kirkland,USA,1,Speedy Express,(503) 555-9831,18,Aux joyeux eccl siastiques,Guyl ne Nodier,France
10895,40,Boston Crab Meat,Seafood,Seaweed and fish,18.4,18.4,91,0,1674.4,2-18-1998,3-18-1998,2-23-1998,162.75,Ernst Handel,Kirchgasse 6,Graz,,8010,Austria,24 - 4 oz tins,123,0,30,0,ERNSH,Ernst Handel,Roland Mendel,Sales Manager,Kirchgasse 6,Graz,,8010,Austria,7675-3425,3,Janet Leverling,Sales Representative,4-1-1992,Kirkland,USA,1,Speedy Express,(503) 555-9831,19,New England Seafood Cannery,Robb Merchant,USA
10895,60,Camembert Pierrot,Dairy Products,Cheeses,34,34,100,0,3400.0,2-18-1998,3-18-1998,2-23-1998,162.75,Ernst Handel,Kirchgasse 6,Graz,,8010,Austria,15 - 300 g rounds,19,0,0,0,ERNSH,Ernst Handel,Roland Mendel,Sales Manager,Kirchgasse 6,Graz,,8010,Austria,7675-3425,3,Janet Leverling,Sales Representative,4-1-1992,Kirkland,USA,1,Speedy Express,(503) 555-9831,28,Gai p turage,Eliane Noz,France
10896,45,Rogede sild,Seafood,Seaweed and fish,9.5,9.5,15,0,142.5,2-19-1998,3-19-1998,2-27-1998,32.45,Maison Dewey,Rue Joseph-Bens 532,Bruxelles,,B-1180,Belgium,1k pkg.,5,70,15,0,MAISD,Maison Dewey,Catherine Dewey,Sales Agent,Rue Joseph-Bens 532,Bruxelles,,B-1180,Belgium,(02) 201 24 67,7,Robert King,Sales Representative,1-2-1994,London,UK,3,Federal Shipping,(503) 555-9931,21,Lyngbysild,Niels Petersen,Denmark
10896,56,Gnocchi di nonna Alice,Grains/Cereals,"Breads, crackers, pasta, and cereal",38,38,16,0,608.0,2-19-1998,3-19-1998,2-27-1998,32.45,Maison Dewey,Rue Joseph-Bens 532,Bruxelles,,B-1180,Belgium,24 - 250 g pkgs.,21,10,30,0,MAISD,Maison Dewey,Catherine Dewey,Sales Agent,Rue Joseph-Bens 532,Bruxelles,,B-1180,Belgium,(02) 201 24 67,7,Robert King,Sales Representative,1-2-1994,London,UK,3,Federal Shipping,(503) 555-9931,26,Pasta Buttini s.r.l.,Giovanni Giudici,Italy
10897,29,Th ringer Rostbratwurst,Meat/Poultry,Prepared meats,123.79,123.79,80,0,9903.2,2-19-1998,3-19-1998,2-25-1998,603.54,Hungry Owl All-Night Grocers,8 Johnstown Road,Cork,Co. Cork,,Ireland,50 bags x 30 sausgs.,0,0,0,1,HUNGO,Hungry Owl All-Night Grocers,Patricia McKenna,Sales Associate,8 Johnstown Road,Cork,Co. Cork,,Ireland,2967 542,3,Janet Leverling,Sales Representative,4-1-1992,Kirkland,USA,2,United Package,(503) 555-3199,12,Plutzer Lebensmittelgro m rkte AG,Martin Bein,Germany
10897,30,Nord-Ost Matjeshering,Seafood,Seaweed and fish,25.89,25.89,36,0,932.04,2-19-1998,3-19-1998,2-25-1998,603.54,Hungry Owl All-Night Grocers,8 Johnstown Road,Cork,Co. Cork,,Ireland,10 - 200 g glasses,10,0,15,0,HUNGO,Hungry Owl All-Night Grocers,Patricia McKenna,Sales Associate,8 Johnstown Road,Cork,Co. Cork,,Ireland,2967 542,3,Janet Leverling,Sales Representative,4-1-1992,Kirkland,USA,2,United Package,(503) 555-3199,13,Nord-Ost-Fisch Handelsgesellschaft mbH,Sven Petersen,Germany
10898,13,Konbu,Seafood,Seaweed and fish,6,6,5,0,30.0,2-20-1998,3-20-1998,3-6-1998,1.27,Oc ano Atl ntico Ltda.,Ing. Gustavo Moncada 8585 Piso 20-A,Buenos Aires,,1010,Argentina,2 kg box,24,0,5,0,OCEAN,Oc ano Atl ntico Ltda.,Yvonne Moncada,Sales Agent,Ing. Gustavo Moncada 8585 Piso 20-A,Buenos Aires,,1010,Argentina,(1) 135-5333,4,Margaret Peacock,Sales Representative,5-3-1993,Redmond,USA,2,United Package,(503) 555-3199,6,Mayumi's,Mayumi Ohno,Japan
10899,39,Chartreuse verte,Beverages,"Soft drinks, coffees, teas, beers, and ales",18,18,8,0.15,122.4,2-20-1998,3-20-1998,2-26-1998,1.21,LILA-Supermercado,Carrera 52 con Ave. Bol var #65-98 Llano Largo,Barquisimeto,Lara,3508,Venezuela,750 cc per bottle,69,0,5,0,LILAS,LILA-Supermercado,Carlos Gonz lez,Accounting Manager,Carrera 52 con Ave. Bol var #65-98 Llano Largo,Barquisimeto,Lara,3508,Venezuela,(9) 331-6954,5,Steven Buchanan,Sales Manager,10-17-1993,London,UK,3,Federal Shipping,(503) 555-9931,18,Aux joyeux eccl siastiques,Guyl ne Nodier,France
10900,70,Outback Lager,Beverages,"Soft drinks, coffees, teas, beers, and ales",15,15,3,0.25,33.75,2-20-1998,3-20-1998,3-4-1998,1.66,Wellington Importadora,"Rua do Mercado, 12",Resende,SP,08737-363,Brazil,24 - 355 ml bottles,15,10,30,0,WELLI,Wellington Importadora,Paula Parente,Sales Manager,"Rua do Mercado, 12",Resende,SP,08737-363,Brazil,(14) 555-8122,1,Nancy Davolio,Sales Representative,5-1-1992,Seattle,USA,2,United Package,(503) 555-3199,7,"Pavlova, Ltd.",Ian Devling,Australia
10901,41,Jack's New England Clam Chowder,Seafood,Seaweed and fish,9.65,9.65,30,0,289.5,2-23-1998,3-23-1998,2-26-1998,62.09,HILARION-Abastos,Carrera 22 con Ave. Carlos Soublette #8-35,San Crist bal,T chira,5022,Venezuela,12 - 12 oz cans,85,0,10,0,HILAA,HILARION-Abastos,Carlos Hern ndez,Sales Representative,Carrera 22 con Ave. Carlos Soublette #8-35,San Crist bal,T chira,5022,Venezuela,(5) 555-1340,4,Margaret Peacock,Sales Representative,5-3-1993,Redmond,USA,1,Speedy Express,(503) 555-9831,19,New England Seafood Cannery,Robb Merchant,USA
10901,71,Flotemysost,Dairy Products,Cheeses,21.5,21.5,30,0,645.0,2-23-1998,3-23-1998,2-26-1998,62.09,HILARION-Abastos,Carrera 22 con Ave. Carlos Soublette #8-35,San Crist bal,T chira,5022,Venezuela,10 - 500 g pkgs.,26,0,0,0,HILAA,HILARION-Abastos,Carlos Hern ndez,Sales Representative,Carrera 22 con Ave. Carlos Soublette #8-35,San Crist bal,T chira,5022,Venezuela,(5) 555-1340,4,Margaret Peacock,Sales Representative,5-3-1993,Redmond,USA,1,Speedy Express,(503) 555-9831,15,Norske Meierier,Beate Vileid,Norway
10902,55,P t  chinois,Meat/Poultry,Prepared meats,24,24,30,0.15,612.0,2-23-1998,3-23-1998,3-3-1998,44.15,Folk och f  HB,kergatan 24,Br cke,,S-844 67,Sweden,24 boxes x 2 pies,115,0,20,0,FOLKO,Folk och f  HB,Maria Larsson,Owner,kergatan 24,Br cke,,S-844 67,Sweden,0695-34 67 21,1,Nancy Davolio,Sales Representative,5-1-1992,Seattle,USA,1,Speedy Express,(503) 555-9831,25,Ma Maison,Jean-Guy Lauzon,Canada
10902,62,Tarte au sucre,Confections,"Desserts, candies, and sweet breads",49.3,49.3,6,0.15,251.43,2-23-1998,3-23-1998,3-3-1998,44.15,Folk och f  HB,kergatan 24,Br cke,,S-844 67,Sweden,48 pies,17,0,0,0,FOLKO,Folk och f  HB,Maria Larsson,Owner,kergatan 24,Br cke,,S-844 67,Sweden,0695-34 67 21,1,Nancy Davolio,Sales Representative,5-1-1992,Seattle,USA,1,Speedy Express,(503) 555-9831,29,For ts d' rables,Chantal Goulet,Canada
10903,13,Konbu,Seafood,Seaweed and fish,6,6,40,0,240.0,2-24-1998,3-24-1998,3-4-1998,36.71,Hanari Carnes,"Rua do Pa o, 67",Rio de Janeiro,RJ,05454-876,Brazil,2 kg box,24,0,5,0,HANAR,Hanari Carnes,Mario Pontes,Accounting Manager,"Rua do Pa o, 67",Rio de Janeiro,RJ,05454-876,Brazil,(21) 555-0091,3,Janet Leverling,Sales Representative,4-1-1992,Kirkland,USA,3,Federal Shipping,(503) 555-9931,6,Mayumi's,Mayumi Ohno,Japan
10903,65,Louisiana Fiery Hot Pepper Sauce,Condiments,"Sweet and savory sauces, relishes, spreads, and seasonings",21.05,21.05,21,0,442.05,2-24-1998,3-24-1998,3-4-1998,36.71,Hanari Carnes,"Rua do Pa o, 67",Rio de Janeiro,RJ,05454-876,Brazil,32 - 8 oz bottles,76,0,0,0,HANAR,Hanari Carnes,Mario Pontes,Accounting Manager,"Rua do Pa o, 67",Rio de Janeiro,RJ,05454-876,Brazil,(21) 555-0091,3,Janet Leverling,Sales Representative,4-1-1992,Kirkland,USA,3,Federal Shipping,(503) 555-9931,2,New Orleans Cajun Delights,Shelley Burke,USA
10903,68,Scottish Longbreads,Confections,"Desserts, candies, and sweet breads",12.5,12.5,20,0,250.0,2-24-1998,3-24-1998,3-4-1998,36.71,Hanari Carnes,"Rua do Pa o, 67",Rio de Janeiro,RJ,05454-876,Brazil,10 boxes x 8 pieces,6,10,15,0,HANAR,Hanari Carnes,Mario Pontes,Accounting Manager,"Rua do Pa o, 67",Rio de Janeiro,RJ,05454-876,Brazil,(21) 555-0091,3,Janet Leverling,Sales Representative,4-1-1992,Kirkland,USA,3,Federal Shipping,(503) 555-9931,8,"Specialty Biscuits, Ltd.",Peter Wilson,UK
10904,58,Escargots de Bourgogne,Seafood,Seaweed and fish,13.25,13.25,15,0,198.75,2-24-1998,3-24-1998,2-27-1998,162.95,White Clover Markets,1029 - 12th Ave. S.,Seattle,WA,98124,USA,24 pieces,62,0,20,0,WHITC,White Clover Markets,Karl Jablonski,Owner,305 - 14th Ave. S. Suite 3B,Seattle,WA,98128,USA,(206) 555-4112,3,Janet Leverling,Sales Representative,4-1-1992,Kirkland,USA,3,Federal Shipping,(503) 555-9931,27,Escargots Nouveaux,Marie Delamare,France
10904,62,Tarte au sucre,Confections,"Desserts, candies, and sweet breads",49.3,49.3,35,0,1725.5,2-24-1998,3-24-1998,2-27-1998,162.95,White Clover Markets,1029 - 12th Ave. S.,Seattle,WA,98124,USA,48 pies,17,0,0,0,WHITC,White Clover Markets,Karl Jablonski,Owner,305 - 14th Ave. S. Suite 3B,Seattle,WA,98128,USA,(206) 555-4112,3,Janet Leverling,Sales Representative,4-1-1992,Kirkland,USA,3,Federal Shipping,(503) 555-9931,29,For ts d' rables,Chantal Goulet,Canada
10905,1,Chai,Beverages,"Soft drinks, coffees, teas, beers, and ales",18,18,20,0.05,342.0,2-24-1998,3-24-1998,3-6-1998,13.72,Wellington Importadora,"Rua do Mercado, 12",Resende,SP,08737-363,Brazil,10 boxes x 30 bags,39,0,10,1,WELLI,Wellington Importadora,Paula Parente,Sales Manager,"Rua do Mercado, 12",Resende,SP,08737-363,Brazil,(14) 555-8122,9,Anne Dodsworth,Sales Representative,11-15-1994,London,UK,2,United Package,(503) 555-3199,8,"Specialty Biscuits, Ltd.",Peter Wilson,UK
10906,61,Sirop d' rable,Condiments,"Sweet and savory sauces, relishes, spreads, and seasonings",28.5,28.5,15,0,427.5,2-25-1998,3-11-1998,3-3-1998,26.29,Wolski Zajazd,ul. Filtrowa 68,Warszawa,,01-012,Poland,24 - 500 ml bottles,113,0,25,0,WOLZA,Wolski  Zajazd,Zbyszek Piestrzeniewicz,Owner,ul. Filtrowa 68,Warszawa,,01-012,Poland,(26) 642-7012,4,Margaret Peacock,Sales Representative,5-3-1993,Redmond,USA,3,Federal Shipping,(503) 555-9931,29,For ts d' rables,Chantal Goulet,Canada
10907,75,Rh nbr u Klosterbier,Beverages,"Soft drinks, coffees, teas, beers, and ales",7.75,7.75,14,0,108.5,2-25-1998,3-25-1998,2-27-1998,9.19,Sp cialit s du monde,"25, rue Lauriston",Paris,,75016,France,24 - 0.5 l bottles,125,0,25,0,SPECD,Sp cialit s du monde,Dominique Perrier,Marketing Manager,"25, rue Lauriston",Paris,,75016,France,(1) 47.55.60.10,6,Michael Suyama,Sales Representative,10-17-1993,London,UK,3,Federal Shipping,(503) 555-9931,12,Plutzer Lebensmittelgro m rkte AG,Martin Bein,Germany
10908,7,Uncle Bob's Organic Dried Pears,Produce,Dried fruit and bean curd,30,30,20,0.05,570.0,2-26-1998,3-26-1998,3-6-1998,32.96,Reggiani Caseifici,Strada Provinciale 124,Reggio Emilia,,42100,Italy,12 - 1 lb pkgs.,15,0,10,0,REGGC,Reggiani Caseifici,Maurizio Moroni,Sales Associate,Strada Provinciale 124,Reggio Emilia,,42100,Italy,0522-556721,4,Margaret Peacock,Sales Representative,5-3-1993,Redmond,USA,2,United Package,(503) 555-3199,3,Grandma Kelly's Homestead,Regina Murphy,USA
10908,52,Filo Mix,Grains/Cereals,"Breads, crackers, pasta, and cereal",7,7,14,0.05,93.1,2-26-1998,3-26-1998,3-6-1998,32.96,Reggiani Caseifici,Strada Provinciale 124,Reggio Emilia,,42100,Italy,16 - 2 kg boxes,38,0,25,0,REGGC,Reggiani Caseifici,Maurizio Moroni,Sales Associate,Strada Provinciale 124,Reggio Emilia,,42100,Italy,0522-556721,4,Margaret Peacock,Sales Representative,5-3-1993,Redmond,USA,2,United Package,(503) 555-3199,24,"G'day, Mate",Wendy Mackenzie,Australia
10909,7,Uncle Bob's Organic Dried Pears,Produce,Dried fruit and bean curd,30,30,12,0,360.0,2-26-1998,3-26-1998,3-10-1998,53.05,Sant  Gourmet,Erling Skakkes gate 78,Stavern,,4110,Norway,12 - 1 lb pkgs.,15,0,10,0,SANTG,Sant  Gourmet,Jonas Bergulfsen,Owner,Erling Skakkes gate 78,Stavern,,4110,Norway,07-98 92 35,1,Nancy Davolio,Sales Representative,5-1-1992,Seattle,USA,2,United Package,(503) 555-3199,3,Grandma Kelly's Homestead,Regina Murphy,USA
10909,16,Pavlova,Confections,"Desserts, candies, and sweet breads",17.45,17.45,15,0,261.75,2-26-1998,3-26-1998,3-10-1998,53.05,Sant  Gourmet,Erling Skakkes gate 78,Stavern,,4110,Norway,32 - 500 g boxes,29,0,10,0,SANTG,Sant  Gourmet,Jonas Bergulfsen,Owner,Erling Skakkes gate 78,Stavern,,4110,Norway,07-98 92 35,1,Nancy Davolio,Sales Representative,5-1-1992,Seattle,USA,2,United Package,(503) 555-3199,7,"Pavlova, Ltd.",Ian Devling,Australia
10909,41,Jack's New England Clam Chowder,Seafood,Seaweed and fish,9.65,9.65,5,0,48.25,2-26-1998,3-26-1998,3-10-1998,53.05,Sant  Gourmet,Erling Skakkes gate 78,Stavern,,4110,Norway,12 - 12 oz cans,85,0,10,0,SANTG,Sant  Gourmet,Jonas Bergulfsen,Owner,Erling Skakkes gate 78,Stavern,,4110,Norway,07-98 92 35,1,Nancy Davolio,Sales Representative,5-1-1992,Seattle,USA,2,United Package,(503) 555-3199,19,New England Seafood Cannery,Robb Merchant,USA
10910,19,Teatime Chocolate Biscuits,Confections,"Desserts, candies, and sweet breads",9.2,9.2,12,0,110.4,2-26-1998,3-26-1998,3-4-1998,38.11,Wilman Kala,Keskuskatu 45,Helsinki,,21240,Finland,10 boxes x 12 pieces,25,0,5,0,WILMK,Wilman Kala,Matti Karttunen,Owner/Marketing Assistant,Keskuskatu 45,Helsinki,,21240,Finland,90-224 8858,1,Nancy Davolio,Sales Representative,5-1-1992,Seattle,USA,3,Federal Shipping,(503) 555-9931,8,"Specialty Biscuits, Ltd.",Peter Wilson,UK
10910,49,Maxilaku,Confections,"Desserts, candies, and sweet breads",20,20,10,0,200.0,2-26-1998,3-26-1998,3-4-1998,38.11,Wilman Kala,Keskuskatu 45,Helsinki,,21240,Finland,24 - 50 g pkgs.,10,60,15,0,WILMK,Wilman Kala,Matti Karttunen,Owner/Marketing Assistant,Keskuskatu 45,Helsinki,,21240,Finland,90-224 8858,1,Nancy Davolio,Sales Representative,5-1-1992,Seattle,USA,3,Federal Shipping,(503) 555-9931,23,Karkki Oy,Anne Heikkonen,Finland
10910,61,Sirop d' rable,Condiments,"Sweet and savory sauces, relishes, spreads, and seasonings",28.5,28.5,5,0,142.5,2-26-1998,3-26-1998,3-4-1998,38.11,Wilman Kala,Keskuskatu 45,Helsinki,,21240,Finland,24 - 500 ml bottles,113,0,25,0,WILMK,Wilman Kala,Matti Karttunen,Owner/Marketing Assistant,Keskuskatu 45,Helsinki,,21240,Finland,90-224 8858,1,Nancy Davolio,Sales Representative,5-1-1992,Seattle,USA,3,Federal Shipping,(503) 555-9931,29,For ts d' rables,Chantal Goulet,Canada
10911,1,Chai,Beverages,"Soft drinks, coffees, teas, beers, and ales",18,18,10,0,180.0,2-26-1998,3-26-1998,3-5-1998,38.19,Godos Cocina T pica,"C/ Romero, 33",Sevilla,,41101,Spain,10 boxes x 30 bags,39,0,10,1,GODOS,Godos Cocina T pica,Jos  Pedro Freyre,Sales Manager,"C/ Romero, 33",Sevilla,,41101,Spain,(95) 555 82 82,3,Janet Leverling,Sales Representative,4-1-1992,Kirkland,USA,1,Speedy Express,(503) 555-9831,8,"Specialty Biscuits, Ltd.",Peter Wilson,UK
10911,17,Alice Mutton,Meat/Poultry,Prepared meats,39,39,12,0,468.0,2-26-1998,3-26-1998,3-5-1998,38.19,Godos Cocina T pica,"C/ Romero, 33",Sevilla,,41101,Spain,20 - 1 kg tins,0,0,0,1,GODOS,Godos Cocina T pica,Jos  Pedro Freyre,Sales Manager,"C/ Romero, 33",Sevilla,,41101,Spain,(95) 555 82 82,3,Janet Leverling,Sales Representative,4-1-1992,Kirkland,USA,1,Speedy Express,(503) 555-9831,7,"Pavlova, Ltd.",Ian Devling,Australia
10911,67,Laughing Lumberjack Lager,Beverages,"Soft drinks, coffees, teas, beers, and ales",14,14,15,0,210.0,2-26-1998,3-26-1998,3-5-1998,38.19,Godos Cocina T pica,"C/ Romero, 33",Sevilla,,41101,Spain,24 - 12 oz bottles,52,0,10,0,GODOS,Godos Cocina T pica,Jos  Pedro Freyre,Sales Manager,"C/ Romero, 33",Sevilla,,41101,Spain,(95) 555 82 82,3,Janet Leverling,Sales Representative,4-1-1992,Kirkland,USA,1,Speedy Express,(503) 555-9831,16,Bigfoot Breweries,Cheryl Saylor,USA
10912,11,Queso Cabrales,Dairy Products,Cheeses,21,21,40,0.25,630.0,2-26-1998,3-26-1998,3-18-1998,580.91,Hungry Owl All-Night Grocers,8 Johnstown Road,Cork,Co. Cork,,Ireland,1 kg pkg.,22,30,30,0,HUNGO,Hungry Owl All-Night Grocers,Patricia McKenna,Sales Associate,8 Johnstown Road,Cork,Co. Cork,,Ireland,2967 542,2,Andrew Fuller,"Vice President, Sales",8-14-1992,Tacoma,USA,2,United Package,(503) 555-3199,5,Cooperativa de Quesos 'Las Cabras',Antonio del Valle Saavedra,Spain
10912,29,Th ringer Rostbratwurst,Meat/Poultry,Prepared meats,123.79,123.79,60,0.25,5570.55,2-26-1998,3-26-1998,3-18-1998,580.91,Hungry Owl All-Night Grocers,8 Johnstown Road,Cork,Co. Cork,,Ireland,50 bags x 30 sausgs.,0,0,0,1,HUNGO,Hungry Owl All-Night Grocers,Patricia McKenna,Sales Associate,8 Johnstown Road,Cork,Co. Cork,,Ireland,2967 542,2,Andrew Fuller,"Vice President, Sales",8-14-1992,Tacoma,USA,2,United Package,(503) 555-3199,12,Plutzer Lebensmittelgro m rkte AG,Martin Bein,Germany
10913,4,Chef Anton's Cajun Seasoning,Condiments,"Sweet and savory sauces, relishes, spreads, and seasonings",22,22,30,0.25,495.0,2-26-1998,3-26-1998,3-4-1998,33.05,Queen Cozinha,"Alameda dos Can rios, 891",Sao Paulo,SP,05487-020,Brazil,48 - 6 oz jars,53,0,0,0,QUEEN,Queen Cozinha,L cia Carvalho,Marketing Assistant,"Alameda dos Can rios, 891",Sao Paulo,SP,05487-020,Brazil,(11) 555-1189,4,Margaret Peacock,Sales Representative,5-3-1993,Redmond,USA,1,Speedy Express,(503) 555-9831,2,New Orleans Cajun Delights,Shelley Burke,USA
10913,33,Geitost,Dairy Products,Cheeses,2.5,2.5,40,0.25,75.0,2-26-1998,3-26-1998,3-4-1998,33.05,Queen Cozinha,"Alameda dos Can rios, 891",Sao Paulo,SP,05487-020,Brazil,500 g,112,0,20,0,QUEEN,Queen Cozinha,L cia Carvalho,Marketing Assistant,"Alameda dos Can rios, 891",Sao Paulo,SP,05487-020,Brazil,(11) 555-1189,4,Margaret Peacock,Sales Representative,5-3-1993,Redmond,USA,1,Speedy Express,(503) 555-9831,15,Norske Meierier,Beate Vileid,Norway
10913,58,Escargots de Bourgogne,Seafood,Seaweed and fish,13.25,13.25,15,0,198.75,2-26-1998,3-26-1998,3-4-1998,33.05,Queen Cozinha,"Alameda dos Can rios, 891",Sao Paulo,SP,05487-020,Brazil,24 pieces,62,0,20,0,QUEEN,Queen Cozinha,L cia Carvalho,Marketing Assistant,"Alameda dos Can rios, 891",Sao Paulo,SP,05487-020,Brazil,(11) 555-1189,4,Margaret Peacock,Sales Representative,5-3-1993,Redmond,USA,1,Speedy Express,(503) 555-9831,27,Escargots Nouveaux,Marie Delamare,France
10914,71,Flotemysost,Dairy Products,Cheeses,21.5,21.5,25,0,537.5,2-27-1998,3-27-1998,3-2-1998,21.19,Queen Cozinha,"Alameda dos Can rios, 891",Sao Paulo,SP,05487-020,Brazil,10 - 500 g pkgs.,26,0,0,0,QUEEN,Queen Cozinha,L cia Carvalho,Marketing Assistant,"Alameda dos Can rios, 891",Sao Paulo,SP,05487-020,Brazil,(11) 555-1189,6,Michael Suyama,Sales Representative,10-17-1993,London,UK,1,Speedy Express,(503) 555-9831,15,Norske Meierier,Beate Vileid,Norway
10915,17,Alice Mutton,Meat/Poultry,Prepared meats,39,39,10,0,390.0,2-27-1998,3-27-1998,3-2-1998,3.51,Tortuga Restaurante,Avda. Azteca 123,M xico D.F.,,05033,Mexico,20 - 1 kg tins,0,0,0,1,TORTU,Tortuga Restaurante,Miguel Angel Paolino,Owner,Avda. Azteca 123,M xico D.F.,,05033,Mexico,(5) 555-2933,2,Andrew Fuller,"Vice President, Sales",8-14-1992,Tacoma,USA,2,United Package,(503) 555-3199,7,"Pavlova, Ltd.",Ian Devling,Australia
10915,33,Geitost,Dairy Products,Cheeses,2.5,2.5,30,0,75.0,2-27-1998,3-27-1998,3-2-1998,3.51,Tortuga Restaurante,Avda. Azteca 123,M xico D.F.,,05033,Mexico,500 g,112,0,20,0,TORTU,Tortuga Restaurante,Miguel Angel Paolino,Owner,Avda. Azteca 123,M xico D.F.,,05033,Mexico,(5) 555-2933,2,Andrew Fuller,"Vice President, Sales",8-14-1992,Tacoma,USA,2,United Package,(503) 555-3199,15,Norske Meierier,Beate Vileid,Norway
10915,54,Tourti re,Meat/Poultry,Prepared meats,7.45,7.45,10,0,74.5,2-27-1998,3-27-1998,3-2-1998,3.51,Tortuga Restaurante,Avda. Azteca 123,M xico D.F.,,05033,Mexico,16 pies,21,0,10,0,TORTU,Tortuga Restaurante,Miguel Angel Paolino,Owner,Avda. Azteca 123,M xico D.F.,,05033,Mexico,(5) 555-2933,2,Andrew Fuller,"Vice President, Sales",8-14-1992,Tacoma,USA,2,United Package,(503) 555-3199,25,Ma Maison,Jean-Guy Lauzon,Canada
10916,16,Pavlova,Confections,"Desserts, candies, and sweet breads",17.45,17.45,6,0,104.7,2-27-1998,3-27-1998,3-9-1998,63.77,Rancho grande,Av. del Libertador 900,Buenos Aires,,1010,Argentina,32 - 500 g boxes,29,0,10,0,RANCH,Rancho grande,Sergio Guti rrez,Sales Representative,Av. del Libertador 900,Buenos Aires,,1010,Argentina,(1) 123-5555,1,Nancy Davolio,Sales Representative,5-1-1992,Seattle,USA,2,United Package,(503) 555-3199,7,"Pavlova, Ltd.",Ian Devling,Australia
10916,32,Mascarpone Fabioli,Dairy Products,Cheeses,32,32,6,0,192.0,2-27-1998,3-27-1998,3-9-1998,63.77,Rancho grande,Av. del Libertador 900,Buenos Aires,,1010,Argentina,24 - 200 g pkgs.,9,40,25,0,RANCH,Rancho grande,Sergio Guti rrez,Sales Representative,Av. del Libertador 900,Buenos Aires,,1010,Argentina,(1) 123-5555,1,Nancy Davolio,Sales Representative,5-1-1992,Seattle,USA,2,United Package,(503) 555-3199,14,Formaggi Fortini s.r.l.,Elio Rossi,Italy
10916,57,Ravioli Angelo,Grains/Cereals,"Breads, crackers, pasta, and cereal",19.5,19.5,20,0,390.0,2-27-1998,3-27-1998,3-9-1998,63.77,Rancho grande,Av. del Libertador 900,Buenos Aires,,1010,Argentina,24 - 250 g pkgs.,36,0,20,0,RANCH,Rancho grande,Sergio Guti rrez,Sales Representative,Av. del Libertador 900,Buenos Aires,,1010,Argentina,(1) 123-5555,1,Nancy Davolio,Sales Representative,5-1-1992,Seattle,USA,2,United Package,(503) 555-3199,26,Pasta Buttini s.r.l.,Giovanni Giudici,Italy
10917,30,Nord-Ost Matjeshering,Seafood,Seaweed and fish,25.89,25.89,1,0,25.89,3-2-1998,3-30-1998,3-11-1998,8.29,Romero y tomillo,"Gran V a, 1",Madrid,,28001,Spain,10 - 200 g glasses,10,0,15,0,ROMEY,Romero y tomillo,Alejandra Camino,Accounting Manager,"Gran V a, 1",Madrid,,28001,Spain,(91) 745 6200,4,Margaret Peacock,Sales Representative,5-3-1993,Redmond,USA,2,United Package,(503) 555-3199,13,Nord-Ost-Fisch Handelsgesellschaft mbH,Sven Petersen,Germany
10917,60,Camembert Pierrot,Dairy Products,Cheeses,34,34,10,0,340.0,3-2-1998,3-30-1998,3-11-1998,8.29,Romero y tomillo,"Gran V a, 1",Madrid,,28001,Spain,15 - 300 g rounds,19,0,0,0,ROMEY,Romero y tomillo,Alejandra Camino,Accounting Manager,"Gran V a, 1",Madrid,,28001,Spain,(91) 745 6200,4,Margaret Peacock,Sales Representative,5-3-1993,Redmond,USA,2,United Package,(503) 555-3199,28,Gai p turage,Eliane Noz,France
10918,1,Chai,Beverages,"Soft drinks, coffees, teas, beers, and ales",18,18,60,0.25,810.0,3-2-1998,3-30-1998,3-11-1998,48.83,Bottom-Dollar Markets,23 Tsawassen Blvd.,Tsawassen,BC,T2F 8M4,Canada,10 boxes x 30 bags,39,0,10,1,BOTTM,Bottom-Dollar Markets,Elizabeth Lincoln,Accounting Manager,23 Tsawassen Blvd.,Tsawassen,BC,T2F 8M4,Canada,(604) 555-4729,3,Janet Leverling,Sales Representative,4-1-1992,Kirkland,USA,3,Federal Shipping,(503) 555-9931,8,"Specialty Biscuits, Ltd.",Peter Wilson,UK
10918,60,Camembert Pierrot,Dairy Products,Cheeses,34,34,25,0.25,637.5,3-2-1998,3-30-1998,3-11-1998,48.83,Bottom-Dollar Markets,23 Tsawassen Blvd.,Tsawassen,BC,T2F 8M4,Canada,15 - 300 g rounds,19,0,0,0,BOTTM,Bottom-Dollar Markets,Elizabeth Lincoln,Accounting Manager,23 Tsawassen Blvd.,Tsawassen,BC,T2F 8M4,Canada,(604) 555-4729,3,Janet Leverling,Sales Representative,4-1-1992,Kirkland,USA,3,Federal Shipping,(503) 555-9931,28,Gai p turage,Eliane Noz,France
10919,16,Pavlova,Confections,"Desserts, candies, and sweet breads",17.45,17.45,24,0,418.8,3-2-1998,3-30-1998,3-4-1998,19.8,LINO-Delicateses,Ave. 5 de Mayo Porlamar,I. de Margarita,Nueva Esparta,4980,Venezuela,32 - 500 g boxes,29,0,10,0,LINOD,LINO-Delicateses,Felipe Izquierdo,Owner,Ave. 5 de Mayo Porlamar,I. de Margarita,Nueva Esparta,4980,Venezuela,(8) 34-56-12,2,Andrew Fuller,"Vice President, Sales",8-14-1992,Tacoma,USA,2,United Package,(503) 555-3199,7,"Pavlova, Ltd.",Ian Devling,Australia
10919,25,NuNuCa Nu -Nougat-Creme,Confections,"Desserts, candies, and sweet breads",14,14,24,0,336.0,3-2-1998,3-30-1998,3-4-1998,19.8,LINO-Delicateses,Ave. 5 de Mayo Porlamar,I. de Margarita,Nueva Esparta,4980,Venezuela,20 - 450 g glasses,76,0,30,0,LINOD,LINO-Delicateses,Felipe Izquierdo,Owner,Ave. 5 de Mayo Porlamar,I. de Margarita,Nueva Esparta,4980,Venezuela,(8) 34-56-12,2,Andrew Fuller,"Vice President, Sales",8-14-1992,Tacoma,USA,2,United Package,(503) 555-3199,11,Heli S  waren GmbH & Co. KG,Petra Winkler,Germany
10919,40,Boston Crab Meat,Seafood,Seaweed and fish,18.4,18.4,20,0,368.0,3-2-1998,3-30-1998,3-4-1998,19.8,LINO-Delicateses,Ave. 5 de Mayo Porlamar,I. de Margarita,Nueva Esparta,4980,Venezuela,24 - 4 oz tins,123,0,30,0,LINOD,LINO-Delicateses,Felipe Izquierdo,Owner,Ave. 5 de Mayo Porlamar,I. de Margarita,Nueva Esparta,4980,Venezuela,(8) 34-56-12,2,Andrew Fuller,"Vice President, Sales",8-14-1992,Tacoma,USA,2,United Package,(503) 555-3199,19,New England Seafood Cannery,Robb Merchant,USA
10920,50,Valkoinen suklaa,Confections,"Desserts, candies, and sweet breads",16.25,16.25,24,0,390.0,3-3-1998,3-31-1998,3-9-1998,29.61,Around the Horn,Brook Farm Stratford St. Mary,Colchester,Essex,CO7 6JX,UK,12 - 100 g bars,65,0,30,0,AROUT,Around the Horn,Thomas Hardy,Sales Representative,120 Hanover Sq.,London,,WA1 1DP,UK,(171) 555-7788,4,Margaret Peacock,Sales Representative,5-3-1993,Redmond,USA,2,United Package,(503) 555-3199,23,Karkki Oy,Anne Heikkonen,Finland
10921,35,Steeleye Stout,Beverages,"Soft drinks, coffees, teas, beers, and ales",18,18,10,0,180.0,3-3-1998,4-14-1998,3-9-1998,176.48,Vaffeljernet,Smagsloget 45,rhus,,8200,Denmark,24 - 12 oz bottles,20,0,15,0,VAFFE,Vaffeljernet,Palle Ibsen,Sales Manager,Smagsloget 45,rhus,,8200,Denmark,86 21 32 43,1,Nancy Davolio,Sales Representative,5-1-1992,Seattle,USA,1,Speedy Express,(503) 555-9831,16,Bigfoot Breweries,Cheryl Saylor,USA
10921,63,Vegie-spread,Condiments,"Sweet and savory sauces, relishes, spreads, and seasonings",43.9,43.9,40,0,1756.0,3-3-1998,4-14-1998,3-9-1998,176.48,Vaffeljernet,Smagsloget 45,rhus,,8200,Denmark,15 - 625 g jars,24,0,5,0,VAFFE,Vaffeljernet,Palle Ibsen,Sales Manager,Smagsloget 45,rhus,,8200,Denmark,86 21 32 43,1,Nancy Davolio,Sales Representative,5-1-1992,Seattle,USA,1,Speedy Express,(503) 555-9831,7,"Pavlova, Ltd.",Ian Devling,Australia
10922,17,Alice Mutton,Meat/Poultry,Prepared meats,39,39,15,0,585.0,3-3-1998,3-31-1998,3-5-1998,62.74,Hanari Carnes,"Rua do Pa o, 67",Rio de Janeiro,RJ,05454-876,Brazil,20 - 1 kg tins,0,0,0,1,HANAR,Hanari Carnes,Mario Pontes,Accounting Manager,"Rua do Pa o, 67",Rio de Janeiro,RJ,05454-876,Brazil,(21) 555-0091,5,Steven Buchanan,Sales Manager,10-17-1993,London,UK,3,Federal Shipping,(503) 555-9931,7,"Pavlova, Ltd.",Ian Devling,Australia
10922,24,Guaran  Fant stica,Beverages,"Soft drinks, coffees, teas, beers, and ales",4.5,4.5,35,0,157.5,3-3-1998,3-31-1998,3-5-1998,62.74,Hanari Carnes,"Rua do Pa o, 67",Rio de Janeiro,RJ,05454-876,Brazil,12 - 355 ml cans,20,0,0,1,HANAR,Hanari Carnes,Mario Pontes,Accounting Manager,"Rua do Pa o, 67",Rio de Janeiro,RJ,05454-876,Brazil,(21) 555-0091,5,Steven Buchanan,Sales Manager,10-17-1993,London,UK,3,Federal Shipping,(503) 555-9931,10,Refrescos Americanas LTDA,Carlos Diaz,Brazil
10923,42,Singaporean Hokkien Fried Mee,Grains/Cereals,"Breads, crackers, pasta, and cereal",14,14,10,0.2,112.0,3-3-1998,4-14-1998,3-13-1998,68.26,La maison d'Asie,1 rue Alsace-Lorraine,Toulouse,,31000,France,32 - 1 kg pkgs.,26,0,0,1,LAMAI,La maison d'Asie,Annette Roulet,Sales Manager,1 rue Alsace-Lorraine,Toulouse,,31000,France,61.77.61.10,7,Robert King,Sales Representative,1-2-1994,London,UK,3,Federal Shipping,(503) 555-9931,20,Leka Trading,Chandra Leka,Singapore
10923,43,Ipoh Coffee,Beverages,"Soft drinks, coffees, teas, beers, and ales",46,46,10,0.2,368.0,3-3-1998,4-14-1998,3-13-1998,68.26,La maison d'Asie,1 rue Alsace-Lorraine,Toulouse,,31000,France,16 - 500 g tins,17,10,25,0,LAMAI,La maison d'Asie,Annette Roulet,Sales Manager,1 rue Alsace-Lorraine,Toulouse,,31000,France,61.77.61.10,7,Robert King,Sales Representative,1-2-1994,London,UK,3,Federal Shipping,(503) 555-9931,20,Leka Trading,Chandra Leka,Singapore
10923,67,Laughing Lumberjack Lager,Beverages,"Soft drinks, coffees, teas, beers, and ales",14,14,24,0.2,268.8,3-3-1998,4-14-1998,3-13-1998,68.26,La maison d'Asie,1 rue Alsace-Lorraine,Toulouse,,31000,France,24 - 12 oz bottles,52,0,10,0,LAMAI,La maison d'Asie,Annette Roulet,Sales Manager,1 rue Alsace-Lorraine,Toulouse,,31000,France,61.77.61.10,7,Robert King,Sales Representative,1-2-1994,London,UK,3,Federal Shipping,(503) 555-9931,16,Bigfoot Breweries,Cheryl Saylor,USA
10924,10,Ikura,Seafood,Seaweed and fish,31,31,20,0.1,558.0,3-4-1998,4-1-1998,4-8-1998,151.52,Berglunds snabbk p,Berguvsv gen  8,Lule,,S-958 22,Sweden,12 - 200 ml jars,31,0,0,0,BERGS,Berglunds snabbk p,Christina Berglund,Order Administrator,Berguvsv gen  8,Lule,,S-958 22,Sweden,0921-12 34 65,3,Janet Leverling,Sales Representative,4-1-1992,Kirkland,USA,2,United Package,(503) 555-3199,4,Tokyo Traders,Yoshi Nagase,Japan
10924,28,R ssle Sauerkraut,Produce,Dried fruit and bean curd,45.6,45.6,30,0.1,1231.2,3-4-1998,4-1-1998,4-8-1998,151.52,Berglunds snabbk p,Berguvsv gen  8,Lule,,S-958 22,Sweden,25 - 825 g cans,26,0,0,1,BERGS,Berglunds snabbk p,Christina Berglund,Order Administrator,Berguvsv gen  8,Lule,,S-958 22,Sweden,0921-12 34 65,3,Janet Leverling,Sales Representative,4-1-1992,Kirkland,USA,2,United Package,(503) 555-3199,12,Plutzer Lebensmittelgro m rkte AG,Martin Bein,Germany
10924,75,Rh nbr u Klosterbier,Beverages,"Soft drinks, coffees, teas, beers, and ales",7.75,7.75,6,0,46.5,3-4-1998,4-1-1998,4-8-1998,151.52,Berglunds snabbk p,Berguvsv gen  8,Lule,,S-958 22,Sweden,24 - 0.5 l bottles,125,0,25,0,BERGS,Berglunds snabbk p,Christina Berglund,Order Administrator,Berguvsv gen  8,Lule,,S-958 22,Sweden,0921-12 34 65,3,Janet Leverling,Sales Representative,4-1-1992,Kirkland,USA,2,United Package,(503) 555-3199,12,Plutzer Lebensmittelgro m rkte AG,Martin Bein,Germany
10925,36,Inlagd Sill,Seafood,Seaweed and fish,19,19,25,0.15,403.75,3-4-1998,4-1-1998,3-13-1998,2.27,Hanari Carnes,"Rua do Pa o, 67",Rio de Janeiro,RJ,05454-876,Brazil,24 - 250 g  jars,112,0,20,0,HANAR,Hanari Carnes,Mario Pontes,Accounting Manager,"Rua do Pa o, 67",Rio de Janeiro,RJ,05454-876,Brazil,(21) 555-0091,3,Janet Leverling,Sales Representative,4-1-1992,Kirkland,USA,1,Speedy Express,(503) 555-9831,17,Svensk Sj f da AB,Michael Bj rn,Sweden
10925,52,Filo Mix,Grains/Cereals,"Breads, crackers, pasta, and cereal",7,7,12,0.15,71.4,3-4-1998,4-1-1998,3-13-1998,2.27,Hanari Carnes,"Rua do Pa o, 67",Rio de Janeiro,RJ,05454-876,Brazil,16 - 2 kg boxes,38,0,25,0,HANAR,Hanari Carnes,Mario Pontes,Accounting Manager,"Rua do Pa o, 67",Rio de Janeiro,RJ,05454-876,Brazil,(21) 555-0091,3,Janet Leverling,Sales Representative,4-1-1992,Kirkland,USA,1,Speedy Express,(503) 555-9831,24,"G'day, Mate",Wendy Mackenzie,Australia
10926,11,Queso Cabrales,Dairy Products,Cheeses,21,21,2,0,42.0,3-4-1998,4-1-1998,3-11-1998,39.92,Ana Trujillo Emparedados y helados,Avda. de la Constituci n 2222,M xico D.F.,,05021,Mexico,1 kg pkg.,22,30,30,0,ANATR,Ana Trujillo Emparedados y helados,Ana Trujillo,Owner,Avda. de la Constituci n 2222,M xico D.F.,,05021,Mexico,(5) 555-4729,4,Margaret Peacock,Sales Representative,5-3-1993,Redmond,USA,3,Federal Shipping,(503) 555-9931,5,Cooperativa de Quesos 'Las Cabras',Antonio del Valle Saavedra,Spain
10926,13,Konbu,Seafood,Seaweed and fish,6,6,10,0,60.0,3-4-1998,4-1-1998,3-11-1998,39.92,Ana Trujillo Emparedados y helados,Avda. de la Constituci n 2222,M xico D.F.,,05021,Mexico,2 kg box,24,0,5,0,ANATR,Ana Trujillo Emparedados y helados,Ana Trujillo,Owner,Avda. de la Constituci n 2222,M xico D.F.,,05021,Mexico,(5) 555-4729,4,Margaret Peacock,Sales Representative,5-3-1993,Redmond,USA,3,Federal Shipping,(503) 555-9931,6,Mayumi's,Mayumi Ohno,Japan
10926,19,Teatime Chocolate Biscuits,Confections,"Desserts, candies, and sweet breads",9.2,9.2,7,0,64.4,3-4-1998,4-1-1998,3-11-1998,39.92,Ana Trujillo Emparedados y helados,Avda. de la Constituci n 2222,M xico D.F.,,05021,Mexico,10 boxes x 12 pieces,25,0,5,0,ANATR,Ana Trujillo Emparedados y helados,Ana Trujillo,Owner,Avda. de la Constituci n 2222,M xico D.F.,,05021,Mexico,(5) 555-4729,4,Margaret Peacock,Sales Representative,5-3-1993,Redmond,USA,3,Federal Shipping,(503) 555-9931,8,"Specialty Biscuits, Ltd.",Peter Wilson,UK
10926,72,Mozzarella di Giovanni,Dairy Products,Cheeses,34.8,34.8,10,0,348.0,3-4-1998,4-1-1998,3-11-1998,39.92,Ana Trujillo Emparedados y helados,Avda. de la Constituci n 2222,M xico D.F.,,05021,Mexico,24 - 200 g pkgs.,14,0,0,0,ANATR,Ana Trujillo Emparedados y helados,Ana Trujillo,Owner,Avda. de la Constituci n 2222,M xico D.F.,,05021,Mexico,(5) 555-4729,4,Margaret Peacock,Sales Representative,5-3-1993,Redmond,USA,3,Federal Shipping,(503) 555-9931,14,Formaggi Fortini s.r.l.,Elio Rossi,Italy
10927,20,Sir Rodney's Marmalade,Confections,"Desserts, candies, and sweet breads",81,81,5,0,405.0,3-5-1998,4-2-1998,4-8-1998,19.79,La corne d'abondance,"67, avenue de l'Europe",Versailles,,78000,France,30 gift boxes,40,0,0,0,LACOR,La corne d'abondance,Daniel Tonini,Sales Representative,"67, avenue de l'Europe",Versailles,,78000,France,30.59.84.10,4,Margaret Peacock,Sales Representative,5-3-1993,Redmond,USA,1,Speedy Express,(503) 555-9831,8,"Specialty Biscuits, Ltd.",Peter Wilson,UK
10927,52,Filo Mix,Grains/Cereals,"Breads, crackers, pasta, and cereal",7,7,5,0,35.0,3-5-1998,4-2-1998,4-8-1998,19.79,La corne d'abondance,"67, avenue de l'Europe",Versailles,,78000,France,16 - 2 kg boxes,38,0,25,0,LACOR,La corne d'abondance,Daniel Tonini,Sales Representative,"67, avenue de l'Europe",Versailles,,78000,France,30.59.84.10,4,Margaret Peacock,Sales Representative,5-3-1993,Redmond,USA,1,Speedy Express,(503) 555-9831,24,"G'day, Mate",Wendy Mackenzie,Australia
10927,76,Lakkalik  ri,Beverages,"Soft drinks, coffees, teas, beers, and ales",18,18,20,0,360.0,3-5-1998,4-2-1998,4-8-1998,19.79,La corne d'abondance,"67, avenue de l'Europe",Versailles,,78000,France,500 ml,57,0,20,0,LACOR,La corne d'abondance,Daniel Tonini,Sales Representative,"67, avenue de l'Europe",Versailles,,78000,France,30.59.84.10,4,Margaret Peacock,Sales Representative,5-3-1993,Redmond,USA,1,Speedy Express,(503) 555-9831,23,Karkki Oy,Anne Heikkonen,Finland
10928,47,Zaanse koeken,Confections,"Desserts, candies, and sweet breads",9.5,9.5,5,0,47.5,3-5-1998,4-2-1998,3-18-1998,1.36,Galer a del gastron mo,"Rambla de Catalu a, 23",Barcelona,,8022,Spain,10 - 4 oz boxes,36,0,0,0,GALED,Galer a del gastr nomo,Eduardo Saavedra,Marketing Manager,"Rambla de Catalu a, 23",Barcelona,,08022,Spain,(93) 203 4560,1,Nancy Davolio,Sales Representative,5-1-1992,Seattle,USA,1,Speedy Express,(503) 555-9831,22,Zaanse Snoepfabriek,Dirk Luchte,Netherlands
10928,76,Lakkalik  ri,Beverages,"Soft drinks, coffees, teas, beers, and ales",18,18,5,0,90.0,3-5-1998,4-2-1998,3-18-1998,1.36,Galer a del gastron mo,"Rambla de Catalu a, 23",Barcelona,,8022,Spain,500 ml,57,0,20,0,GALED,Galer a del gastr nomo,Eduardo Saavedra,Marketing Manager,"Rambla de Catalu a, 23",Barcelona,,08022,Spain,(93) 203 4560,1,Nancy Davolio,Sales Representative,5-1-1992,Seattle,USA,1,Speedy Express,(503) 555-9831,23,Karkki Oy,Anne Heikkonen,Finland
10929,21,Sir Rodney's Scones,Confections,"Desserts, candies, and sweet breads",10,10,60,0,600.0,3-5-1998,4-2-1998,3-12-1998,33.93,Frankenversand,Berliner Platz 43,M nchen,,80805,Germany,24 pkgs. x 4 pieces,3,40,5,0,FRANK,Frankenversand,Peter Franken,Marketing Manager,Berliner Platz 43,M nchen,,80805,Germany,089-0877310,6,Michael Suyama,Sales Representative,10-17-1993,London,UK,1,Speedy Express,(503) 555-9831,8,"Specialty Biscuits, Ltd.",Peter Wilson,UK
10929,75,Rh nbr u Klosterbier,Beverages,"Soft drinks, coffees, teas, beers, and ales",7.75,7.75,49,0,379.75,3-5-1998,4-2-1998,3-12-1998,33.93,Frankenversand,Berliner Platz 43,M nchen,,80805,Germany,24 - 0.5 l bottles,125,0,25,0,FRANK,Frankenversand,Peter Franken,Marketing Manager,Berliner Platz 43,M nchen,,80805,Germany,089-0877310,6,Michael Suyama,Sales Representative,10-17-1993,London,UK,1,Speedy Express,(503) 555-9831,12,Plutzer Lebensmittelgro m rkte AG,Martin Bein,Germany
10929,77,Original Frankfurter gr ne So e,Condiments,"Sweet and savory sauces, relishes, spreads, and seasonings",13,13,15,0,195.0,3-5-1998,4-2-1998,3-12-1998,33.93,Frankenversand,Berliner Platz 43,M nchen,,80805,Germany,12 boxes,32,0,15,0,FRANK,Frankenversand,Peter Franken,Marketing Manager,Berliner Platz 43,M nchen,,80805,Germany,089-0877310,6,Michael Suyama,Sales Representative,10-17-1993,London,UK,1,Speedy Express,(503) 555-9831,12,Plutzer Lebensmittelgro m rkte AG,Martin Bein,Germany
10930,21,Sir Rodney's Scones,Confections,"Desserts, candies, and sweet breads",10,10,36,0,360.0,3-6-1998,4-17-1998,3-18-1998,15.55,Supr mes d lices,"Boulevard Tirou, 255",Charleroi,,B-6000,Belgium,24 pkgs. x 4 pieces,3,40,5,0,SUPRD,Supr mes d lices,Pascale Cartrain,Accounting Manager,"Boulevard Tirou, 255",Charleroi,,B-6000,Belgium,(071) 23 67 22 20,4,Margaret Peacock,Sales Representative,5-3-1993,Redmond,USA,3,Federal Shipping,(503) 555-9931,8,"Specialty Biscuits, Ltd.",Peter Wilson,UK
10930,27,Schoggi Schokolade,Confections,"Desserts, candies, and sweet breads",43.9,43.9,25,0,1097.5,3-6-1998,4-17-1998,3-18-1998,15.55,Supr mes d lices,"Boulevard Tirou, 255",Charleroi,,B-6000,Belgium,100 - 100 g pieces,49,0,30,0,SUPRD,Supr mes d lices,Pascale Cartrain,Accounting Manager,"Boulevard Tirou, 255",Charleroi,,B-6000,Belgium,(071) 23 67 22 20,4,Margaret Peacock,Sales Representative,5-3-1993,Redmond,USA,3,Federal Shipping,(503) 555-9931,11,Heli S  waren GmbH & Co. KG,Petra Winkler,Germany
10930,55,P t  chinois,Meat/Poultry,Prepared meats,24,24,25,0.2,480.0,3-6-1998,4-17-1998,3-18-1998,15.55,Supr mes d lices,"Boulevard Tirou, 255",Charleroi,,B-6000,Belgium,24 boxes x 2 pies,115,0,20,0,SUPRD,Supr mes d lices,Pascale Cartrain,Accounting Manager,"Boulevard Tirou, 255",Charleroi,,B-6000,Belgium,(071) 23 67 22 20,4,Margaret Peacock,Sales Representative,5-3-1993,Redmond,USA,3,Federal Shipping,(503) 555-9931,25,Ma Maison,Jean-Guy Lauzon,Canada
10930,58,Escargots de Bourgogne,Seafood,Seaweed and fish,13.25,13.25,30,0.2,318.0,3-6-1998,4-17-1998,3-18-1998,15.55,Supr mes d lices,"Boulevard Tirou, 255",Charleroi,,B-6000,Belgium,24 pieces,62,0,20,0,SUPRD,Supr mes d lices,Pascale Cartrain,Accounting Manager,"Boulevard Tirou, 255",Charleroi,,B-6000,Belgium,(071) 23 67 22 20,4,Margaret Peacock,Sales Representative,5-3-1993,Redmond,USA,3,Federal Shipping,(503) 555-9931,27,Escargots Nouveaux,Marie Delamare,France
10931,13,Konbu,Seafood,Seaweed and fish,6,6,42,0.15,214.2,3-6-1998,3-20-1998,3-19-1998,13.6,Richter Supermarkt,Starenweg 5,Gen ve,,1204,Switzerland,2 kg box,24,0,5,0,RICSU,Richter Supermarkt,Michael Holz,Sales Manager,Grenzacherweg 237,Gen ve,,1203,Switzerland,0897-034214,4,Margaret Peacock,Sales Representative,5-3-1993,Redmond,USA,2,United Package,(503) 555-3199,6,Mayumi's,Mayumi Ohno,Japan
10931,57,Ravioli Angelo,Grains/Cereals,"Breads, crackers, pasta, and cereal",19.5,19.5,30,0,585.0,3-6-1998,3-20-1998,3-19-1998,13.6,Richter Supermarkt,Starenweg 5,Gen ve,,1204,Switzerland,24 - 250 g pkgs.,36,0,20,0,RICSU,Richter Supermarkt,Michael Holz,Sales Manager,Grenzacherweg 237,Gen ve,,1203,Switzerland,0897-034214,4,Margaret Peacock,Sales Representative,5-3-1993,Redmond,USA,2,United Package,(503) 555-3199,26,Pasta Buttini s.r.l.,Giovanni Giudici,Italy
10932,16,Pavlova,Confections,"Desserts, candies, and sweet breads",17.45,17.45,30,0.1,471.15,3-6-1998,4-3-1998,3-24-1998,134.64,Bon app',"12, rue des Bouchers",Marseille,,13008,France,32 - 500 g boxes,29,0,10,0,BONAP,Bon app',Laurence Lebihan,Owner,"12, rue des Bouchers",Marseille,,13008,France,91.24.45.40,8,Laura Callahan,Inside Sales Coordinator,3-5-1994,Seattle,USA,1,Speedy Express,(503) 555-9831,7,"Pavlova, Ltd.",Ian Devling,Australia
10932,62,Tarte au sucre,Confections,"Desserts, candies, and sweet breads",49.3,49.3,14,0.1,621.18,3-6-1998,4-3-1998,3-24-1998,134.64,Bon app',"12, rue des Bouchers",Marseille,,13008,France,48 pies,17,0,0,0,BONAP,Bon app',Laurence Lebihan,Owner,"12, rue des Bouchers",Marseille,,13008,France,91.24.45.40,8,Laura Callahan,Inside Sales Coordinator,3-5-1994,Seattle,USA,1,Speedy Express,(503) 555-9831,29,For ts d' rables,Chantal Goulet,Canada
10932,72,Mozzarella di Giovanni,Dairy Products,Cheeses,34.8,34.8,16,0,556.8,3-6-1998,4-3-1998,3-24-1998,134.64,Bon app',"12, rue des Bouchers",Marseille,,13008,France,24 - 200 g pkgs.,14,0,0,0,BONAP,Bon app',Laurence Lebihan,Owner,"12, rue des Bouchers",Marseille,,13008,France,91.24.45.40,8,Laura Callahan,Inside Sales Coordinator,3-5-1994,Seattle,USA,1,Speedy Express,(503) 555-9831,14,Formaggi Fortini s.r.l.,Elio Rossi,Italy
10932,75,Rh nbr u Klosterbier,Beverages,"Soft drinks, coffees, teas, beers, and ales",7.75,7.75,20,0.1,139.5,3-6-1998,4-3-1998,3-24-1998,134.64,Bon app',"12, rue des Bouchers",Marseille,,13008,France,24 - 0.5 l bottles,125,0,25,0,BONAP,Bon app',Laurence Lebihan,Owner,"12, rue des Bouchers",Marseille,,13008,France,91.24.45.40,8,Laura Callahan,Inside Sales Coordinator,3-5-1994,Seattle,USA,1,Speedy Express,(503) 555-9831,12,Plutzer Lebensmittelgro m rkte AG,Martin Bein,Germany
10933,53,Perth Pasties,Meat/Poultry,Prepared meats,32.8,32.8,2,0,65.6,3-6-1998,4-3-1998,3-16-1998,54.15,Island Trading,Garden House Crowther Way,Cowes,Isle of Wight,PO31 7PJ,UK,48 pieces,0,0,0,1,ISLAT,Island Trading,Helen Bennett,Marketing Manager,Garden House Crowther Way,Cowes,Isle of Wight,PO31 7PJ,UK,(198) 555-8888,6,Michael Suyama,Sales Representative,10-17-1993,London,UK,3,Federal Shipping,(503) 555-9931,24,"G'day, Mate",Wendy Mackenzie,Australia
10933,61,Sirop d' rable,Condiments,"Sweet and savory sauces, relishes, spreads, and seasonings",28.5,28.5,30,0,855.0,3-6-1998,4-3-1998,3-16-1998,54.15,Island Trading,Garden House Crowther Way,Cowes,Isle of Wight,PO31 7PJ,UK,24 - 500 ml bottles,113,0,25,0,ISLAT,Island Trading,Helen Bennett,Marketing Manager,Garden House Crowther Way,Cowes,Isle of Wight,PO31 7PJ,UK,(198) 555-8888,6,Michael Suyama,Sales Representative,10-17-1993,London,UK,3,Federal Shipping,(503) 555-9931,29,For ts d' rables,Chantal Goulet,Canada
10934,6,Grandma's Boysenberry Spread,Condiments,"Sweet and savory sauces, relishes, spreads, and seasonings",25,25,20,0,500.0,3-9-1998,4-6-1998,3-12-1998,32.01,Lehmanns Marktstand,Magazinweg 7,Frankfurt a.M.,,60528,Germany,12 - 8 oz jars,120,0,25,0,LEHMS,Lehmanns Marktstand,Renate Messner,Sales Representative,Magazinweg 7,Frankfurt a.M.,,60528,Germany,069-0245984,3,Janet Leverling,Sales Representative,4-1-1992,Kirkland,USA,3,Federal Shipping,(503) 555-9931,3,Grandma Kelly's Homestead,Regina Murphy,USA
10935,1,Chai,Beverages,"Soft drinks, coffees, teas, beers, and ales",18,18,21,0,378.0,3-9-1998,4-6-1998,3-18-1998,47.59,Wellington Importadora,"Rua do Mercado, 12",Resende,SP,08737-363,Brazil,10 boxes x 30 bags,39,0,10,1,WELLI,Wellington Importadora,Paula Parente,Sales Manager,"Rua do Mercado, 12",Resende,SP,08737-363,Brazil,(14) 555-8122,4,Margaret Peacock,Sales Representative,5-3-1993,Redmond,USA,3,Federal Shipping,(503) 555-9931,8,"Specialty Biscuits, Ltd.",Peter Wilson,UK
10935,18,Carnarvon Tigers,Seafood,Seaweed and fish,62.5,62.5,4,0.25,187.5,3-9-1998,4-6-1998,3-18-1998,47.59,Wellington Importadora,"Rua do Mercado, 12",Resende,SP,08737-363,Brazil,16 kg pkg.,42,0,0,0,WELLI,Wellington Importadora,Paula Parente,Sales Manager,"Rua do Mercado, 12",Resende,SP,08737-363,Brazil,(14) 555-8122,4,Margaret Peacock,Sales Representative,5-3-1993,Redmond,USA,3,Federal Shipping,(503) 555-9931,7,"Pavlova, Ltd.",Ian Devling,Australia
10935,23,Tunnbr d,Grains/Cereals,"Breads, crackers, pasta, and cereal",9,9,8,0.25,54.0,3-9-1998,4-6-1998,3-18-1998,47.59,Wellington Importadora,"Rua do Mercado, 12",Resende,SP,08737-363,Brazil,12 - 250 g pkgs.,61,0,25,0,WELLI,Wellington Importadora,Paula Parente,Sales Manager,"Rua do Mercado, 12",Resende,SP,08737-363,Brazil,(14) 555-8122,4,Margaret Peacock,Sales Representative,5-3-1993,Redmond,USA,3,Federal Shipping,(503) 555-9931,9,PB Kn ckebr d AB,Lars Peterson,Sweden
10936,36,Inlagd Sill,Seafood,Seaweed and fish,19,19,30,0.2,456.0,3-9-1998,4-6-1998,3-18-1998,33.68,Great Lakes Food Market,2732 Baker Blvd.,Eugene,OR,97403,USA,24 - 250 g  jars,112,0,20,0,GREAL,Great Lakes Food Market,Howard Snyder,Marketing Manager,2732 Baker Blvd.,Eugene,OR,97403,USA,(503) 555-7555,3,Janet Leverling,Sales Representative,4-1-1992,Kirkland,USA,2,United Package,(503) 555-3199,17,Svensk Sj f da AB,Michael Bj rn,Sweden
10937,28,R ssle Sauerkraut,Produce,Dried fruit and bean curd,45.6,45.6,8,0,364.8,3-10-1998,3-24-1998,3-13-1998,31.51,Cactus Comidas para llevar,Cerrito 333,Buenos Aires,,1010,Argentina,25 - 825 g cans,26,0,0,1,CACTU,Cactus Comidas para llevar,Patricio Simpson,Sales Agent,Cerrito 333,Buenos Aires,,1010,Argentina,(1) 135-5555,7,Robert King,Sales Representative,1-2-1994,London,UK,3,Federal Shipping,(503) 555-9931,12,Plutzer Lebensmittelgro m rkte AG,Martin Bein,Germany
10937,34,Sasquatch Ale,Beverages,"Soft drinks, coffees, teas, beers, and ales",14,14,20,0,280.0,3-10-1998,3-24-1998,3-13-1998,31.51,Cactus Comidas para llevar,Cerrito 333,Buenos Aires,,1010,Argentina,24 - 12 oz bottles,111,0,15,0,CACTU,Cactus Comidas para llevar,Patricio Simpson,Sales Agent,Cerrito 333,Buenos Aires,,1010,Argentina,(1) 135-5555,7,Robert King,Sales Representative,1-2-1994,London,UK,3,Federal Shipping,(503) 555-9931,16,Bigfoot Breweries,Cheryl Saylor,USA
10938,13,Konbu,Seafood,Seaweed and fish,6,6,20,0.25,90.0,3-10-1998,4-7-1998,3-16-1998,31.89,QUICK-Stop,Taucherstra e 10,Cunewalde,,01307,Germany,2 kg box,24,0,5,0,QUICK,QUICK-Stop,Horst Kloss,Accounting Manager,Taucherstra e 10,Cunewalde,,01307,Germany,0372-035188,3,Janet Leverling,Sales Representative,4-1-1992,Kirkland,USA,2,United Package,(503) 555-3199,6,Mayumi's,Mayumi Ohno,Japan
10938,43,Ipoh Coffee,Beverages,"Soft drinks, coffees, teas, beers, and ales",46,46,24,0.25,828.0,3-10-1998,4-7-1998,3-16-1998,31.89,QUICK-Stop,Taucherstra e 10,Cunewalde,,01307,Germany,16 - 500 g tins,17,10,25,0,QUICK,QUICK-Stop,Horst Kloss,Accounting Manager,Taucherstra e 10,Cunewalde,,01307,Germany,0372-035188,3,Janet Leverling,Sales Representative,4-1-1992,Kirkland,USA,2,United Package,(503) 555-3199,20,Leka Trading,Chandra Leka,Singapore
10938,60,Camembert Pierrot,Dairy Products,Cheeses,34,34,49,0.25,1249.5,3-10-1998,4-7-1998,3-16-1998,31.89,QUICK-Stop,Taucherstra e 10,Cunewalde,,01307,Germany,15 - 300 g rounds,19,0,0,0,QUICK,QUICK-Stop,Horst Kloss,Accounting Manager,Taucherstra e 10,Cunewalde,,01307,Germany,0372-035188,3,Janet Leverling,Sales Representative,4-1-1992,Kirkland,USA,2,United Package,(503) 555-3199,28,Gai p turage,Eliane Noz,France
10938,71,Flotemysost,Dairy Products,Cheeses,21.5,21.5,35,0.25,564.38,3-10-1998,4-7-1998,3-16-1998,31.89,QUICK-Stop,Taucherstra e 10,Cunewalde,,01307,Germany,10 - 500 g pkgs.,26,0,0,0,QUICK,QUICK-Stop,Horst Kloss,Accounting Manager,Taucherstra e 10,Cunewalde,,01307,Germany,0372-035188,3,Janet Leverling,Sales Representative,4-1-1992,Kirkland,USA,2,United Package,(503) 555-3199,15,Norske Meierier,Beate Vileid,Norway
10939,2,Chang,Beverages,"Soft drinks, coffees, teas, beers, and ales",19,19,10,0.15,161.5,3-10-1998,4-7-1998,3-13-1998,76.33,Magazzini Alimentari Riuniti,Via Ludovico il Moro 22,Bergamo,,24100,Italy,24 - 12 oz bottles,17,40,25,1,MAGAA,Magazzini Alimentari Riuniti,Giovanni Rovelli,Marketing Manager,Via Ludovico il Moro 22,Bergamo,,24100,Italy,035-640230,2,Andrew Fuller,"Vice President, Sales",8-14-1992,Tacoma,USA,2,United Package,(503) 555-3199,1,Exotic Liquids,Charlotte Cooper,UK
10939,67,Laughing Lumberjack Lager,Beverages,"Soft drinks, coffees, teas, beers, and ales",14,14,40,0.15,476.0,3-10-1998,4-7-1998,3-13-1998,76.33,Magazzini Alimentari Riuniti,Via Ludovico il Moro 22,Bergamo,,24100,Italy,24 - 12 oz bottles,52,0,10,0,MAGAA,Magazzini Alimentari Riuniti,Giovanni Rovelli,Marketing Manager,Via Ludovico il Moro 22,Bergamo,,24100,Italy,035-640230,2,Andrew Fuller,"Vice President, Sales",8-14-1992,Tacoma,USA,2,United Package,(503) 555-3199,16,Bigfoot Breweries,Cheryl Saylor,USA
10940,7,Uncle Bob's Organic Dried Pears,Produce,Dried fruit and bean curd,30,30,8,0,240.0,3-11-1998,4-8-1998,3-23-1998,19.77,Bon app',"12, rue des Bouchers",Marseille,,13008,France,12 - 1 lb pkgs.,15,0,10,0,BONAP,Bon app',Laurence Lebihan,Owner,"12, rue des Bouchers",Marseille,,13008,France,91.24.45.40,8,Laura Callahan,Inside Sales Coordinator,3-5-1994,Seattle,USA,3,Federal Shipping,(503) 555-9931,3,Grandma Kelly's Homestead,Regina Murphy,USA
10940,13,Konbu,Seafood,Seaweed and fish,6,6,20,0,120.0,3-11-1998,4-8-1998,3-23-1998,19.77,Bon app',"12, rue des Bouchers",Marseille,,13008,France,2 kg box,24,0,5,0,BONAP,Bon app',Laurence Lebihan,Owner,"12, rue des Bouchers",Marseille,,13008,France,91.24.45.40,8,Laura Callahan,Inside Sales Coordinator,3-5-1994,Seattle,USA,3,Federal Shipping,(503) 555-9931,6,Mayumi's,Mayumi Ohno,Japan
10941,31,Gorgonzola Telino,Dairy Products,Cheeses,12.5,12.5,44,0.25,412.5,3-11-1998,4-8-1998,3-20-1998,400.81,Save-a-lot Markets,187 Suffolk Ln.,Boise,ID,83720,USA,12 - 100 g pkgs,0,70,20,0,SAVEA,Save-a-lot Markets,Jose Pavarotti,Sales Representative,187 Suffolk Ln.,Boise,ID,83720,USA,(208) 555-8097,7,Robert King,Sales Representative,1-2-1994,London,UK,2,United Package,(503) 555-3199,14,Formaggi Fortini s.r.l.,Elio Rossi,Italy
10941,62,Tarte au sucre,Confections,"Desserts, candies, and sweet breads",49.3,49.3,30,0.25,1109.25,3-11-1998,4-8-1998,3-20-1998,400.81,Save-a-lot Markets,187 Suffolk Ln.,Boise,ID,83720,USA,48 pies,17,0,0,0,SAVEA,Save-a-lot Markets,Jose Pavarotti,Sales Representative,187 Suffolk Ln.,Boise,ID,83720,USA,(208) 555-8097,7,Robert King,Sales Representative,1-2-1994,London,UK,2,United Package,(503) 555-3199,29,For ts d' rables,Chantal Goulet,Canada
10941,68,Scottish Longbreads,Confections,"Desserts, candies, and sweet breads",12.5,12.5,80,0.25,750.0,3-11-1998,4-8-1998,3-20-1998,400.81,Save-a-lot Markets,187 Suffolk Ln.,Boise,ID,83720,USA,10 boxes x 8 pieces,6,10,15,0,SAVEA,Save-a-lot Markets,Jose Pavarotti,Sales Representative,187 Suffolk Ln.,Boise,ID,83720,USA,(208) 555-8097,7,Robert King,Sales Representative,1-2-1994,London,UK,2,United Package,(503) 555-3199,8,"Specialty Biscuits, Ltd.",Peter Wilson,UK
10941,72,Mozzarella di Giovanni,Dairy Products,Cheeses,34.8,34.8,50,0,1740.0,3-11-1998,4-8-1998,3-20-1998,400.81,Save-a-lot Markets,187 Suffolk Ln.,Boise,ID,83720,USA,24 - 200 g pkgs.,14,0,0,0,SAVEA,Save-a-lot Markets,Jose Pavarotti,Sales Representative,187 Suffolk Ln.,Boise,ID,83720,USA,(208) 555-8097,7,Robert King,Sales Representative,1-2-1994,London,UK,2,United Package,(503) 555-3199,14,Formaggi Fortini s.r.l.,Elio Rossi,Italy
10942,49,Maxilaku,Confections,"Desserts, candies, and sweet breads",20,20,28,0,560.0,3-11-1998,4-8-1998,3-18-1998,17.95,Reggiani Caseifici,Strada Provinciale 124,Reggio Emilia,,42100,Italy,24 - 50 g pkgs.,10,60,15,0,REGGC,Reggiani Caseifici,Maurizio Moroni,Sales Associate,Strada Provinciale 124,Reggio Emilia,,42100,Italy,0522-556721,9,Anne Dodsworth,Sales Representative,11-15-1994,London,UK,3,Federal Shipping,(503) 555-9931,23,Karkki Oy,Anne Heikkonen,Finland
10943,13,Konbu,Seafood,Seaweed and fish,6,6,15,0,90.0,3-11-1998,4-8-1998,3-19-1998,2.17,B's Beverages,Fauntleroy Circus,London,,EC2 5NT,UK,2 kg box,24,0,5,0,BSBEV,B's Beverages,Victoria Ashworth,Sales Representative,Fauntleroy Circus,London,,EC2 5NT,UK,(171) 555-1212,4,Margaret Peacock,Sales Representative,5-3-1993,Redmond,USA,2,United Package,(503) 555-3199,6,Mayumi's,Mayumi Ohno,Japan
10943,22,Gustaf's Kn ckebr d,Grains/Cereals,"Breads, crackers, pasta, and cereal",21,21,21,0,441.0,3-11-1998,4-8-1998,3-19-1998,2.17,B's Beverages,Fauntleroy Circus,London,,EC2 5NT,UK,24 - 500 g pkgs.,104,0,25,0,BSBEV,B's Beverages,Victoria Ashworth,Sales Representative,Fauntleroy Circus,London,,EC2 5NT,UK,(171) 555-1212,4,Margaret Peacock,Sales Representative,5-3-1993,Redmond,USA,2,United Package,(503) 555-3199,9,PB Kn ckebr d AB,Lars Peterson,Sweden
10943,46,Spegesild,Seafood,Seaweed and fish,12,12,15,0,180.0,3-11-1998,4-8-1998,3-19-1998,2.17,B's Beverages,Fauntleroy Circus,London,,EC2 5NT,UK,4 - 450 g glasses,95,0,0,0,BSBEV,B's Beverages,Victoria Ashworth,Sales Representative,Fauntleroy Circus,London,,EC2 5NT,UK,(171) 555-1212,4,Margaret Peacock,Sales Representative,5-3-1993,Redmond,USA,2,United Package,(503) 555-3199,21,Lyngbysild,Niels Petersen,Denmark
10944,11,Queso Cabrales,Dairy Products,Cheeses,21,21,5,0.25,78.75,3-12-1998,3-26-1998,3-13-1998,52.92,Bottom-Dollar Markets,23 Tsawassen Blvd.,Tsawassen,BC,T2F 8M4,Canada,1 kg pkg.,22,30,30,0,BOTTM,Bottom-Dollar Markets,Elizabeth Lincoln,Accounting Manager,23 Tsawassen Blvd.,Tsawassen,BC,T2F 8M4,Canada,(604) 555-4729,6,Michael Suyama,Sales Representative,10-17-1993,London,UK,3,Federal Shipping,(503) 555-9931,5,Cooperativa de Quesos 'Las Cabras',Antonio del Valle Saavedra,Spain
10944,44,Gula Malacca,Condiments,"Sweet and savory sauces, relishes, spreads, and seasonings",19.45,19.45,18,0.25,262.57,3-12-1998,3-26-1998,3-13-1998,52.92,Bottom-Dollar Markets,23 Tsawassen Blvd.,Tsawassen,BC,T2F 8M4,Canada,20 - 2 kg bags,27,0,15,0,BOTTM,Bottom-Dollar Markets,Elizabeth Lincoln,Accounting Manager,23 Tsawassen Blvd.,Tsawassen,BC,T2F 8M4,Canada,(604) 555-4729,6,Michael Suyama,Sales Representative,10-17-1993,London,UK,3,Federal Shipping,(503) 555-9931,20,Leka Trading,Chandra Leka,Singapore
10944,56,Gnocchi di nonna Alice,Grains/Cereals,"Breads, crackers, pasta, and cereal",38,38,18,0,684.0,3-12-1998,3-26-1998,3-13-1998,52.92,Bottom-Dollar Markets,23 Tsawassen Blvd.,Tsawassen,BC,T2F 8M4,Canada,24 - 250 g pkgs.,21,10,30,0,BOTTM,Bottom-Dollar Markets,Elizabeth Lincoln,Accounting Manager,23 Tsawassen Blvd.,Tsawassen,BC,T2F 8M4,Canada,(604) 555-4729,6,Michael Suyama,Sales Representative,10-17-1993,London,UK,3,Federal Shipping,(503) 555-9931,26,Pasta Buttini s.r.l.,Giovanni Giudici,Italy
10945,13,Konbu,Seafood,Seaweed and fish,6,6,20,0,120.0,3-12-1998,4-9-1998,3-18-1998,10.22,Morgenstern Gesundkost,Heerstr. 22,Leipzig,,04179,Germany,2 kg box,24,0,5,0,MORGK,Morgenstern Gesundkost,Alexander Feuer,Marketing Assistant,Heerstr. 22,Leipzig,,04179,Germany,0342-023176,4,Margaret Peacock,Sales Representative,5-3-1993,Redmond,USA,1,Speedy Express,(503) 555-9831,6,Mayumi's,Mayumi Ohno,Japan
10945,31,Gorgonzola Telino,Dairy Products,Cheeses,12.5,12.5,10,0,125.0,3-12-1998,4-9-1998,3-18-1998,10.22,Morgenstern Gesundkost,Heerstr. 22,Leipzig,,04179,Germany,12 - 100 g pkgs,0,70,20,0,MORGK,Morgenstern Gesundkost,Alexander Feuer,Marketing Assistant,Heerstr. 22,Leipzig,,04179,Germany,0342-023176,4,Margaret Peacock,Sales Representative,5-3-1993,Redmond,USA,1,Speedy Express,(503) 555-9831,14,Formaggi Fortini s.r.l.,Elio Rossi,Italy
10946,10,Ikura,Seafood,Seaweed and fish,31,31,25,0,775.0,3-12-1998,4-9-1998,3-19-1998,27.2,Vaffeljernet,Smagsloget 45,rhus,,8200,Denmark,12 - 200 ml jars,31,0,0,0,VAFFE,Vaffeljernet,Palle Ibsen,Sales Manager,Smagsloget 45,rhus,,8200,Denmark,86 21 32 43,1,Nancy Davolio,Sales Representative,5-1-1992,Seattle,USA,2,United Package,(503) 555-3199,4,Tokyo Traders,Yoshi Nagase,Japan
10946,24,Guaran  Fant stica,Beverages,"Soft drinks, coffees, teas, beers, and ales",4.5,4.5,25,0,112.5,3-12-1998,4-9-1998,3-19-1998,27.2,Vaffeljernet,Smagsloget 45,rhus,,8200,Denmark,12 - 355 ml cans,20,0,0,1,VAFFE,Vaffeljernet,Palle Ibsen,Sales Manager,Smagsloget 45,rhus,,8200,Denmark,86 21 32 43,1,Nancy Davolio,Sales Representative,5-1-1992,Seattle,USA,2,United Package,(503) 555-3199,10,Refrescos Americanas LTDA,Carlos Diaz,Brazil
10946,77,Original Frankfurter gr ne So e,Condiments,"Sweet and savory sauces, relishes, spreads, and seasonings",13,13,40,0,520.0,3-12-1998,4-9-1998,3-19-1998,27.2,Vaffeljernet,Smagsloget 45,rhus,,8200,Denmark,12 boxes,32,0,15,0,VAFFE,Vaffeljernet,Palle Ibsen,Sales Manager,Smagsloget 45,rhus,,8200,Denmark,86 21 32 43,1,Nancy Davolio,Sales Representative,5-1-1992,Seattle,USA,2,United Package,(503) 555-3199,12,Plutzer Lebensmittelgro m rkte AG,Martin Bein,Germany
10947,59,Raclette Courdavault,Dairy Products,Cheeses,55,55,4,0,220.0,3-13-1998,4-10-1998,3-16-1998,3.26,B's Beverages,Fauntleroy Circus,London,,EC2 5NT,UK,5 kg pkg.,79,0,0,0,BSBEV,B's Beverages,Victoria Ashworth,Sales Representative,Fauntleroy Circus,London,,EC2 5NT,UK,(171) 555-1212,3,Janet Leverling,Sales Representative,4-1-1992,Kirkland,USA,2,United Package,(503) 555-3199,28,Gai p turage,Eliane Noz,France
10948,50,Valkoinen suklaa,Confections,"Desserts, candies, and sweet breads",16.25,16.25,9,0,146.25,3-13-1998,4-10-1998,3-19-1998,23.39,Godos Cocina T pica,"C/ Romero, 33",Sevilla,,41101,Spain,12 - 100 g bars,65,0,30,0,GODOS,Godos Cocina T pica,Jos  Pedro Freyre,Sales Manager,"C/ Romero, 33",Sevilla,,41101,Spain,(95) 555 82 82,3,Janet Leverling,Sales Representative,4-1-1992,Kirkland,USA,3,Federal Shipping,(503) 555-9931,23,Karkki Oy,Anne Heikkonen,Finland
10948,51,Manjimup Dried Apples,Produce,Dried fruit and bean curd,53,53,40,0,2120.0,3-13-1998,4-10-1998,3-19-1998,23.39,Godos Cocina T pica,"C/ Romero, 33",Sevilla,,41101,Spain,50 - 300 g pkgs.,20,0,10,0,GODOS,Godos Cocina T pica,Jos  Pedro Freyre,Sales Manager,"C/ Romero, 33",Sevilla,,41101,Spain,(95) 555 82 82,3,Janet Leverling,Sales Representative,4-1-1992,Kirkland,USA,3,Federal Shipping,(503) 555-9931,24,"G'day, Mate",Wendy Mackenzie,Australia
10948,55,P t  chinois,Meat/Poultry,Prepared meats,24,24,4,0,96.0,3-13-1998,4-10-1998,3-19-1998,23.39,Godos Cocina T pica,"C/ Romero, 33",Sevilla,,41101,Spain,24 boxes x 2 pies,115,0,20,0,GODOS,Godos Cocina T pica,Jos  Pedro Freyre,Sales Manager,"C/ Romero, 33",Sevilla,,41101,Spain,(95) 555 82 82,3,Janet Leverling,Sales Representative,4-1-1992,Kirkland,USA,3,Federal Shipping,(503) 555-9931,25,Ma Maison,Jean-Guy Lauzon,Canada
10949,6,Grandma's Boysenberry Spread,Condiments,"Sweet and savory sauces, relishes, spreads, and seasonings",25,25,12,0,300.0,3-13-1998,4-10-1998,3-17-1998,74.44,Bottom-Dollar Markets,23 Tsawassen Blvd.,Tsawassen,BC,T2F 8M4,Canada,12 - 8 oz jars,120,0,25,0,BOTTM,Bottom-Dollar Markets,Elizabeth Lincoln,Accounting Manager,23 Tsawassen Blvd.,Tsawassen,BC,T2F 8M4,Canada,(604) 555-4729,2,Andrew Fuller,"Vice President, Sales",8-14-1992,Tacoma,USA,3,Federal Shipping,(503) 555-9931,3,Grandma Kelly's Homestead,Regina Murphy,USA
10949,10,Ikura,Seafood,Seaweed and fish,31,31,30,0,930.0,3-13-1998,4-10-1998,3-17-1998,74.44,Bottom-Dollar Markets,23 Tsawassen Blvd.,Tsawassen,BC,T2F 8M4,Canada,12 - 200 ml jars,31,0,0,0,BOTTM,Bottom-Dollar Markets,Elizabeth Lincoln,Accounting Manager,23 Tsawassen Blvd.,Tsawassen,BC,T2F 8M4,Canada,(604) 555-4729,2,Andrew Fuller,"Vice President, Sales",8-14-1992,Tacoma,USA,3,Federal Shipping,(503) 555-9931,4,Tokyo Traders,Yoshi Nagase,Japan
10949,17,Alice Mutton,Meat/Poultry,Prepared meats,39,39,6,0,234.0,3-13-1998,4-10-1998,3-17-1998,74.44,Bottom-Dollar Markets,23 Tsawassen Blvd.,Tsawassen,BC,T2F 8M4,Canada,20 - 1 kg tins,0,0,0,1,BOTTM,Bottom-Dollar Markets,Elizabeth Lincoln,Accounting Manager,23 Tsawassen Blvd.,Tsawassen,BC,T2F 8M4,Canada,(604) 555-4729,2,Andrew Fuller,"Vice President, Sales",8-14-1992,Tacoma,USA,3,Federal Shipping,(503) 555-9931,7,"Pavlova, Ltd.",Ian Devling,Australia
10949,62,Tarte au sucre,Confections,"Desserts, candies, and sweet breads",49.3,49.3,60,0,2958.0,3-13-1998,4-10-1998,3-17-1998,74.44,Bottom-Dollar Markets,23 Tsawassen Blvd.,Tsawassen,BC,T2F 8M4,Canada,48 pies,17,0,0,0,BOTTM,Bottom-Dollar Markets,Elizabeth Lincoln,Accounting Manager,23 Tsawassen Blvd.,Tsawassen,BC,T2F 8M4,Canada,(604) 555-4729,2,Andrew Fuller,"Vice President, Sales",8-14-1992,Tacoma,USA,3,Federal Shipping,(503) 555-9931,29,For ts d' rables,Chantal Goulet,Canada
10950,4,Chef Anton's Cajun Seasoning,Condiments,"Sweet and savory sauces, relishes, spreads, and seasonings",22,22,5,0,110.0,3-16-1998,4-13-1998,3-23-1998,2.5,Magazzini Alimentari Riuniti,Via Ludovico il Moro 22,Bergamo,,24100,Italy,48 - 6 oz jars,53,0,0,0,MAGAA,Magazzini Alimentari Riuniti,Giovanni Rovelli,Marketing Manager,Via Ludovico il Moro 22,Bergamo,,24100,Italy,035-640230,1,Nancy Davolio,Sales Representative,5-1-1992,Seattle,USA,2,United Package,(503) 555-3199,2,New Orleans Cajun Delights,Shelley Burke,USA
10951,33,Geitost,Dairy Products,Cheeses,2.5,2.5,15,0.05,35.62,3-16-1998,4-27-1998,4-7-1998,30.85,Richter Supermarkt,Starenweg 5,Gen ve,,1204,Switzerland,500 g,112,0,20,0,RICSU,Richter Supermarkt,Michael Holz,Sales Manager,Grenzacherweg 237,Gen ve,,1203,Switzerland,0897-034214,9,Anne Dodsworth,Sales Representative,11-15-1994,London,UK,2,United Package,(503) 555-3199,15,Norske Meierier,Beate Vileid,Norway
10951,41,Jack's New England Clam Chowder,Seafood,Seaweed and fish,9.65,9.65,6,0.05,55.01,3-16-1998,4-27-1998,4-7-1998,30.85,Richter Supermarkt,Starenweg 5,Gen ve,,1204,Switzerland,12 - 12 oz cans,85,0,10,0,RICSU,Richter Supermarkt,Michael Holz,Sales Manager,Grenzacherweg 237,Gen ve,,1203,Switzerland,0897-034214,9,Anne Dodsworth,Sales Representative,11-15-1994,London,UK,2,United Package,(503) 555-3199,19,New England Seafood Cannery,Robb Merchant,USA
10951,75,Rh nbr u Klosterbier,Beverages,"Soft drinks, coffees, teas, beers, and ales",7.75,7.75,50,0.05,368.12,3-16-1998,4-27-1998,4-7-1998,30.85,Richter Supermarkt,Starenweg 5,Gen ve,,1204,Switzerland,24 - 0.5 l bottles,125,0,25,0,RICSU,Richter Supermarkt,Michael Holz,Sales Manager,Grenzacherweg 237,Gen ve,,1203,Switzerland,0897-034214,9,Anne Dodsworth,Sales Representative,11-15-1994,London,UK,2,United Package,(503) 555-3199,12,Plutzer Lebensmittelgro m rkte AG,Martin Bein,Germany
10952,6,Grandma's Boysenberry Spread,Condiments,"Sweet and savory sauces, relishes, spreads, and seasonings",25,25,16,0.05,380.0,3-16-1998,4-27-1998,3-24-1998,40.42,Alfred's Futterkiste,Obere Str. 57,Berlin,,12209,Germany,12 - 8 oz jars,120,0,25,0,ALFKI,Alfreds Futterkiste,Maria Anders,Sales Representative,Obere Str. 57,Berlin,,12209,Germany,030-0074321,1,Nancy Davolio,Sales Representative,5-1-1992,Seattle,USA,1,Speedy Express,(503) 555-9831,3,Grandma Kelly's Homestead,Regina Murphy,USA
10952,28,R ssle Sauerkraut,Produce,Dried fruit and bean curd,45.6,45.6,2,0,91.2,3-16-1998,4-27-1998,3-24-1998,40.42,Alfred's Futterkiste,Obere Str. 57,Berlin,,12209,Germany,25 - 825 g cans,26,0,0,1,ALFKI,Alfreds Futterkiste,Maria Anders,Sales Representative,Obere Str. 57,Berlin,,12209,Germany,030-0074321,1,Nancy Davolio,Sales Representative,5-1-1992,Seattle,USA,1,Speedy Express,(503) 555-9831,12,Plutzer Lebensmittelgro m rkte AG,Martin Bein,Germany
10953,20,Sir Rodney's Marmalade,Confections,"Desserts, candies, and sweet breads",81,81,50,0.05,3847.5,3-16-1998,3-30-1998,3-25-1998,23.72,Around the Horn,Brook Farm Stratford St. Mary,Colchester,Essex,CO7 6JX,UK,30 gift boxes,40,0,0,0,AROUT,Around the Horn,Thomas Hardy,Sales Representative,120 Hanover Sq.,London,,WA1 1DP,UK,(171) 555-7788,9,Anne Dodsworth,Sales Representative,11-15-1994,London,UK,2,United Package,(503) 555-3199,8,"Specialty Biscuits, Ltd.",Peter Wilson,UK
10953,31,Gorgonzola Telino,Dairy Products,Cheeses,12.5,12.5,50,0.05,593.75,3-16-1998,3-30-1998,3-25-1998,23.72,Around the Horn,Brook Farm Stratford St. Mary,Colchester,Essex,CO7 6JX,UK,12 - 100 g pkgs,0,70,20,0,AROUT,Around the Horn,Thomas Hardy,Sales Representative,120 Hanover Sq.,London,,WA1 1DP,UK,(171) 555-7788,9,Anne Dodsworth,Sales Representative,11-15-1994,London,UK,2,United Package,(503) 555-3199,14,Formaggi Fortini s.r.l.,Elio Rossi,Italy
10954,16,Pavlova,Confections,"Desserts, candies, and sweet breads",17.45,17.45,28,0.15,415.31,3-17-1998,4-28-1998,3-20-1998,27.91,LINO-Delicateses,Ave. 5 de Mayo Porlamar,I. de Margarita,Nueva Esparta,4980,Venezuela,32 - 500 g boxes,29,0,10,0,LINOD,LINO-Delicateses,Felipe Izquierdo,Owner,Ave. 5 de Mayo Porlamar,I. de Margarita,Nueva Esparta,4980,Venezuela,(8) 34-56-12,5,Steven Buchanan,Sales Manager,10-17-1993,London,UK,1,Speedy Express,(503) 555-9831,7,"Pavlova, Ltd.",Ian Devling,Australia
10954,31,Gorgonzola Telino,Dairy Products,Cheeses,12.5,12.5,25,0.15,265.62,3-17-1998,4-28-1998,3-20-1998,27.91,LINO-Delicateses,Ave. 5 de Mayo Porlamar,I. de Margarita,Nueva Esparta,4980,Venezuela,12 - 100 g pkgs,0,70,20,0,LINOD,LINO-Delicateses,Felipe Izquierdo,Owner,Ave. 5 de Mayo Porlamar,I. de Margarita,Nueva Esparta,4980,Venezuela,(8) 34-56-12,5,Steven Buchanan,Sales Manager,10-17-1993,London,UK,1,Speedy Express,(503) 555-9831,14,Formaggi Fortini s.r.l.,Elio Rossi,Italy
10954,45,Rogede sild,Seafood,Seaweed and fish,9.5,9.5,30,0,285.0,3-17-1998,4-28-1998,3-20-1998,27.91,LINO-Delicateses,Ave. 5 de Mayo Porlamar,I. de Margarita,Nueva Esparta,4980,Venezuela,1k pkg.,5,70,15,0,LINOD,LINO-Delicateses,Felipe Izquierdo,Owner,Ave. 5 de Mayo Porlamar,I. de Margarita,Nueva Esparta,4980,Venezuela,(8) 34-56-12,5,Steven Buchanan,Sales Manager,10-17-1993,London,UK,1,Speedy Express,(503) 555-9831,21,Lyngbysild,Niels Petersen,Denmark
10954,60,Camembert Pierrot,Dairy Products,Cheeses,34,34,24,0.15,693.6,3-17-1998,4-28-1998,3-20-1998,27.91,LINO-Delicateses,Ave. 5 de Mayo Porlamar,I. de Margarita,Nueva Esparta,4980,Venezuela,15 - 300 g rounds,19,0,0,0,LINOD,LINO-Delicateses,Felipe Izquierdo,Owner,Ave. 5 de Mayo Porlamar,I. de Margarita,Nueva Esparta,4980,Venezuela,(8) 34-56-12,5,Steven Buchanan,Sales Manager,10-17-1993,London,UK,1,Speedy Express,(503) 555-9831,28,Gai p turage,Eliane Noz,France
10955,75,Rh nbr u Klosterbier,Beverages,"Soft drinks, coffees, teas, beers, and ales",7.75,7.75,12,0.2,74.4,3-17-1998,4-14-1998,3-20-1998,3.26,Folk och f  HB,kergatan 24,Br cke,,S-844 67,Sweden,24 - 0.5 l bottles,125,0,25,0,FOLKO,Folk och f  HB,Maria Larsson,Owner,kergatan 24,Br cke,,S-844 67,Sweden,0695-34 67 21,8,Laura Callahan,Inside Sales Coordinator,3-5-1994,Seattle,USA,2,United Package,(503) 555-3199,12,Plutzer Lebensmittelgro m rkte AG,Martin Bein,Germany
10956,21,Sir Rodney's Scones,Confections,"Desserts, candies, and sweet breads",10,10,12,0,120.0,3-17-1998,4-28-1998,3-20-1998,44.65,Blauer See Delikatessen,Forsterstr. 57,Mannheim,,68306,Germany,24 pkgs. x 4 pieces,3,40,5,0,BLAUS,Blauer See Delikatessen,Hanna Moos,Sales Representative,Forsterstr. 57,Mannheim,,68306,Germany,0621-08460,6,Michael Suyama,Sales Representative,10-17-1993,London,UK,2,United Package,(503) 555-3199,8,"Specialty Biscuits, Ltd.",Peter Wilson,UK
10956,47,Zaanse koeken,Confections,"Desserts, candies, and sweet breads",9.5,9.5,14,0,133.0,3-17-1998,4-28-1998,3-20-1998,44.65,Blauer See Delikatessen,Forsterstr. 57,Mannheim,,68306,Germany,10 - 4 oz boxes,36,0,0,0,BLAUS,Blauer See Delikatessen,Hanna Moos,Sales Representative,Forsterstr. 57,Mannheim,,68306,Germany,0621-08460,6,Michael Suyama,Sales Representative,10-17-1993,London,UK,2,United Package,(503) 555-3199,22,Zaanse Snoepfabriek,Dirk Luchte,Netherlands
10956,51,Manjimup Dried Apples,Produce,Dried fruit and bean curd,53,53,8,0,424.0,3-17-1998,4-28-1998,3-20-1998,44.65,Blauer See Delikatessen,Forsterstr. 57,Mannheim,,68306,Germany,50 - 300 g pkgs.,20,0,10,0,BLAUS,Blauer See Delikatessen,Hanna Moos,Sales Representative,Forsterstr. 57,Mannheim,,68306,Germany,0621-08460,6,Michael Suyama,Sales Representative,10-17-1993,London,UK,2,United Package,(503) 555-3199,24,"G'day, Mate",Wendy Mackenzie,Australia
10957,30,Nord-Ost Matjeshering,Seafood,Seaweed and fish,25.89,25.89,30,0,776.7,3-18-1998,4-15-1998,3-27-1998,105.36,HILARION-Abastos,Carrera 22 con Ave. Carlos Soublette #8-35,San Crist bal,T chira,5022,Venezuela,10 - 200 g glasses,10,0,15,0,HILAA,HILARION-Abastos,Carlos Hern ndez,Sales Representative,Carrera 22 con Ave. Carlos Soublette #8-35,San Crist bal,T chira,5022,Venezuela,(5) 555-1340,8,Laura Callahan,Inside Sales Coordinator,3-5-1994,Seattle,USA,3,Federal Shipping,(503) 555-9931,13,Nord-Ost-Fisch Handelsgesellschaft mbH,Sven Petersen,Germany
10957,35,Steeleye Stout,Beverages,"Soft drinks, coffees, teas, beers, and ales",18,18,40,0,720.0,3-18-1998,4-15-1998,3-27-1998,105.36,HILARION-Abastos,Carrera 22 con Ave. Carlos Soublette #8-35,San Crist bal,T chira,5022,Venezuela,24 - 12 oz bottles,20,0,15,0,HILAA,HILARION-Abastos,Carlos Hern ndez,Sales Representative,Carrera 22 con Ave. Carlos Soublette #8-35,San Crist bal,T chira,5022,Venezuela,(5) 555-1340,8,Laura Callahan,Inside Sales Coordinator,3-5-1994,Seattle,USA,3,Federal Shipping,(503) 555-9931,16,Bigfoot Breweries,Cheryl Saylor,USA
10957,64,Wimmers gute Semmelkn del,Grains/Cereals,"Breads, crackers, pasta, and cereal",33.25,33.25,8,0,266.0,3-18-1998,4-15-1998,3-27-1998,105.36,HILARION-Abastos,Carrera 22 con Ave. Carlos Soublette #8-35,San Crist bal,T chira,5022,Venezuela,20 bags x 4 pieces,22,80,30,0,HILAA,HILARION-Abastos,Carlos Hern ndez,Sales Representative,Carrera 22 con Ave. Carlos Soublette #8-35,San Crist bal,T chira,5022,Venezuela,(5) 555-1340,8,Laura Callahan,Inside Sales Coordinator,3-5-1994,Seattle,USA,3,Federal Shipping,(503) 555-9931,12,Plutzer Lebensmittelgro m rkte AG,Martin Bein,Germany
10958,5,Chef Anton's Gumbo Mix,Condiments,"Sweet and savory sauces, relishes, spreads, and seasonings",21.35,21.35,20,0,427.0,3-18-1998,4-15-1998,3-27-1998,49.56,Oc ano Atl ntico Ltda.,Ing. Gustavo Moncada 8585 Piso 20-A,Buenos Aires,,1010,Argentina,36 boxes,0,0,0,1,OCEAN,Oc ano Atl ntico Ltda.,Yvonne Moncada,Sales Agent,Ing. Gustavo Moncada 8585 Piso 20-A,Buenos Aires,,1010,Argentina,(1) 135-5333,7,Robert King,Sales Representative,1-2-1994,London,UK,2,United Package,(503) 555-3199,2,New Orleans Cajun Delights,Shelley Burke,USA
10958,7,Uncle Bob's Organic Dried Pears,Produce,Dried fruit and bean curd,30,30,6,0,180.0,3-18-1998,4-15-1998,3-27-1998,49.56,Oc ano Atl ntico Ltda.,Ing. Gustavo Moncada 8585 Piso 20-A,Buenos Aires,,1010,Argentina,12 - 1 lb pkgs.,15,0,10,0,OCEAN,Oc ano Atl ntico Ltda.,Yvonne Moncada,Sales Agent,Ing. Gustavo Moncada 8585 Piso 20-A,Buenos Aires,,1010,Argentina,(1) 135-5333,7,Robert King,Sales Representative,1-2-1994,London,UK,2,United Package,(503) 555-3199,3,Grandma Kelly's Homestead,Regina Murphy,USA
10958,72,Mozzarella di Giovanni,Dairy Products,Cheeses,34.8,34.8,5,0,174.0,3-18-1998,4-15-1998,3-27-1998,49.56,Oc ano Atl ntico Ltda.,Ing. Gustavo Moncada 8585 Piso 20-A,Buenos Aires,,1010,Argentina,24 - 200 g pkgs.,14,0,0,0,OCEAN,Oc ano Atl ntico Ltda.,Yvonne Moncada,Sales Agent,Ing. Gustavo Moncada 8585 Piso 20-A,Buenos Aires,,1010,Argentina,(1) 135-5333,7,Robert King,Sales Representative,1-2-1994,London,UK,2,United Package,(503) 555-3199,14,Formaggi Fortini s.r.l.,Elio Rossi,Italy
10959,75,Rh nbr u Klosterbier,Beverages,"Soft drinks, coffees, teas, beers, and ales",7.75,7.75,20,0.15,131.75,3-18-1998,4-29-1998,3-23-1998,4.98,Gourmet Lanchonetes,"Av. Brasil, 442",Campinas,SP,04876-786,Brazil,24 - 0.5 l bottles,125,0,25,0,GOURL,Gourmet Lanchonetes,Andr  Fonseca,Sales Associate,"Av. Brasil, 442",Campinas,SP,04876-786,Brazil,(11) 555-9482,6,Michael Suyama,Sales Representative,10-17-1993,London,UK,2,United Package,(503) 555-3199,12,Plutzer Lebensmittelgro m rkte AG,Martin Bein,Germany
10960,24,Guaran  Fant stica,Beverages,"Soft drinks, coffees, teas, beers, and ales",4.5,4.5,10,0.25,33.75,3-19-1998,4-2-1998,4-8-1998,2.08,HILARION-Abastos,Carrera 22 con Ave. Carlos Soublette #8-35,San Crist bal,T chira,5022,Venezuela,12 - 355 ml cans,20,0,0,1,HILAA,HILARION-Abastos,Carlos Hern ndez,Sales Representative,Carrera 22 con Ave. Carlos Soublette #8-35,San Crist bal,T chira,5022,Venezuela,(5) 555-1340,3,Janet Leverling,Sales Representative,4-1-1992,Kirkland,USA,1,Speedy Express,(503) 555-9831,10,Refrescos Americanas LTDA,Carlos Diaz,Brazil
10960,41,Jack's New England Clam Chowder,Seafood,Seaweed and fish,9.65,9.65,24,0,231.6,3-19-1998,4-2-1998,4-8-1998,2.08,HILARION-Abastos,Carrera 22 con Ave. Carlos Soublette #8-35,San Crist bal,T chira,5022,Venezuela,12 - 12 oz cans,85,0,10,0,HILAA,HILARION-Abastos,Carlos Hern ndez,Sales Representative,Carrera 22 con Ave. Carlos Soublette #8-35,San Crist bal,T chira,5022,Venezuela,(5) 555-1340,3,Janet Leverling,Sales Representative,4-1-1992,Kirkland,USA,1,Speedy Express,(503) 555-9831,19,New England Seafood Cannery,Robb Merchant,USA
10961,52,Filo Mix,Grains/Cereals,"Breads, crackers, pasta, and cereal",7,7,6,0.05,39.9,3-19-1998,4-16-1998,3-30-1998,104.47,Queen Cozinha,"Alameda dos Can rios, 891",Sao Paulo,SP,05487-020,Brazil,16 - 2 kg boxes,38,0,25,0,QUEEN,Queen Cozinha,L cia Carvalho,Marketing Assistant,"Alameda dos Can rios, 891",Sao Paulo,SP,05487-020,Brazil,(11) 555-1189,8,Laura Callahan,Inside Sales Coordinator,3-5-1994,Seattle,USA,1,Speedy Express,(503) 555-9831,24,"G'day, Mate",Wendy Mackenzie,Australia
10961,76,Lakkalik  ri,Beverages,"Soft drinks, coffees, teas, beers, and ales",18,18,60,0,1080.0,3-19-1998,4-16-1998,3-30-1998,104.47,Queen Cozinha,"Alameda dos Can rios, 891",Sao Paulo,SP,05487-020,Brazil,500 ml,57,0,20,0,QUEEN,Queen Cozinha,L cia Carvalho,Marketing Assistant,"Alameda dos Can rios, 891",Sao Paulo,SP,05487-020,Brazil,(11) 555-1189,8,Laura Callahan,Inside Sales Coordinator,3-5-1994,Seattle,USA,1,Speedy Express,(503) 555-9831,23,Karkki Oy,Anne Heikkonen,Finland
10962,7,Uncle Bob's Organic Dried Pears,Produce,Dried fruit and bean curd,30,30,45,0,1350.0,3-19-1998,4-16-1998,3-23-1998,275.79,QUICK-Stop,Taucherstra e 10,Cunewalde,,01307,Germany,12 - 1 lb pkgs.,15,0,10,0,QUICK,QUICK-Stop,Horst Kloss,Accounting Manager,Taucherstra e 10,Cunewalde,,01307,Germany,0372-035188,8,Laura Callahan,Inside Sales Coordinator,3-5-1994,Seattle,USA,2,United Package,(503) 555-3199,3,Grandma Kelly's Homestead,Regina Murphy,USA
10962,13,Konbu,Seafood,Seaweed and fish,6,6,77,0,462.0,3-19-1998,4-16-1998,3-23-1998,275.79,QUICK-Stop,Taucherstra e 10,Cunewalde,,01307,Germany,2 kg box,24,0,5,0,QUICK,QUICK-Stop,Horst Kloss,Accounting Manager,Taucherstra e 10,Cunewalde,,01307,Germany,0372-035188,8,Laura Callahan,Inside Sales Coordinator,3-5-1994,Seattle,USA,2,United Package,(503) 555-3199,6,Mayumi's,Mayumi Ohno,Japan
10962,53,Perth Pasties,Meat/Poultry,Prepared meats,32.8,32.8,20,0,656.0,3-19-1998,4-16-1998,3-23-1998,275.79,QUICK-Stop,Taucherstra e 10,Cunewalde,,01307,Germany,48 pieces,0,0,0,1,QUICK,QUICK-Stop,Horst Kloss,Accounting Manager,Taucherstra e 10,Cunewalde,,01307,Germany,0372-035188,8,Laura Callahan,Inside Sales Coordinator,3-5-1994,Seattle,USA,2,United Package,(503) 555-3199,24,"G'day, Mate",Wendy Mackenzie,Australia
10962,69,Gudbrandsdalsost,Dairy Products,Cheeses,36,36,9,0,324.0,3-19-1998,4-16-1998,3-23-1998,275.79,QUICK-Stop,Taucherstra e 10,Cunewalde,,01307,Germany,10 kg pkg.,26,0,15,0,QUICK,QUICK-Stop,Horst Kloss,Accounting Manager,Taucherstra e 10,Cunewalde,,01307,Germany,0372-035188,8,Laura Callahan,Inside Sales Coordinator,3-5-1994,Seattle,USA,2,United Package,(503) 555-3199,15,Norske Meierier,Beate Vileid,Norway
10962,76,Lakkalik  ri,Beverages,"Soft drinks, coffees, teas, beers, and ales",18,18,44,0,792.0,3-19-1998,4-16-1998,3-23-1998,275.79,QUICK-Stop,Taucherstra e 10,Cunewalde,,01307,Germany,500 ml,57,0,20,0,QUICK,QUICK-Stop,Horst Kloss,Accounting Manager,Taucherstra e 10,Cunewalde,,01307,Germany,0372-035188,8,Laura Callahan,Inside Sales Coordinator,3-5-1994,Seattle,USA,2,United Package,(503) 555-3199,23,Karkki Oy,Anne Heikkonen,Finland
10963,60,Camembert Pierrot,Dairy Products,Cheeses,34,34,2,0.15,57.8,3-19-1998,4-16-1998,3-26-1998,2.7,Furia Bacalhau e Frutos do Mar,Jardim das rosas n. 32,Lisboa,,1675,Portugal,15 - 300 g rounds,19,0,0,0,FURIB,Furia Bacalhau e Frutos do Mar,Lino Rodriguez,Sales Manager,Jardim das rosas n. 32,Lisboa,,1675,Portugal,(1) 354-2534,9,Anne Dodsworth,Sales Representative,11-15-1994,London,UK,3,Federal Shipping,(503) 555-9931,28,Gai p turage,Eliane Noz,France
10964,18,Carnarvon Tigers,Seafood,Seaweed and fish,62.5,62.5,6,0,375.0,3-20-1998,4-17-1998,3-24-1998,87.38,Sp cialit s du monde,"25, rue Lauriston",Paris,,75016,France,16 kg pkg.,42,0,0,0,SPECD,Sp cialit s du monde,Dominique Perrier,Marketing Manager,"25, rue Lauriston",Paris,,75016,France,(1) 47.55.60.10,3,Janet Leverling,Sales Representative,4-1-1992,Kirkland,USA,2,United Package,(503) 555-3199,7,"Pavlova, Ltd.",Ian Devling,Australia
10964,38,C te de Blaye,Beverages,"Soft drinks, coffees, teas, beers, and ales",263.5,263.5,5,0,1317.5,3-20-1998,4-17-1998,3-24-1998,87.38,Sp cialit s du monde,"25, rue Lauriston",Paris,,75016,France,12 - 75 cl bottles,17,0,15,0,SPECD,Sp cialit s du monde,Dominique Perrier,Marketing Manager,"25, rue Lauriston",Paris,,75016,France,(1) 47.55.60.10,3,Janet Leverling,Sales Representative,4-1-1992,Kirkland,USA,2,United Package,(503) 555-3199,18,Aux joyeux eccl siastiques,Guyl ne Nodier,France
10964,69,Gudbrandsdalsost,Dairy Products,Cheeses,36,36,10,0,360.0,3-20-1998,4-17-1998,3-24-1998,87.38,Sp cialit s du monde,"25, rue Lauriston",Paris,,75016,France,10 kg pkg.,26,0,15,0,SPECD,Sp cialit s du monde,Dominique Perrier,Marketing Manager,"25, rue Lauriston",Paris,,75016,France,(1) 47.55.60.10,3,Janet Leverling,Sales Representative,4-1-1992,Kirkland,USA,2,United Package,(503) 555-3199,15,Norske Meierier,Beate Vileid,Norway
10965,51,Manjimup Dried Apples,Produce,Dried fruit and bean curd,53,53,16,0,848.0,3-20-1998,4-17-1998,3-30-1998,144.38,Old World Delicatessen,2743 Bering St.,Anchorage,AK,99508,USA,50 - 300 g pkgs.,20,0,10,0,OLDWO,Old World Delicatessen,Rene Phillips,Sales Representative,2743 Bering St.,Anchorage,AK,99508,USA,(907) 555-7584,6,Michael Suyama,Sales Representative,10-17-1993,London,UK,3,Federal Shipping,(503) 555-9931,24,"G'day, Mate",Wendy Mackenzie,Australia
10966,37,Gravad lax,Seafood,Seaweed and fish,26,26,8,0,208.0,3-20-1998,4-17-1998,4-8-1998,27.19,Chop-suey Chinese,Hauptstr. 31,Bern,,3012,Switzerland,12 - 500 g pkgs.,11,50,25,0,CHOPS,Chop-suey Chinese,Yang Wang,Owner,Hauptstr. 29,Bern,,3012,Switzerland,0452-076545,4,Margaret Peacock,Sales Representative,5-3-1993,Redmond,USA,1,Speedy Express,(503) 555-9831,17,Svensk Sj f da AB,Michael Bj rn,Sweden
10966,56,Gnocchi di nonna Alice,Grains/Cereals,"Breads, crackers, pasta, and cereal",38,38,12,0.15,387.6,3-20-1998,4-17-1998,4-8-1998,27.19,Chop-suey Chinese,Hauptstr. 31,Bern,,3012,Switzerland,24 - 250 g pkgs.,21,10,30,0,CHOPS,Chop-suey Chinese,Yang Wang,Owner,Hauptstr. 29,Bern,,3012,Switzerland,0452-076545,4,Margaret Peacock,Sales Representative,5-3-1993,Redmond,USA,1,Speedy Express,(503) 555-9831,26,Pasta Buttini s.r.l.,Giovanni Giudici,Italy
10966,62,Tarte au sucre,Confections,"Desserts, candies, and sweet breads",49.3,49.3,12,0.15,502.86,3-20-1998,4-17-1998,4-8-1998,27.19,Chop-suey Chinese,Hauptstr. 31,Bern,,3012,Switzerland,48 pies,17,0,0,0,CHOPS,Chop-suey Chinese,Yang Wang,Owner,Hauptstr. 29,Bern,,3012,Switzerland,0452-076545,4,Margaret Peacock,Sales Representative,5-3-1993,Redmond,USA,1,Speedy Express,(503) 555-9831,29,For ts d' rables,Chantal Goulet,Canada
10967,19,Teatime Chocolate Biscuits,Confections,"Desserts, candies, and sweet breads",9.2,9.2,12,0,110.4,3-23-1998,4-20-1998,4-2-1998,62.22,Toms Spezialit ten,Luisenstr. 48,M nster,,44087,Germany,10 boxes x 12 pieces,25,0,5,0,TOMSP,Toms Spezialit ten,Karin Josephs,Marketing Manager,Luisenstr. 48,M nster,,44087,Germany,0251-031259,2,Andrew Fuller,"Vice President, Sales",8-14-1992,Tacoma,USA,2,United Package,(503) 555-3199,8,"Specialty Biscuits, Ltd.",Peter Wilson,UK
10967,49,Maxilaku,Confections,"Desserts, candies, and sweet breads",20,20,40,0,800.0,3-23-1998,4-20-1998,4-2-1998,62.22,Toms Spezialit ten,Luisenstr. 48,M nster,,44087,Germany,24 - 50 g pkgs.,10,60,15,0,TOMSP,Toms Spezialit ten,Karin Josephs,Marketing Manager,Luisenstr. 48,M nster,,44087,Germany,0251-031259,2,Andrew Fuller,"Vice President, Sales",8-14-1992,Tacoma,USA,2,United Package,(503) 555-3199,23,Karkki Oy,Anne Heikkonen,Finland
10968,12,Queso Manchego La Pastora,Dairy Products,Cheeses,38,38,30,0,1140.0,3-23-1998,4-20-1998,4-1-1998,74.6,Ernst Handel,Kirchgasse 6,Graz,,8010,Austria,10 - 500 g pkgs.,86,0,0,0,ERNSH,Ernst Handel,Roland Mendel,Sales Manager,Kirchgasse 6,Graz,,8010,Austria,7675-3425,1,Nancy Davolio,Sales Representative,5-1-1992,Seattle,USA,3,Federal Shipping,(503) 555-9931,5,Cooperativa de Quesos 'Las Cabras',Antonio del Valle Saavedra,Spain
10968,24,Guaran  Fant stica,Beverages,"Soft drinks, coffees, teas, beers, and ales",4.5,4.5,30,0,135.0,3-23-1998,4-20-1998,4-1-1998,74.6,Ernst Handel,Kirchgasse 6,Graz,,8010,Austria,12 - 355 ml cans,20,0,0,1,ERNSH,Ernst Handel,Roland Mendel,Sales Manager,Kirchgasse 6,Graz,,8010,Austria,7675-3425,1,Nancy Davolio,Sales Representative,5-1-1992,Seattle,USA,3,Federal Shipping,(503) 555-9931,10,Refrescos Americanas LTDA,Carlos Diaz,Brazil
10968,64,Wimmers gute Semmelkn del,Grains/Cereals,"Breads, crackers, pasta, and cereal",33.25,33.25,4,0,133.0,3-23-1998,4-20-1998,4-1-1998,74.6,Ernst Handel,Kirchgasse 6,Graz,,8010,Austria,20 bags x 4 pieces,22,80,30,0,ERNSH,Ernst Handel,Roland Mendel,Sales Manager,Kirchgasse 6,Graz,,8010,Austria,7675-3425,1,Nancy Davolio,Sales Representative,5-1-1992,Seattle,USA,3,Federal Shipping,(503) 555-9931,12,Plutzer Lebensmittelgro m rkte AG,Martin Bein,Germany
10969,46,Spegesild,Seafood,Seaweed and fish,12,12,9,0,108.0,3-23-1998,4-20-1998,3-30-1998,0.21,Com rcio Mineiro,"Av. dos Lus adas, 23",Sao Paulo,SP,05432-043,Brazil,4 - 450 g glasses,95,0,0,0,COMMI,Com rcio Mineiro,Pedro Afonso,Sales Associate,"Av. dos Lus adas, 23",Sao Paulo,SP,05432-043,Brazil,(11) 555-7647,1,Nancy Davolio,Sales Representative,5-1-1992,Seattle,USA,2,United Package,(503) 555-3199,21,Lyngbysild,Niels Petersen,Denmark
10970,52,Filo Mix,Grains/Cereals,"Breads, crackers, pasta, and cereal",7,7,40,0.2,224.0,3-24-1998,4-7-1998,4-24-1998,16.16,B lido Comidas preparadas,"C/ Araquil, 67",Madrid,,28023,Spain,16 - 2 kg boxes,38,0,25,0,BOLID,B lido Comidas preparadas,Mart n Sommer,Owner,"C/ Araquil, 67",Madrid,,28023,Spain,(91) 555 22 82,9,Anne Dodsworth,Sales Representative,11-15-1994,London,UK,1,Speedy Express,(503) 555-9831,24,"G'day, Mate",Wendy Mackenzie,Australia
10971,29,Th ringer Rostbratwurst,Meat/Poultry,Prepared meats,123.79,123.79,14,0,1733.06,3-24-1998,4-21-1998,4-2-1998,121.82,France restauration,"54, rue Royale",Nantes,,44000,France,50 bags x 30 sausgs.,0,0,0,1,FRANR,France restauration,Carine Schmitt,Marketing Manager,"54, rue Royale",Nantes,,44000,France,40.32.21.21,2,Andrew Fuller,"Vice President, Sales",8-14-1992,Tacoma,USA,2,United Package,(503) 555-3199,12,Plutzer Lebensmittelgro m rkte AG,Martin Bein,Germany
10972,17,Alice Mutton,Meat/Poultry,Prepared meats,39,39,6,0,234.0,3-24-1998,4-21-1998,3-26-1998,0.02,La corne d'abondance,"67, avenue de l'Europe",Versailles,,78000,France,20 - 1 kg tins,0,0,0,1,LACOR,La corne d'abondance,Daniel Tonini,Sales Representative,"67, avenue de l'Europe",Versailles,,78000,France,30.59.84.10,4,Margaret Peacock,Sales Representative,5-3-1993,Redmond,USA,2,United Package,(503) 555-3199,7,"Pavlova, Ltd.",Ian Devling,Australia
10972,33,Geitost,Dairy Products,Cheeses,2.5,2.5,7,0,17.5,3-24-1998,4-21-1998,3-26-1998,0.02,La corne d'abondance,"67, avenue de l'Europe",Versailles,,78000,France,500 g,112,0,20,0,LACOR,La corne d'abondance,Daniel Tonini,Sales Representative,"67, avenue de l'Europe",Versailles,,78000,France,30.59.84.10,4,Margaret Peacock,Sales Representative,5-3-1993,Redmond,USA,2,United Package,(503) 555-3199,15,Norske Meierier,Beate Vileid,Norway
10973,26,Gumb r Gummib rchen,Confections,"Desserts, candies, and sweet breads",31.23,31.23,5,0,156.15,3-24-1998,4-21-1998,3-27-1998,15.17,La corne d'abondance,"67, avenue de l'Europe",Versailles,,78000,France,100 - 250 g bags,15,0,0,0,LACOR,La corne d'abondance,Daniel Tonini,Sales Representative,"67, avenue de l'Europe",Versailles,,78000,France,30.59.84.10,6,Michael Suyama,Sales Representative,10-17-1993,London,UK,2,United Package,(503) 555-3199,11,Heli S  waren GmbH & Co. KG,Petra Winkler,Germany
10973,41,Jack's New England Clam Chowder,Seafood,Seaweed and fish,9.65,9.65,6,0,57.9,3-24-1998,4-21-1998,3-27-1998,15.17,La corne d'abondance,"67, avenue de l'Europe",Versailles,,78000,France,12 - 12 oz cans,85,0,10,0,LACOR,La corne d'abondance,Daniel Tonini,Sales Representative,"67, avenue de l'Europe",Versailles,,78000,France,30.59.84.10,6,Michael Suyama,Sales Representative,10-17-1993,London,UK,2,United Package,(503) 555-3199,19,New England Seafood Cannery,Robb Merchant,USA
10973,75,Rh nbr u Klosterbier,Beverages,"Soft drinks, coffees, teas, beers, and ales",7.75,7.75,10,0,77.5,3-24-1998,4-21-1998,3-27-1998,15.17,La corne d'abondance,"67, avenue de l'Europe",Versailles,,78000,France,24 - 0.5 l bottles,125,0,25,0,LACOR,La corne d'abondance,Daniel Tonini,Sales Representative,"67, avenue de l'Europe",Versailles,,78000,France,30.59.84.10,6,Michael Suyama,Sales Representative,10-17-1993,London,UK,2,United Package,(503) 555-3199,12,Plutzer Lebensmittelgro m rkte AG,Martin Bein,Germany
10974,63,Vegie-spread,Condiments,"Sweet and savory sauces, relishes, spreads, and seasonings",43.9,43.9,10,0,439.0,3-25-1998,4-8-1998,4-3-1998,12.96,Split Rail Beer & Ale,P.O. Box 555,Lander,WY,82520,USA,15 - 625 g jars,24,0,5,0,SPLIR,Split Rail Beer & Ale,Art Braunschweiger,Sales Manager,P.O. Box 555,Lander,WY,82520,USA,(307) 555-4680,3,Janet Leverling,Sales Representative,4-1-1992,Kirkland,USA,3,Federal Shipping,(503) 555-9931,7,"Pavlova, Ltd.",Ian Devling,Australia
10975,8,Northwoods Cranberry Sauce,Condiments,"Sweet and savory sauces, relishes, spreads, and seasonings",40,40,16,0,640.0,3-25-1998,4-22-1998,3-27-1998,32.27,Bottom-Dollar Markets,23 Tsawassen Blvd.,Tsawassen,BC,T2F 8M4,Canada,12 - 12 oz jars,6,0,0,0,BOTTM,Bottom-Dollar Markets,Elizabeth Lincoln,Accounting Manager,23 Tsawassen Blvd.,Tsawassen,BC,T2F 8M4,Canada,(604) 555-4729,1,Nancy Davolio,Sales Representative,5-1-1992,Seattle,USA,3,Federal Shipping,(503) 555-9931,3,Grandma Kelly's Homestead,Regina Murphy,USA
10975,75,Rh nbr u Klosterbier,Beverages,"Soft drinks, coffees, teas, beers, and ales",7.75,7.75,10,0,77.5,3-25-1998,4-22-1998,3-27-1998,32.27,Bottom-Dollar Markets,23 Tsawassen Blvd.,Tsawassen,BC,T2F 8M4,Canada,24 - 0.5 l bottles,125,0,25,0,BOTTM,Bottom-Dollar Markets,Elizabeth Lincoln,Accounting Manager,23 Tsawassen Blvd.,Tsawassen,BC,T2F 8M4,Canada,(604) 555-4729,1,Nancy Davolio,Sales Representative,5-1-1992,Seattle,USA,3,Federal Shipping,(503) 555-9931,12,Plutzer Lebensmittelgro m rkte AG,Martin Bein,Germany
10976,28,R ssle Sauerkraut,Produce,Dried fruit and bean curd,45.6,45.6,20,0,912.0,3-25-1998,5-6-1998,4-3-1998,37.97,HILARION-Abastos,Carrera 22 con Ave. Carlos Soublette #8-35,San Crist bal,T chira,5022,Venezuela,25 - 825 g cans,26,0,0,1,HILAA,HILARION-Abastos,Carlos Hern ndez,Sales Representative,Carrera 22 con Ave. Carlos Soublette #8-35,San Crist bal,T chira,5022,Venezuela,(5) 555-1340,1,Nancy Davolio,Sales Representative,5-1-1992,Seattle,USA,1,Speedy Express,(503) 555-9831,12,Plutzer Lebensmittelgro m rkte AG,Martin Bein,Germany
10977,39,Chartreuse verte,Beverages,"Soft drinks, coffees, teas, beers, and ales",18,18,30,0,540.0,3-26-1998,4-23-1998,4-10-1998,208.5,Folk och f  HB,kergatan 24,Br cke,,S-844 67,Sweden,750 cc per bottle,69,0,5,0,FOLKO,Folk och f  HB,Maria Larsson,Owner,kergatan 24,Br cke,,S-844 67,Sweden,0695-34 67 21,8,Laura Callahan,Inside Sales Coordinator,3-5-1994,Seattle,USA,3,Federal Shipping,(503) 555-9931,18,Aux joyeux eccl siastiques,Guyl ne Nodier,France
10977,47,Zaanse koeken,Confections,"Desserts, candies, and sweet breads",9.5,9.5,30,0,285.0,3-26-1998,4-23-1998,4-10-1998,208.5,Folk och f  HB,kergatan 24,Br cke,,S-844 67,Sweden,10 - 4 oz boxes,36,0,0,0,FOLKO,Folk och f  HB,Maria Larsson,Owner,kergatan 24,Br cke,,S-844 67,Sweden,0695-34 67 21,8,Laura Callahan,Inside Sales Coordinator,3-5-1994,Seattle,USA,3,Federal Shipping,(503) 555-9931,22,Zaanse Snoepfabriek,Dirk Luchte,Netherlands
10977,51,Manjimup Dried Apples,Produce,Dried fruit and bean curd,53,53,10,0,530.0,3-26-1998,4-23-1998,4-10-1998,208.5,Folk och f  HB,kergatan 24,Br cke,,S-844 67,Sweden,50 - 300 g pkgs.,20,0,10,0,FOLKO,Folk och f  HB,Maria Larsson,Owner,kergatan 24,Br cke,,S-844 67,Sweden,0695-34 67 21,8,Laura Callahan,Inside Sales Coordinator,3-5-1994,Seattle,USA,3,Federal Shipping,(503) 555-9931,24,"G'day, Mate",Wendy Mackenzie,Australia
10977,63,Vegie-spread,Condiments,"Sweet and savory sauces, relishes, spreads, and seasonings",43.9,43.9,20,0,878.0,3-26-1998,4-23-1998,4-10-1998,208.5,Folk och f  HB,kergatan 24,Br cke,,S-844 67,Sweden,15 - 625 g jars,24,0,5,0,FOLKO,Folk och f  HB,Maria Larsson,Owner,kergatan 24,Br cke,,S-844 67,Sweden,0695-34 67 21,8,Laura Callahan,Inside Sales Coordinator,3-5-1994,Seattle,USA,3,Federal Shipping,(503) 555-9931,7,"Pavlova, Ltd.",Ian Devling,Australia
10978,8,Northwoods Cranberry Sauce,Condiments,"Sweet and savory sauces, relishes, spreads, and seasonings",40,40,20,0.15,680.0,3-26-1998,4-23-1998,4-23-1998,32.82,Maison Dewey,Rue Joseph-Bens 532,Bruxelles,,B-1180,Belgium,12 - 12 oz jars,6,0,0,0,MAISD,Maison Dewey,Catherine Dewey,Sales Agent,Rue Joseph-Bens 532,Bruxelles,,B-1180,Belgium,(02) 201 24 67,9,Anne Dodsworth,Sales Representative,11-15-1994,London,UK,2,United Package,(503) 555-3199,3,Grandma Kelly's Homestead,Regina Murphy,USA
10978,21,Sir Rodney's Scones,Confections,"Desserts, candies, and sweet breads",10,10,40,0.15,340.0,3-26-1998,4-23-1998,4-23-1998,32.82,Maison Dewey,Rue Joseph-Bens 532,Bruxelles,,B-1180,Belgium,24 pkgs. x 4 pieces,3,40,5,0,MAISD,Maison Dewey,Catherine Dewey,Sales Agent,Rue Joseph-Bens 532,Bruxelles,,B-1180,Belgium,(02) 201 24 67,9,Anne Dodsworth,Sales Representative,11-15-1994,London,UK,2,United Package,(503) 555-3199,8,"Specialty Biscuits, Ltd.",Peter Wilson,UK
10978,40,Boston Crab Meat,Seafood,Seaweed and fish,18.4,18.4,10,0,184.0,3-26-1998,4-23-1998,4-23-1998,32.82,Maison Dewey,Rue Joseph-Bens 532,Bruxelles,,B-1180,Belgium,24 - 4 oz tins,123,0,30,0,MAISD,Maison Dewey,Catherine Dewey,Sales Agent,Rue Joseph-Bens 532,Bruxelles,,B-1180,Belgium,(02) 201 24 67,9,Anne Dodsworth,Sales Representative,11-15-1994,London,UK,2,United Package,(503) 555-3199,19,New England Seafood Cannery,Robb Merchant,USA
10978,44,Gula Malacca,Condiments,"Sweet and savory sauces, relishes, spreads, and seasonings",19.45,19.45,6,0.15,99.19,3-26-1998,4-23-1998,4-23-1998,32.82,Maison Dewey,Rue Joseph-Bens 532,Bruxelles,,B-1180,Belgium,20 - 2 kg bags,27,0,15,0,MAISD,Maison Dewey,Catherine Dewey,Sales Agent,Rue Joseph-Bens 532,Bruxelles,,B-1180,Belgium,(02) 201 24 67,9,Anne Dodsworth,Sales Representative,11-15-1994,London,UK,2,United Package,(503) 555-3199,20,Leka Trading,Chandra Leka,Singapore
10979,7,Uncle Bob's Organic Dried Pears,Produce,Dried fruit and bean curd,30,30,18,0,540.0,3-26-1998,4-23-1998,3-31-1998,353.07,Ernst Handel,Kirchgasse 6,Graz,,8010,Austria,12 - 1 lb pkgs.,15,0,10,0,ERNSH,Ernst Handel,Roland Mendel,Sales Manager,Kirchgasse 6,Graz,,8010,Austria,7675-3425,8,Laura Callahan,Inside Sales Coordinator,3-5-1994,Seattle,USA,2,United Package,(503) 555-3199,3,Grandma Kelly's Homestead,Regina Murphy,USA
10979,12,Queso Manchego La Pastora,Dairy Products,Cheeses,38,38,20,0,760.0,3-26-1998,4-23-1998,3-31-1998,353.07,Ernst Handel,Kirchgasse 6,Graz,,8010,Austria,10 - 500 g pkgs.,86,0,0,0,ERNSH,Ernst Handel,Roland Mendel,Sales Manager,Kirchgasse 6,Graz,,8010,Austria,7675-3425,8,Laura Callahan,Inside Sales Coordinator,3-5-1994,Seattle,USA,2,United Package,(503) 555-3199,5,Cooperativa de Quesos 'Las Cabras',Antonio del Valle Saavedra,Spain
10979,24,Guaran  Fant stica,Beverages,"Soft drinks, coffees, teas, beers, and ales",4.5,4.5,80,0,360.0,3-26-1998,4-23-1998,3-31-1998,353.07,Ernst Handel,Kirchgasse 6,Graz,,8010,Austria,12 - 355 ml cans,20,0,0,1,ERNSH,Ernst Handel,Roland Mendel,Sales Manager,Kirchgasse 6,Graz,,8010,Austria,7675-3425,8,Laura Callahan,Inside Sales Coordinator,3-5-1994,Seattle,USA,2,United Package,(503) 555-3199,10,Refrescos Americanas LTDA,Carlos Diaz,Brazil
10979,27,Schoggi Schokolade,Confections,"Desserts, candies, and sweet breads",43.9,43.9,30,0,1317.0,3-26-1998,4-23-1998,3-31-1998,353.07,Ernst Handel,Kirchgasse 6,Graz,,8010,Austria,100 - 100 g pieces,49,0,30,0,ERNSH,Ernst Handel,Roland Mendel,Sales Manager,Kirchgasse 6,Graz,,8010,Austria,7675-3425,8,Laura Callahan,Inside Sales Coordinator,3-5-1994,Seattle,USA,2,United Package,(503) 555-3199,11,Heli S  waren GmbH & Co. KG,Petra Winkler,Germany
10979,31,Gorgonzola Telino,Dairy Products,Cheeses,12.5,12.5,24,0,300.0,3-26-1998,4-23-1998,3-31-1998,353.07,Ernst Handel,Kirchgasse 6,Graz,,8010,Austria,12 - 100 g pkgs,0,70,20,0,ERNSH,Ernst Handel,Roland Mendel,Sales Manager,Kirchgasse 6,Graz,,8010,Austria,7675-3425,8,Laura Callahan,Inside Sales Coordinator,3-5-1994,Seattle,USA,2,United Package,(503) 555-3199,14,Formaggi Fortini s.r.l.,Elio Rossi,Italy
10979,63,Vegie-spread,Condiments,"Sweet and savory sauces, relishes, spreads, and seasonings",43.9,43.9,35,0,1536.5,3-26-1998,4-23-1998,3-31-1998,353.07,Ernst Handel,Kirchgasse 6,Graz,,8010,Austria,15 - 625 g jars,24,0,5,0,ERNSH,Ernst Handel,Roland Mendel,Sales Manager,Kirchgasse 6,Graz,,8010,Austria,7675-3425,8,Laura Callahan,Inside Sales Coordinator,3-5-1994,Seattle,USA,2,United Package,(503) 555-3199,7,"Pavlova, Ltd.",Ian Devling,Australia
10980,75,Rh nbr u Klosterbier,Beverages,"Soft drinks, coffees, teas, beers, and ales",7.75,7.75,40,0.2,248.0,3-27-1998,5-8-1998,4-17-1998,1.26,Folk och f  HB,kergatan 24,Br cke,,S-844 67,Sweden,24 - 0.5 l bottles,125,0,25,0,FOLKO,Folk och f  HB,Maria Larsson,Owner,kergatan 24,Br cke,,S-844 67,Sweden,0695-34 67 21,4,Margaret Peacock,Sales Representative,5-3-1993,Redmond,USA,1,Speedy Express,(503) 555-9831,12,Plutzer Lebensmittelgro m rkte AG,Martin Bein,Germany
10981,38,C te de Blaye,Beverages,"Soft drinks, coffees, teas, beers, and ales",263.5,263.5,60,0,15810.0,3-27-1998,4-24-1998,4-2-1998,193.37,Hanari Carnes,"Rua do Pa o, 67",Rio de Janeiro,RJ,05454-876,Brazil,12 - 75 cl bottles,17,0,15,0,HANAR,Hanari Carnes,Mario Pontes,Accounting Manager,"Rua do Pa o, 67",Rio de Janeiro,RJ,05454-876,Brazil,(21) 555-0091,1,Nancy Davolio,Sales Representative,5-1-1992,Seattle,USA,2,United Package,(503) 555-3199,18,Aux joyeux eccl siastiques,Guyl ne Nodier,France
10982,7,Uncle Bob's Organic Dried Pears,Produce,Dried fruit and bean curd,30,30,20,0,600.0,3-27-1998,4-24-1998,4-8-1998,14.01,Bottom-Dollar Markets,23 Tsawassen Blvd.,Tsawassen,BC,T2F 8M4,Canada,12 - 1 lb pkgs.,15,0,10,0,BOTTM,Bottom-Dollar Markets,Elizabeth Lincoln,Accounting Manager,23 Tsawassen Blvd.,Tsawassen,BC,T2F 8M4,Canada,(604) 555-4729,2,Andrew Fuller,"Vice President, Sales",8-14-1992,Tacoma,USA,1,Speedy Express,(503) 555-9831,3,Grandma Kelly's Homestead,Regina Murphy,USA
10982,43,Ipoh Coffee,Beverages,"Soft drinks, coffees, teas, beers, and ales",46,46,9,0,414.0,3-27-1998,4-24-1998,4-8-1998,14.01,Bottom-Dollar Markets,23 Tsawassen Blvd.,Tsawassen,BC,T2F 8M4,Canada,16 - 500 g tins,17,10,25,0,BOTTM,Bottom-Dollar Markets,Elizabeth Lincoln,Accounting Manager,23 Tsawassen Blvd.,Tsawassen,BC,T2F 8M4,Canada,(604) 555-4729,2,Andrew Fuller,"Vice President, Sales",8-14-1992,Tacoma,USA,1,Speedy Express,(503) 555-9831,20,Leka Trading,Chandra Leka,Singapore
10983,13,Konbu,Seafood,Seaweed and fish,6,6,84,0.15,428.4,3-27-1998,4-24-1998,4-6-1998,657.54,Save-a-lot Markets,187 Suffolk Ln.,Boise,ID,83720,USA,2 kg box,24,0,5,0,SAVEA,Save-a-lot Markets,Jose Pavarotti,Sales Representative,187 Suffolk Ln.,Boise,ID,83720,USA,(208) 555-8097,2,Andrew Fuller,"Vice President, Sales",8-14-1992,Tacoma,USA,2,United Package,(503) 555-3199,6,Mayumi's,Mayumi Ohno,Japan
10983,57,Ravioli Angelo,Grains/Cereals,"Breads, crackers, pasta, and cereal",19.5,19.5,15,0,292.5,3-27-1998,4-24-1998,4-6-1998,657.54,Save-a-lot Markets,187 Suffolk Ln.,Boise,ID,83720,USA,24 - 250 g pkgs.,36,0,20,0,SAVEA,Save-a-lot Markets,Jose Pavarotti,Sales Representative,187 Suffolk Ln.,Boise,ID,83720,USA,(208) 555-8097,2,Andrew Fuller,"Vice President, Sales",8-14-1992,Tacoma,USA,2,United Package,(503) 555-3199,26,Pasta Buttini s.r.l.,Giovanni Giudici,Italy
10984,16,Pavlova,Confections,"Desserts, candies, and sweet breads",17.45,17.45,55,0,959.75,3-30-1998,4-27-1998,4-3-1998,211.22,Save-a-lot Markets,187 Suffolk Ln.,Boise,ID,83720,USA,32 - 500 g boxes,29,0,10,0,SAVEA,Save-a-lot Markets,Jose Pavarotti,Sales Representative,187 Suffolk Ln.,Boise,ID,83720,USA,(208) 555-8097,1,Nancy Davolio,Sales Representative,5-1-1992,Seattle,USA,3,Federal Shipping,(503) 555-9931,7,"Pavlova, Ltd.",Ian Devling,Australia
10984,24,Guaran  Fant stica,Beverages,"Soft drinks, coffees, teas, beers, and ales",4.5,4.5,20,0,90.0,3-30-1998,4-27-1998,4-3-1998,211.22,Save-a-lot Markets,187 Suffolk Ln.,Boise,ID,83720,USA,12 - 355 ml cans,20,0,0,1,SAVEA,Save-a-lot Markets,Jose Pavarotti,Sales Representative,187 Suffolk Ln.,Boise,ID,83720,USA,(208) 555-8097,1,Nancy Davolio,Sales Representative,5-1-1992,Seattle,USA,3,Federal Shipping,(503) 555-9931,10,Refrescos Americanas LTDA,Carlos Diaz,Brazil
10984,36,Inlagd Sill,Seafood,Seaweed and fish,19,19,40,0,760.0,3-30-1998,4-27-1998,4-3-1998,211.22,Save-a-lot Markets,187 Suffolk Ln.,Boise,ID,83720,USA,24 - 250 g  jars,112,0,20,0,SAVEA,Save-a-lot Markets,Jose Pavarotti,Sales Representative,187 Suffolk Ln.,Boise,ID,83720,USA,(208) 555-8097,1,Nancy Davolio,Sales Representative,5-1-1992,Seattle,USA,3,Federal Shipping,(503) 555-9931,17,Svensk Sj f da AB,Michael Bj rn,Sweden
10985,16,Pavlova,Confections,"Desserts, candies, and sweet breads",17.45,17.45,36,0.1,565.38,3-30-1998,4-27-1998,4-2-1998,91.51,Hungry Owl All-Night Grocers,8 Johnstown Road,Cork,Co. Cork,,Ireland,32 - 500 g boxes,29,0,10,0,HUNGO,Hungry Owl All-Night Grocers,Patricia McKenna,Sales Associate,8 Johnstown Road,Cork,Co. Cork,,Ireland,2967 542,2,Andrew Fuller,"Vice President, Sales",8-14-1992,Tacoma,USA,1,Speedy Express,(503) 555-9831,7,"Pavlova, Ltd.",Ian Devling,Australia
10985,18,Carnarvon Tigers,Seafood,Seaweed and fish,62.5,62.5,8,0.1,450.0,3-30-1998,4-27-1998,4-2-1998,91.51,Hungry Owl All-Night Grocers,8 Johnstown Road,Cork,Co. Cork,,Ireland,16 kg pkg.,42,0,0,0,HUNGO,Hungry Owl All-Night Grocers,Patricia McKenna,Sales Associate,8 Johnstown Road,Cork,Co. Cork,,Ireland,2967 542,2,Andrew Fuller,"Vice President, Sales",8-14-1992,Tacoma,USA,1,Speedy Express,(503) 555-9831,7,"Pavlova, Ltd.",Ian Devling,Australia
10985,32,Mascarpone Fabioli,Dairy Products,Cheeses,32,32,35,0.1,1008.0,3-30-1998,4-27-1998,4-2-1998,91.51,Hungry Owl All-Night Grocers,8 Johnstown Road,Cork,Co. Cork,,Ireland,24 - 200 g pkgs.,9,40,25,0,HUNGO,Hungry Owl All-Night Grocers,Patricia McKenna,Sales Associate,8 Johnstown Road,Cork,Co. Cork,,Ireland,2967 542,2,Andrew Fuller,"Vice President, Sales",8-14-1992,Tacoma,USA,1,Speedy Express,(503) 555-9831,14,Formaggi Fortini s.r.l.,Elio Rossi,Italy
10986,11,Queso Cabrales,Dairy Products,Cheeses,21,21,30,0,630.0,3-30-1998,4-27-1998,4-21-1998,217.86,Oc ano Atl ntico Ltda.,Ing. Gustavo Moncada 8585 Piso 20-A,Buenos Aires,,1010,Argentina,1 kg pkg.,22,30,30,0,OCEAN,Oc ano Atl ntico Ltda.,Yvonne Moncada,Sales Agent,Ing. Gustavo Moncada 8585 Piso 20-A,Buenos Aires,,1010,Argentina,(1) 135-5333,8,Laura Callahan,Inside Sales Coordinator,3-5-1994,Seattle,USA,2,United Package,(503) 555-3199,5,Cooperativa de Quesos 'Las Cabras',Antonio del Valle Saavedra,Spain
10986,20,Sir Rodney's Marmalade,Confections,"Desserts, candies, and sweet breads",81,81,15,0,1215.0,3-30-1998,4-27-1998,4-21-1998,217.86,Oc ano Atl ntico Ltda.,Ing. Gustavo Moncada 8585 Piso 20-A,Buenos Aires,,1010,Argentina,30 gift boxes,40,0,0,0,OCEAN,Oc ano Atl ntico Ltda.,Yvonne Moncada,Sales Agent,Ing. Gustavo Moncada 8585 Piso 20-A,Buenos Aires,,1010,Argentina,(1) 135-5333,8,Laura Callahan,Inside Sales Coordinator,3-5-1994,Seattle,USA,2,United Package,(503) 555-3199,8,"Specialty Biscuits, Ltd.",Peter Wilson,UK
10986,76,Lakkalik  ri,Beverages,"Soft drinks, coffees, teas, beers, and ales",18,18,10,0,180.0,3-30-1998,4-27-1998,4-21-1998,217.86,Oc ano Atl ntico Ltda.,Ing. Gustavo Moncada 8585 Piso 20-A,Buenos Aires,,1010,Argentina,500 ml,57,0,20,0,OCEAN,Oc ano Atl ntico Ltda.,Yvonne Moncada,Sales Agent,Ing. Gustavo Moncada 8585 Piso 20-A,Buenos Aires,,1010,Argentina,(1) 135-5333,8,Laura Callahan,Inside Sales Coordinator,3-5-1994,Seattle,USA,2,United Package,(503) 555-3199,23,Karkki Oy,Anne Heikkonen,Finland
10986,77,Original Frankfurter gr ne So e,Condiments,"Sweet and savory sauces, relishes, spreads, and seasonings",13,13,15,0,195.0,3-30-1998,4-27-1998,4-21-1998,217.86,Oc ano Atl ntico Ltda.,Ing. Gustavo Moncada 8585 Piso 20-A,Buenos Aires,,1010,Argentina,12 boxes,32,0,15,0,OCEAN,Oc ano Atl ntico Ltda.,Yvonne Moncada,Sales Agent,Ing. Gustavo Moncada 8585 Piso 20-A,Buenos Aires,,1010,Argentina,(1) 135-5333,8,Laura Callahan,Inside Sales Coordinator,3-5-1994,Seattle,USA,2,United Package,(503) 555-3199,12,Plutzer Lebensmittelgro m rkte AG,Martin Bein,Germany
10987,7,Uncle Bob's Organic Dried Pears,Produce,Dried fruit and bean curd,30,30,60,0,1800.0,3-31-1998,4-28-1998,4-6-1998,185.48,Eastern Connection,35 King George,London,,WX3 6FW,UK,12 - 1 lb pkgs.,15,0,10,0,EASTC,Eastern Connection,Ann Devon,Sales Agent,35 King George,London,,WX3 6FW,UK,(171) 555-0297,8,Laura Callahan,Inside Sales Coordinator,3-5-1994,Seattle,USA,1,Speedy Express,(503) 555-9831,3,Grandma Kelly's Homestead,Regina Murphy,USA
10987,43,Ipoh Coffee,Beverages,"Soft drinks, coffees, teas, beers, and ales",46,46,6,0,276.0,3-31-1998,4-28-1998,4-6-1998,185.48,Eastern Connection,35 King George,London,,WX3 6FW,UK,16 - 500 g tins,17,10,25,0,EASTC,Eastern Connection,Ann Devon,Sales Agent,35 King George,London,,WX3 6FW,UK,(171) 555-0297,8,Laura Callahan,Inside Sales Coordinator,3-5-1994,Seattle,USA,1,Speedy Express,(503) 555-9831,20,Leka Trading,Chandra Leka,Singapore
10987,72,Mozzarella di Giovanni,Dairy Products,Cheeses,34.8,34.8,20,0,696.0,3-31-1998,4-28-1998,4-6-1998,185.48,Eastern Connection,35 King George,London,,WX3 6FW,UK,24 - 200 g pkgs.,14,0,0,0,EASTC,Eastern Connection,Ann Devon,Sales Agent,35 King George,London,,WX3 6FW,UK,(171) 555-0297,8,Laura Callahan,Inside Sales Coordinator,3-5-1994,Seattle,USA,1,Speedy Express,(503) 555-9831,14,Formaggi Fortini s.r.l.,Elio Rossi,Italy
10988,7,Uncle Bob's Organic Dried Pears,Produce,Dried fruit and bean curd,30,30,60,0,1800.0,3-31-1998,4-28-1998,4-10-1998,61.14,Rattlesnake Canyon Grocery,2817 Milton Dr.,Albuquerque,NM,87110,USA,12 - 1 lb pkgs.,15,0,10,0,RATTC,Rattlesnake Canyon Grocery,Paula Wilson,Assistant Sales Representative,2817 Milton Dr.,Albuquerque,NM,87110,USA,(505) 555-5939,3,Janet Leverling,Sales Representative,4-1-1992,Kirkland,USA,2,United Package,(503) 555-3199,3,Grandma Kelly's Homestead,Regina Murphy,USA
10988,62,Tarte au sucre,Confections,"Desserts, candies, and sweet breads",49.3,49.3,40,0.1,1774.8,3-31-1998,4-28-1998,4-10-1998,61.14,Rattlesnake Canyon Grocery,2817 Milton Dr.,Albuquerque,NM,87110,USA,48 pies,17,0,0,0,RATTC,Rattlesnake Canyon Grocery,Paula Wilson,Assistant Sales Representative,2817 Milton Dr.,Albuquerque,NM,87110,USA,(505) 555-5939,3,Janet Leverling,Sales Representative,4-1-1992,Kirkland,USA,2,United Package,(503) 555-3199,29,For ts d' rables,Chantal Goulet,Canada
10989,6,Grandma's Boysenberry Spread,Condiments,"Sweet and savory sauces, relishes, spreads, and seasonings",25,25,40,0,1000.0,3-31-1998,4-28-1998,4-2-1998,34.76,Que Del cia,"Rua da Panificadora, 12",Rio de Janeiro,RJ,02389-673,Brazil,12 - 8 oz jars,120,0,25,0,QUEDE,Que Del cia,Bernardo Batista,Accounting Manager,"Rua da Panificadora, 12",Rio de Janeiro,RJ,02389-673,Brazil,(21) 555-4252,2,Andrew Fuller,"Vice President, Sales",8-14-1992,Tacoma,USA,1,Speedy Express,(503) 555-9831,3,Grandma Kelly's Homestead,Regina Murphy,USA
10989,11,Queso Cabrales,Dairy Products,Cheeses,21,21,15,0,315.0,3-31-1998,4-28-1998,4-2-1998,34.76,Que Del cia,"Rua da Panificadora, 12",Rio de Janeiro,RJ,02389-673,Brazil,1 kg pkg.,22,30,30,0,QUEDE,Que Del cia,Bernardo Batista,Accounting Manager,"Rua da Panificadora, 12",Rio de Janeiro,RJ,02389-673,Brazil,(21) 555-4252,2,Andrew Fuller,"Vice President, Sales",8-14-1992,Tacoma,USA,1,Speedy Express,(503) 555-9831,5,Cooperativa de Quesos 'Las Cabras',Antonio del Valle Saavedra,Spain
10989,41,Jack's New England Clam Chowder,Seafood,Seaweed and fish,9.65,9.65,4,0,38.6,3-31-1998,4-28-1998,4-2-1998,34.76,Que Del cia,"Rua da Panificadora, 12",Rio de Janeiro,RJ,02389-673,Brazil,12 - 12 oz cans,85,0,10,0,QUEDE,Que Del cia,Bernardo Batista,Accounting Manager,"Rua da Panificadora, 12",Rio de Janeiro,RJ,02389-673,Brazil,(21) 555-4252,2,Andrew Fuller,"Vice President, Sales",8-14-1992,Tacoma,USA,1,Speedy Express,(503) 555-9831,19,New England Seafood Cannery,Robb Merchant,USA
10990,21,Sir Rodney's Scones,Confections,"Desserts, candies, and sweet breads",10,10,65,0,650.0,4-1-1998,5-13-1998,4-7-1998,117.61,Ernst Handel,Kirchgasse 6,Graz,,8010,Austria,24 pkgs. x 4 pieces,3,40,5,0,ERNSH,Ernst Handel,Roland Mendel,Sales Manager,Kirchgasse 6,Graz,,8010,Austria,7675-3425,2,Andrew Fuller,"Vice President, Sales",8-14-1992,Tacoma,USA,3,Federal Shipping,(503) 555-9931,8,"Specialty Biscuits, Ltd.",Peter Wilson,UK
10990,34,Sasquatch Ale,Beverages,"Soft drinks, coffees, teas, beers, and ales",14,14,60,0.15,714.0,4-1-1998,5-13-1998,4-7-1998,117.61,Ernst Handel,Kirchgasse 6,Graz,,8010,Austria,24 - 12 oz bottles,111,0,15,0,ERNSH,Ernst Handel,Roland Mendel,Sales Manager,Kirchgasse 6,Graz,,8010,Austria,7675-3425,2,Andrew Fuller,"Vice President, Sales",8-14-1992,Tacoma,USA,3,Federal Shipping,(503) 555-9931,16,Bigfoot Breweries,Cheryl Saylor,USA
10990,55,P t  chinois,Meat/Poultry,Prepared meats,24,24,65,0.15,1326.0,4-1-1998,5-13-1998,4-7-1998,117.61,Ernst Handel,Kirchgasse 6,Graz,,8010,Austria,24 boxes x 2 pies,115,0,20,0,ERNSH,Ernst Handel,Roland Mendel,Sales Manager,Kirchgasse 6,Graz,,8010,Austria,7675-3425,2,Andrew Fuller,"Vice President, Sales",8-14-1992,Tacoma,USA,3,Federal Shipping,(503) 555-9931,25,Ma Maison,Jean-Guy Lauzon,Canada
10990,61,Sirop d' rable,Condiments,"Sweet and savory sauces, relishes, spreads, and seasonings",28.5,28.5,66,0.15,1598.85,4-1-1998,5-13-1998,4-7-1998,117.61,Ernst Handel,Kirchgasse 6,Graz,,8010,Austria,24 - 500 ml bottles,113,0,25,0,ERNSH,Ernst Handel,Roland Mendel,Sales Manager,Kirchgasse 6,Graz,,8010,Austria,7675-3425,2,Andrew Fuller,"Vice President, Sales",8-14-1992,Tacoma,USA,3,Federal Shipping,(503) 555-9931,29,For ts d' rables,Chantal Goulet,Canada
10991,2,Chang,Beverages,"Soft drinks, coffees, teas, beers, and ales",19,19,50,0.2,760.0,4-1-1998,4-29-1998,4-7-1998,38.51,QUICK-Stop,Taucherstra e 10,Cunewalde,,01307,Germany,24 - 12 oz bottles,17,40,25,1,QUICK,QUICK-Stop,Horst Kloss,Accounting Manager,Taucherstra e 10,Cunewalde,,01307,Germany,0372-035188,1,Nancy Davolio,Sales Representative,5-1-1992,Seattle,USA,1,Speedy Express,(503) 555-9831,1,Exotic Liquids,Charlotte Cooper,UK
10991,70,Outback Lager,Beverages,"Soft drinks, coffees, teas, beers, and ales",15,15,20,0.2,240.0,4-1-1998,4-29-1998,4-7-1998,38.51,QUICK-Stop,Taucherstra e 10,Cunewalde,,01307,Germany,24 - 355 ml bottles,15,10,30,0,QUICK,QUICK-Stop,Horst Kloss,Accounting Manager,Taucherstra e 10,Cunewalde,,01307,Germany,0372-035188,1,Nancy Davolio,Sales Representative,5-1-1992,Seattle,USA,1,Speedy Express,(503) 555-9831,7,"Pavlova, Ltd.",Ian Devling,Australia
10991,76,Lakkalik  ri,Beverages,"Soft drinks, coffees, teas, beers, and ales",18,18,90,0.2,1296.0,4-1-1998,4-29-1998,4-7-1998,38.51,QUICK-Stop,Taucherstra e 10,Cunewalde,,01307,Germany,500 ml,57,0,20,0,QUICK,QUICK-Stop,Horst Kloss,Accounting Manager,Taucherstra e 10,Cunewalde,,01307,Germany,0372-035188,1,Nancy Davolio,Sales Representative,5-1-1992,Seattle,USA,1,Speedy Express,(503) 555-9831,23,Karkki Oy,Anne Heikkonen,Finland
10992,72,Mozzarella di Giovanni,Dairy Products,Cheeses,34.8,34.8,2,0,69.6,4-1-1998,4-29-1998,4-3-1998,4.27,The Big Cheese,89 Jefferson Way Suite 2,Portland,OR,97201,USA,24 - 200 g pkgs.,14,0,0,0,THEBI,The Big Cheese,Liz Nixon,Marketing Manager,89 Jefferson Way Suite 2,Portland,OR,97201,USA,(503) 555-3612,1,Nancy Davolio,Sales Representative,5-1-1992,Seattle,USA,3,Federal Shipping,(503) 555-9931,14,Formaggi Fortini s.r.l.,Elio Rossi,Italy
10993,29,Th ringer Rostbratwurst,Meat/Poultry,Prepared meats,123.79,123.79,50,0.25,4642.12,4-1-1998,4-29-1998,4-10-1998,8.81,Folk och f  HB,kergatan 24,Br cke,,S-844 67,Sweden,50 bags x 30 sausgs.,0,0,0,1,FOLKO,Folk och f  HB,Maria Larsson,Owner,kergatan 24,Br cke,,S-844 67,Sweden,0695-34 67 21,7,Robert King,Sales Representative,1-2-1994,London,UK,3,Federal Shipping,(503) 555-9931,12,Plutzer Lebensmittelgro m rkte AG,Martin Bein,Germany
10993,41,Jack's New England Clam Chowder,Seafood,Seaweed and fish,9.65,9.65,35,0.25,253.31,4-1-1998,4-29-1998,4-10-1998,8.81,Folk och f  HB,kergatan 24,Br cke,,S-844 67,Sweden,12 - 12 oz cans,85,0,10,0,FOLKO,Folk och f  HB,Maria Larsson,Owner,kergatan 24,Br cke,,S-844 67,Sweden,0695-34 67 21,7,Robert King,Sales Representative,1-2-1994,London,UK,3,Federal Shipping,(503) 555-9931,19,New England Seafood Cannery,Robb Merchant,USA
10994,59,Raclette Courdavault,Dairy Products,Cheeses,55,55,18,0.05,940.5,4-2-1998,4-16-1998,4-9-1998,65.53,Vaffeljernet,Smagsloget 45,rhus,,8200,Denmark,5 kg pkg.,79,0,0,0,VAFFE,Vaffeljernet,Palle Ibsen,Sales Manager,Smagsloget 45,rhus,,8200,Denmark,86 21 32 43,2,Andrew Fuller,"Vice President, Sales",8-14-1992,Tacoma,USA,3,Federal Shipping,(503) 555-9931,28,Gai p turage,Eliane Noz,France
10995,51,Manjimup Dried Apples,Produce,Dried fruit and bean curd,53,53,20,0,1060.0,4-2-1998,4-30-1998,4-6-1998,46,Pericles Comidas cl sicas,Calle Dr. Jorge Cash 321,M xico D.F.,,05033,Mexico,50 - 300 g pkgs.,20,0,10,0,PERIC,Pericles Comidas cl sicas,Guillermo Fern ndez,Sales Representative,Calle Dr. Jorge Cash 321,M xico D.F.,,05033,Mexico,(5) 552-3745,1,Nancy Davolio,Sales Representative,5-1-1992,Seattle,USA,3,Federal Shipping,(503) 555-9931,24,"G'day, Mate",Wendy Mackenzie,Australia
10995,60,Camembert Pierrot,Dairy Products,Cheeses,34,34,4,0,136.0,4-2-1998,4-30-1998,4-6-1998,46,Pericles Comidas cl sicas,Calle Dr. Jorge Cash 321,M xico D.F.,,05033,Mexico,15 - 300 g rounds,19,0,0,0,PERIC,Pericles Comidas cl sicas,Guillermo Fern ndez,Sales Representative,Calle Dr. Jorge Cash 321,M xico D.F.,,05033,Mexico,(5) 552-3745,1,Nancy Davolio,Sales Representative,5-1-1992,Seattle,USA,3,Federal Shipping,(503) 555-9931,28,Gai p turage,Eliane Noz,France
10996,42,Singaporean Hokkien Fried Mee,Grains/Cereals,"Breads, crackers, pasta, and cereal",14,14,40,0,560.0,4-2-1998,4-30-1998,4-10-1998,1.12,QUICK-Stop,Taucherstra e 10,Cunewalde,,01307,Germany,32 - 1 kg pkgs.,26,0,0,1,QUICK,QUICK-Stop,Horst Kloss,Accounting Manager,Taucherstra e 10,Cunewalde,,01307,Germany,0372-035188,4,Margaret Peacock,Sales Representative,5-3-1993,Redmond,USA,2,United Package,(503) 555-3199,20,Leka Trading,Chandra Leka,Singapore
10997,32,Mascarpone Fabioli,Dairy Products,Cheeses,32,32,50,0,1600.0,4-3-1998,5-15-1998,4-13-1998,73.91,LILA-Supermercado,Carrera 52 con Ave. Bol var #65-98 Llano Largo,Barquisimeto,Lara,3508,Venezuela,24 - 200 g pkgs.,9,40,25,0,LILAS,LILA-Supermercado,Carlos Gonz lez,Accounting Manager,Carrera 52 con Ave. Bol var #65-98 Llano Largo,Barquisimeto,Lara,3508,Venezuela,(9) 331-6954,8,Laura Callahan,Inside Sales Coordinator,3-5-1994,Seattle,USA,2,United Package,(503) 555-3199,14,Formaggi Fortini s.r.l.,Elio Rossi,Italy
10997,46,Spegesild,Seafood,Seaweed and fish,12,12,20,0.25,180.0,4-3-1998,5-15-1998,4-13-1998,73.91,LILA-Supermercado,Carrera 52 con Ave. Bol var #65-98 Llano Largo,Barquisimeto,Lara,3508,Venezuela,4 - 450 g glasses,95,0,0,0,LILAS,LILA-Supermercado,Carlos Gonz lez,Accounting Manager,Carrera 52 con Ave. Bol var #65-98 Llano Largo,Barquisimeto,Lara,3508,Venezuela,(9) 331-6954,8,Laura Callahan,Inside Sales Coordinator,3-5-1994,Seattle,USA,2,United Package,(503) 555-3199,21,Lyngbysild,Niels Petersen,Denmark
10997,52,Filo Mix,Grains/Cereals,"Breads, crackers, pasta, and cereal",7,7,20,0.25,105.0,4-3-1998,5-15-1998,4-13-1998,73.91,LILA-Supermercado,Carrera 52 con Ave. Bol var #65-98 Llano Largo,Barquisimeto,Lara,3508,Venezuela,16 - 2 kg boxes,38,0,25,0,LILAS,LILA-Supermercado,Carlos Gonz lez,Accounting Manager,Carrera 52 con Ave. Bol var #65-98 Llano Largo,Barquisimeto,Lara,3508,Venezuela,(9) 331-6954,8,Laura Callahan,Inside Sales Coordinator,3-5-1994,Seattle,USA,2,United Package,(503) 555-3199,24,"G'day, Mate",Wendy Mackenzie,Australia
10998,24,Guaran  Fant stica,Beverages,"Soft drinks, coffees, teas, beers, and ales",4.5,4.5,12,0,54.0,4-3-1998,4-17-1998,4-17-1998,20.31,Wolski Zajazd,ul. Filtrowa 68,Warszawa,,01-012,Poland,12 - 355 ml cans,20,0,0,1,WOLZA,Wolski  Zajazd,Zbyszek Piestrzeniewicz,Owner,ul. Filtrowa 68,Warszawa,,01-012,Poland,(26) 642-7012,8,Laura Callahan,Inside Sales Coordinator,3-5-1994,Seattle,USA,2,United Package,(503) 555-3199,10,Refrescos Americanas LTDA,Carlos Diaz,Brazil
10998,61,Sirop d' rable,Condiments,"Sweet and savory sauces, relishes, spreads, and seasonings",28.5,28.5,7,0,199.5,4-3-1998,4-17-1998,4-17-1998,20.31,Wolski Zajazd,ul. Filtrowa 68,Warszawa,,01-012,Poland,24 - 500 ml bottles,113,0,25,0,WOLZA,Wolski  Zajazd,Zbyszek Piestrzeniewicz,Owner,ul. Filtrowa 68,Warszawa,,01-012,Poland,(26) 642-7012,8,Laura Callahan,Inside Sales Coordinator,3-5-1994,Seattle,USA,2,United Package,(503) 555-3199,29,For ts d' rables,Chantal Goulet,Canada
10998,74,Longlife Tofu,Produce,Dried fruit and bean curd,10,10,20,0,200.0,4-3-1998,4-17-1998,4-17-1998,20.31,Wolski Zajazd,ul. Filtrowa 68,Warszawa,,01-012,Poland,5 kg pkg.,4,20,5,0,WOLZA,Wolski  Zajazd,Zbyszek Piestrzeniewicz,Owner,ul. Filtrowa 68,Warszawa,,01-012,Poland,(26) 642-7012,8,Laura Callahan,Inside Sales Coordinator,3-5-1994,Seattle,USA,2,United Package,(503) 555-3199,4,Tokyo Traders,Yoshi Nagase,Japan
10998,75,Rh nbr u Klosterbier,Beverages,"Soft drinks, coffees, teas, beers, and ales",7.75,7.75,30,0,232.5,4-3-1998,4-17-1998,4-17-1998,20.31,Wolski Zajazd,ul. Filtrowa 68,Warszawa,,01-012,Poland,24 - 0.5 l bottles,125,0,25,0,WOLZA,Wolski  Zajazd,Zbyszek Piestrzeniewicz,Owner,ul. Filtrowa 68,Warszawa,,01-012,Poland,(26) 642-7012,8,Laura Callahan,Inside Sales Coordinator,3-5-1994,Seattle,USA,2,United Package,(503) 555-3199,12,Plutzer Lebensmittelgro m rkte AG,Martin Bein,Germany
10999,41,Jack's New England Clam Chowder,Seafood,Seaweed and fish,9.65,9.65,20,0.05,183.35,4-3-1998,5-1-1998,4-10-1998,96.35,Ottilies K seladen,Mehrheimerstr. 369,K ln,,50739,Germany,12 - 12 oz cans,85,0,10,0,OTTIK,Ottilies K seladen,Henriette Pfalzheim,Owner,Mehrheimerstr. 369,K ln,,50739,Germany,0221-0644327,6,Michael Suyama,Sales Representative,10-17-1993,London,UK,2,United Package,(503) 555-3199,19,New England Seafood Cannery,Robb Merchant,USA
10999,51,Manjimup Dried Apples,Produce,Dried fruit and bean curd,53,53,15,0.05,755.25,4-3-1998,5-1-1998,4-10-1998,96.35,Ottilies K seladen,Mehrheimerstr. 369,K ln,,50739,Germany,50 - 300 g pkgs.,20,0,10,0,OTTIK,Ottilies K seladen,Henriette Pfalzheim,Owner,Mehrheimerstr. 369,K ln,,50739,Germany,0221-0644327,6,Michael Suyama,Sales Representative,10-17-1993,London,UK,2,United Package,(503) 555-3199,24,"G'day, Mate",Wendy Mackenzie,Australia
10999,77,Original Frankfurter gr ne So e,Condiments,"Sweet and savory sauces, relishes, spreads, and seasonings",13,13,21,0.05,259.35,4-3-1998,5-1-1998,4-10-1998,96.35,Ottilies K seladen,Mehrheimerstr. 369,K ln,,50739,Germany,12 boxes,32,0,15,0,OTTIK,Ottilies K seladen,Henriette Pfalzheim,Owner,Mehrheimerstr. 369,K ln,,50739,Germany,0221-0644327,6,Michael Suyama,Sales Representative,10-17-1993,London,UK,2,United Package,(503) 555-3199,12,Plutzer Lebensmittelgro m rkte AG,Martin Bein,Germany
11000,4,Chef Anton's Cajun Seasoning,Condiments,"Sweet and savory sauces, relishes, spreads, and seasonings",22,22,25,0.25,412.5,4-6-1998,5-4-1998,4-14-1998,55.12,Rattlesnake Canyon Grocery,2817 Milton Dr.,Albuquerque,NM,87110,USA,48 - 6 oz jars,53,0,0,0,RATTC,Rattlesnake Canyon Grocery,Paula Wilson,Assistant Sales Representative,2817 Milton Dr.,Albuquerque,NM,87110,USA,(505) 555-5939,2,Andrew Fuller,"Vice President, Sales",8-14-1992,Tacoma,USA,3,Federal Shipping,(503) 555-9931,2,New Orleans Cajun Delights,Shelley Burke,USA
11000,24,Guaran  Fant stica,Beverages,"Soft drinks, coffees, teas, beers, and ales",4.5,4.5,30,0.25,101.25,4-6-1998,5-4-1998,4-14-1998,55.12,Rattlesnake Canyon Grocery,2817 Milton Dr.,Albuquerque,NM,87110,USA,12 - 355 ml cans,20,0,0,1,RATTC,Rattlesnake Canyon Grocery,Paula Wilson,Assistant Sales Representative,2817 Milton Dr.,Albuquerque,NM,87110,USA,(505) 555-5939,2,Andrew Fuller,"Vice President, Sales",8-14-1992,Tacoma,USA,3,Federal Shipping,(503) 555-9931,10,Refrescos Americanas LTDA,Carlos Diaz,Brazil
11000,77,Original Frankfurter gr ne So e,Condiments,"Sweet and savory sauces, relishes, spreads, and seasonings",13,13,30,0,390.0,4-6-1998,5-4-1998,4-14-1998,55.12,Rattlesnake Canyon Grocery,2817 Milton Dr.,Albuquerque,NM,87110,USA,12 boxes,32,0,15,0,RATTC,Rattlesnake Canyon Grocery,Paula Wilson,Assistant Sales Representative,2817 Milton Dr.,Albuquerque,NM,87110,USA,(505) 555-5939,2,Andrew Fuller,"Vice President, Sales",8-14-1992,Tacoma,USA,3,Federal Shipping,(503) 555-9931,12,Plutzer Lebensmittelgro m rkte AG,Martin Bein,Germany
11001,7,Uncle Bob's Organic Dried Pears,Produce,Dried fruit and bean curd,30,30,60,0,1800.0,4-6-1998,5-4-1998,4-14-1998,197.3,Folk och f  HB,kergatan 24,Br cke,,S-844 67,Sweden,12 - 1 lb pkgs.,15,0,10,0,FOLKO,Folk och f  HB,Maria Larsson,Owner,kergatan 24,Br cke,,S-844 67,Sweden,0695-34 67 21,2,Andrew Fuller,"Vice President, Sales",8-14-1992,Tacoma,USA,2,United Package,(503) 555-3199,3,Grandma Kelly's Homestead,Regina Murphy,USA
11001,22,Gustaf's Kn ckebr d,Grains/Cereals,"Breads, crackers, pasta, and cereal",21,21,25,0,525.0,4-6-1998,5-4-1998,4-14-1998,197.3,Folk och f  HB,kergatan 24,Br cke,,S-844 67,Sweden,24 - 500 g pkgs.,104,0,25,0,FOLKO,Folk och f  HB,Maria Larsson,Owner,kergatan 24,Br cke,,S-844 67,Sweden,0695-34 67 21,2,Andrew Fuller,"Vice President, Sales",8-14-1992,Tacoma,USA,2,United Package,(503) 555-3199,9,PB Kn ckebr d AB,Lars Peterson,Sweden
11001,46,Spegesild,Seafood,Seaweed and fish,12,12,25,0,300.0,4-6-1998,5-4-1998,4-14-1998,197.3,Folk och f  HB,kergatan 24,Br cke,,S-844 67,Sweden,4 - 450 g glasses,95,0,0,0,FOLKO,Folk och f  HB,Maria Larsson,Owner,kergatan 24,Br cke,,S-844 67,Sweden,0695-34 67 21,2,Andrew Fuller,"Vice President, Sales",8-14-1992,Tacoma,USA,2,United Package,(503) 555-3199,21,Lyngbysild,Niels Petersen,Denmark
11001,55,P t  chinois,Meat/Poultry,Prepared meats,24,24,6,0,144.0,4-6-1998,5-4-1998,4-14-1998,197.3,Folk och f  HB,kergatan 24,Br cke,,S-844 67,Sweden,24 boxes x 2 pies,115,0,20,0,FOLKO,Folk och f  HB,Maria Larsson,Owner,kergatan 24,Br cke,,S-844 67,Sweden,0695-34 67 21,2,Andrew Fuller,"Vice President, Sales",8-14-1992,Tacoma,USA,2,United Package,(503) 555-3199,25,Ma Maison,Jean-Guy Lauzon,Canada
11002,13,Konbu,Seafood,Seaweed and fish,6,6,56,0,336.0,4-6-1998,5-4-1998,4-16-1998,141.16,Save-a-lot Markets,187 Suffolk Ln.,Boise,ID,83720,USA,2 kg box,24,0,5,0,SAVEA,Save-a-lot Markets,Jose Pavarotti,Sales Representative,187 Suffolk Ln.,Boise,ID,83720,USA,(208) 555-8097,4,Margaret Peacock,Sales Representative,5-3-1993,Redmond,USA,1,Speedy Express,(503) 555-9831,6,Mayumi's,Mayumi Ohno,Japan
11002,35,Steeleye Stout,Beverages,"Soft drinks, coffees, teas, beers, and ales",18,18,15,0.15,229.5,4-6-1998,5-4-1998,4-16-1998,141.16,Save-a-lot Markets,187 Suffolk Ln.,Boise,ID,83720,USA,24 - 12 oz bottles,20,0,15,0,SAVEA,Save-a-lot Markets,Jose Pavarotti,Sales Representative,187 Suffolk Ln.,Boise,ID,83720,USA,(208) 555-8097,4,Margaret Peacock,Sales Representative,5-3-1993,Redmond,USA,1,Speedy Express,(503) 555-9831,16,Bigfoot Breweries,Cheryl Saylor,USA
11002,42,Singaporean Hokkien Fried Mee,Grains/Cereals,"Breads, crackers, pasta, and cereal",14,14,24,0.15,285.6,4-6-1998,5-4-1998,4-16-1998,141.16,Save-a-lot Markets,187 Suffolk Ln.,Boise,ID,83720,USA,32 - 1 kg pkgs.,26,0,0,1,SAVEA,Save-a-lot Markets,Jose Pavarotti,Sales Representative,187 Suffolk Ln.,Boise,ID,83720,USA,(208) 555-8097,4,Margaret Peacock,Sales Representative,5-3-1993,Redmond,USA,1,Speedy Express,(503) 555-9831,20,Leka Trading,Chandra Leka,Singapore
11002,55,P t  chinois,Meat/Poultry,Prepared meats,24,24,40,0,960.0,4-6-1998,5-4-1998,4-16-1998,141.16,Save-a-lot Markets,187 Suffolk Ln.,Boise,ID,83720,USA,24 boxes x 2 pies,115,0,20,0,SAVEA,Save-a-lot Markets,Jose Pavarotti,Sales Representative,187 Suffolk Ln.,Boise,ID,83720,USA,(208) 555-8097,4,Margaret Peacock,Sales Representative,5-3-1993,Redmond,USA,1,Speedy Express,(503) 555-9831,25,Ma Maison,Jean-Guy Lauzon,Canada
11003,1,Chai,Beverages,"Soft drinks, coffees, teas, beers, and ales",18,18,4,0,72.0,4-6-1998,5-4-1998,4-8-1998,14.91,The Cracker Box,55 Grizzly Peak Rd.,Butte,MT,59801,USA,10 boxes x 30 bags,39,0,10,1,THECR,The Cracker Box,Liu Wong,Marketing Assistant,55 Grizzly Peak Rd.,Butte,MT,59801,USA,(406) 555-5834,3,Janet Leverling,Sales Representative,4-1-1992,Kirkland,USA,3,Federal Shipping,(503) 555-9931,8,"Specialty Biscuits, Ltd.",Peter Wilson,UK
11003,40,Boston Crab Meat,Seafood,Seaweed and fish,18.4,18.4,10,0,184.0,4-6-1998,5-4-1998,4-8-1998,14.91,The Cracker Box,55 Grizzly Peak Rd.,Butte,MT,59801,USA,24 - 4 oz tins,123,0,30,0,THECR,The Cracker Box,Liu Wong,Marketing Assistant,55 Grizzly Peak Rd.,Butte,MT,59801,USA,(406) 555-5834,3,Janet Leverling,Sales Representative,4-1-1992,Kirkland,USA,3,Federal Shipping,(503) 555-9931,19,New England Seafood Cannery,Robb Merchant,USA
11003,52,Filo Mix,Grains/Cereals,"Breads, crackers, pasta, and cereal",7,7,10,0,70.0,4-6-1998,5-4-1998,4-8-1998,14.91,The Cracker Box,55 Grizzly Peak Rd.,Butte,MT,59801,USA,16 - 2 kg boxes,38,0,25,0,THECR,The Cracker Box,Liu Wong,Marketing Assistant,55 Grizzly Peak Rd.,Butte,MT,59801,USA,(406) 555-5834,3,Janet Leverling,Sales Representative,4-1-1992,Kirkland,USA,3,Federal Shipping,(503) 555-9931,24,"G'day, Mate",Wendy Mackenzie,Australia
11004,26,Gumb r Gummib rchen,Confections,"Desserts, candies, and sweet breads",31.23,31.23,6,0,187.38,4-7-1998,5-5-1998,4-20-1998,44.84,Maison Dewey,Rue Joseph-Bens 532,Bruxelles,,B-1180,Belgium,100 - 250 g bags,15,0,0,0,MAISD,Maison Dewey,Catherine Dewey,Sales Agent,Rue Joseph-Bens 532,Bruxelles,,B-1180,Belgium,(02) 201 24 67,3,Janet Leverling,Sales Representative,4-1-1992,Kirkland,USA,1,Speedy Express,(503) 555-9831,11,Heli S  waren GmbH & Co. KG,Petra Winkler,Germany
11004,76,Lakkalik  ri,Beverages,"Soft drinks, coffees, teas, beers, and ales",18,18,6,0,108.0,4-7-1998,5-5-1998,4-20-1998,44.84,Maison Dewey,Rue Joseph-Bens 532,Bruxelles,,B-1180,Belgium,500 ml,57,0,20,0,MAISD,Maison Dewey,Catherine Dewey,Sales Agent,Rue Joseph-Bens 532,Bruxelles,,B-1180,Belgium,(02) 201 24 67,3,Janet Leverling,Sales Representative,4-1-1992,Kirkland,USA,1,Speedy Express,(503) 555-9831,23,Karkki Oy,Anne Heikkonen,Finland
11005,1,Chai,Beverages,"Soft drinks, coffees, teas, beers, and ales",18,18,2,0,36.0,4-7-1998,5-5-1998,4-10-1998,0.75,Wilman Kala,Keskuskatu 45,Helsinki,,21240,Finland,10 boxes x 30 bags,39,0,10,1,WILMK,Wilman Kala,Matti Karttunen,Owner/Marketing Assistant,Keskuskatu 45,Helsinki,,21240,Finland,90-224 8858,2,Andrew Fuller,"Vice President, Sales",8-14-1992,Tacoma,USA,1,Speedy Express,(503) 555-9831,8,"Specialty Biscuits, Ltd.",Peter Wilson,UK
11005,59,Raclette Courdavault,Dairy Products,Cheeses,55,55,10,0,550.0,4-7-1998,5-5-1998,4-10-1998,0.75,Wilman Kala,Keskuskatu 45,Helsinki,,21240,Finland,5 kg pkg.,79,0,0,0,WILMK,Wilman Kala,Matti Karttunen,Owner/Marketing Assistant,Keskuskatu 45,Helsinki,,21240,Finland,90-224 8858,2,Andrew Fuller,"Vice President, Sales",8-14-1992,Tacoma,USA,1,Speedy Express,(503) 555-9831,28,Gai p turage,Eliane Noz,France
11006,1,Chai,Beverages,"Soft drinks, coffees, teas, beers, and ales",18,18,8,0,144.0,4-7-1998,5-5-1998,4-15-1998,25.19,Great Lakes Food Market,2732 Baker Blvd.,Eugene,OR,97403,USA,10 boxes x 30 bags,39,0,10,1,GREAL,Great Lakes Food Market,Howard Snyder,Marketing Manager,2732 Baker Blvd.,Eugene,OR,97403,USA,(503) 555-7555,3,Janet Leverling,Sales Representative,4-1-1992,Kirkland,USA,2,United Package,(503) 555-3199,8,"Specialty Biscuits, Ltd.",Peter Wilson,UK
11006,29,Th ringer Rostbratwurst,Meat/Poultry,Prepared meats,123.79,123.79,2,0.25,185.69,4-7-1998,5-5-1998,4-15-1998,25.19,Great Lakes Food Market,2732 Baker Blvd.,Eugene,OR,97403,USA,50 bags x 30 sausgs.,0,0,0,1,GREAL,Great Lakes Food Market,Howard Snyder,Marketing Manager,2732 Baker Blvd.,Eugene,OR,97403,USA,(503) 555-7555,3,Janet Leverling,Sales Representative,4-1-1992,Kirkland,USA,2,United Package,(503) 555-3199,12,Plutzer Lebensmittelgro m rkte AG,Martin Bein,Germany
11007,8,Northwoods Cranberry Sauce,Condiments,"Sweet and savory sauces, relishes, spreads, and seasonings",40,40,30,0,1200.0,4-8-1998,5-6-1998,4-13-1998,202.24,Princesa Isabel Vinhos,Estrada da sa de n. 58,Lisboa,,1756,Portugal,12 - 12 oz jars,6,0,0,0,PRINI,Princesa Isabel Vinhos,Isabel de Castro,Sales Representative,Estrada da sa de n. 58,Lisboa,,1756,Portugal,(1) 356-5634,8,Laura Callahan,Inside Sales Coordinator,3-5-1994,Seattle,USA,2,United Package,(503) 555-3199,3,Grandma Kelly's Homestead,Regina Murphy,USA
11007,29,Th ringer Rostbratwurst,Meat/Poultry,Prepared meats,123.79,123.79,10,0,1237.9,4-8-1998,5-6-1998,4-13-1998,202.24,Princesa Isabel Vinhos,Estrada da sa de n. 58,Lisboa,,1756,Portugal,50 bags x 30 sausgs.,0,0,0,1,PRINI,Princesa Isabel Vinhos,Isabel de Castro,Sales Representative,Estrada da sa de n. 58,Lisboa,,1756,Portugal,(1) 356-5634,8,Laura Callahan,Inside Sales Coordinator,3-5-1994,Seattle,USA,2,United Package,(503) 555-3199,12,Plutzer Lebensmittelgro m rkte AG,Martin Bein,Germany
11007,42,Singaporean Hokkien Fried Mee,Grains/Cereals,"Breads, crackers, pasta, and cereal",14,14,14,0,196.0,4-8-1998,5-6-1998,4-13-1998,202.24,Princesa Isabel Vinhos,Estrada da sa de n. 58,Lisboa,,1756,Portugal,32 - 1 kg pkgs.,26,0,0,1,PRINI,Princesa Isabel Vinhos,Isabel de Castro,Sales Representative,Estrada da sa de n. 58,Lisboa,,1756,Portugal,(1) 356-5634,8,Laura Callahan,Inside Sales Coordinator,3-5-1994,Seattle,USA,2,United Package,(503) 555-3199,20,Leka Trading,Chandra Leka,Singapore
11008,28,R ssle Sauerkraut,Produce,Dried fruit and bean curd,45.6,45.6,70,0.05,3032.4,4-8-1998,5-6-1998,,79.46,Ernst Handel,Kirchgasse 6,Graz,,8010,Austria,25 - 825 g cans,26,0,0,1,ERNSH,Ernst Handel,Roland Mendel,Sales Manager,Kirchgasse 6,Graz,,8010,Austria,7675-3425,7,Robert King,Sales Representative,1-2-1994,London,UK,3,Federal Shipping,(503) 555-9931,12,Plutzer Lebensmittelgro m rkte AG,Martin Bein,Germany
11008,34,Sasquatch Ale,Beverages,"Soft drinks, coffees, teas, beers, and ales",14,14,90,0.05,1197.0,4-8-1998,5-6-1998,,79.46,Ernst Handel,Kirchgasse 6,Graz,,8010,Austria,24 - 12 oz bottles,111,0,15,0,ERNSH,Ernst Handel,Roland Mendel,Sales Manager,Kirchgasse 6,Graz,,8010,Austria,7675-3425,7,Robert King,Sales Representative,1-2-1994,London,UK,3,Federal Shipping,(503) 555-9931,16,Bigfoot Breweries,Cheryl Saylor,USA
11008,71,Flotemysost,Dairy Products,Cheeses,21.5,21.5,21,0,451.5,4-8-1998,5-6-1998,,79.46,Ernst Handel,Kirchgasse 6,Graz,,8010,Austria,10 - 500 g pkgs.,26,0,0,0,ERNSH,Ernst Handel,Roland Mendel,Sales Manager,Kirchgasse 6,Graz,,8010,Austria,7675-3425,7,Robert King,Sales Representative,1-2-1994,London,UK,3,Federal Shipping,(503) 555-9931,15,Norske Meierier,Beate Vileid,Norway
11009,24,Guaran  Fant stica,Beverages,"Soft drinks, coffees, teas, beers, and ales",4.5,4.5,12,0,54.0,4-8-1998,5-6-1998,4-10-1998,59.11,Godos Cocina T pica,"C/ Romero, 33",Sevilla,,41101,Spain,12 - 355 ml cans,20,0,0,1,GODOS,Godos Cocina T pica,Jos  Pedro Freyre,Sales Manager,"C/ Romero, 33",Sevilla,,41101,Spain,(95) 555 82 82,2,Andrew Fuller,"Vice President, Sales",8-14-1992,Tacoma,USA,1,Speedy Express,(503) 555-9831,10,Refrescos Americanas LTDA,Carlos Diaz,Brazil
11009,36,Inlagd Sill,Seafood,Seaweed and fish,19,19,18,0.25,256.5,4-8-1998,5-6-1998,4-10-1998,59.11,Godos Cocina T pica,"C/ Romero, 33",Sevilla,,41101,Spain,24 - 250 g  jars,112,0,20,0,GODOS,Godos Cocina T pica,Jos  Pedro Freyre,Sales Manager,"C/ Romero, 33",Sevilla,,41101,Spain,(95) 555 82 82,2,Andrew Fuller,"Vice President, Sales",8-14-1992,Tacoma,USA,1,Speedy Express,(503) 555-9831,17,Svensk Sj f da AB,Michael Bj rn,Sweden
11009,60,Camembert Pierrot,Dairy Products,Cheeses,34,34,9,0,306.0,4-8-1998,5-6-1998,4-10-1998,59.11,Godos Cocina T pica,"C/ Romero, 33",Sevilla,,41101,Spain,15 - 300 g rounds,19,0,0,0,GODOS,Godos Cocina T pica,Jos  Pedro Freyre,Sales Manager,"C/ Romero, 33",Sevilla,,41101,Spain,(95) 555 82 82,2,Andrew Fuller,"Vice President, Sales",8-14-1992,Tacoma,USA,1,Speedy Express,(503) 555-9831,28,Gai p turage,Eliane Noz,France
11010,7,Uncle Bob's Organic Dried Pears,Produce,Dried fruit and bean curd,30,30,20,0,600.0,4-9-1998,5-7-1998,4-21-1998,28.71,Reggiani Caseifici,Strada Provinciale 124,Reggio Emilia,,42100,Italy,12 - 1 lb pkgs.,15,0,10,0,REGGC,Reggiani Caseifici,Maurizio Moroni,Sales Associate,Strada Provinciale 124,Reggio Emilia,,42100,Italy,0522-556721,2,Andrew Fuller,"Vice President, Sales",8-14-1992,Tacoma,USA,2,United Package,(503) 555-3199,3,Grandma Kelly's Homestead,Regina Murphy,USA
11010,24,Guaran  Fant stica,Beverages,"Soft drinks, coffees, teas, beers, and ales",4.5,4.5,10,0,45.0,4-9-1998,5-7-1998,4-21-1998,28.71,Reggiani Caseifici,Strada Provinciale 124,Reggio Emilia,,42100,Italy,12 - 355 ml cans,20,0,0,1,REGGC,Reggiani Caseifici,Maurizio Moroni,Sales Associate,Strada Provinciale 124,Reggio Emilia,,42100,Italy,0522-556721,2,Andrew Fuller,"Vice President, Sales",8-14-1992,Tacoma,USA,2,United Package,(503) 555-3199,10,Refrescos Americanas LTDA,Carlos Diaz,Brazil
11011,58,Escargots de Bourgogne,Seafood,Seaweed and fish,13.25,13.25,40,0.05,503.5,4-9-1998,5-7-1998,4-13-1998,1.21,Alfred's Futterkiste,Obere Str. 57,Berlin,,12209,Germany,24 pieces,62,0,20,0,ALFKI,Alfreds Futterkiste,Maria Anders,Sales Representative,Obere Str. 57,Berlin,,12209,Germany,030-0074321,3,Janet Leverling,Sales Representative,4-1-1992,Kirkland,USA,1,Speedy Express,(503) 555-9831,27,Escargots Nouveaux,Marie Delamare,France
11011,71,Flotemysost,Dairy Products,Cheeses,21.5,21.5,20,0,430.0,4-9-1998,5-7-1998,4-13-1998,1.21,Alfred's Futterkiste,Obere Str. 57,Berlin,,12209,Germany,10 - 500 g pkgs.,26,0,0,0,ALFKI,Alfreds Futterkiste,Maria Anders,Sales Representative,Obere Str. 57,Berlin,,12209,Germany,030-0074321,3,Janet Leverling,Sales Representative,4-1-1992,Kirkland,USA,1,Speedy Express,(503) 555-9831,15,Norske Meierier,Beate Vileid,Norway
11012,19,Teatime Chocolate Biscuits,Confections,"Desserts, candies, and sweet breads",9.2,9.2,50,0.05,437.0,4-9-1998,4-23-1998,4-17-1998,242.95,Frankenversand,Berliner Platz 43,M nchen,,80805,Germany,10 boxes x 12 pieces,25,0,5,0,FRANK,Frankenversand,Peter Franken,Marketing Manager,Berliner Platz 43,M nchen,,80805,Germany,089-0877310,1,Nancy Davolio,Sales Representative,5-1-1992,Seattle,USA,3,Federal Shipping,(503) 555-9931,8,"Specialty Biscuits, Ltd.",Peter Wilson,UK
11012,60,Camembert Pierrot,Dairy Products,Cheeses,34,34,36,0.05,1162.8,4-9-1998,4-23-1998,4-17-1998,242.95,Frankenversand,Berliner Platz 43,M nchen,,80805,Germany,15 - 300 g rounds,19,0,0,0,FRANK,Frankenversand,Peter Franken,Marketing Manager,Berliner Platz 43,M nchen,,80805,Germany,089-0877310,1,Nancy Davolio,Sales Representative,5-1-1992,Seattle,USA,3,Federal Shipping,(503) 555-9931,28,Gai p turage,Eliane Noz,France
11012,71,Flotemysost,Dairy Products,Cheeses,21.5,21.5,60,0.05,1225.5,4-9-1998,4-23-1998,4-17-1998,242.95,Frankenversand,Berliner Platz 43,M nchen,,80805,Germany,10 - 500 g pkgs.,26,0,0,0,FRANK,Frankenversand,Peter Franken,Marketing Manager,Berliner Platz 43,M nchen,,80805,Germany,089-0877310,1,Nancy Davolio,Sales Representative,5-1-1992,Seattle,USA,3,Federal Shipping,(503) 555-9931,15,Norske Meierier,Beate Vileid,Norway
11013,23,Tunnbr d,Grains/Cereals,"Breads, crackers, pasta, and cereal",9,9,10,0,90.0,4-9-1998,5-7-1998,4-10-1998,32.99,Romero y tomillo,"Gran V a, 1",Madrid,,28001,Spain,12 - 250 g pkgs.,61,0,25,0,ROMEY,Romero y tomillo,Alejandra Camino,Accounting Manager,"Gran V a, 1",Madrid,,28001,Spain,(91) 745 6200,2,Andrew Fuller,"Vice President, Sales",8-14-1992,Tacoma,USA,1,Speedy Express,(503) 555-9831,9,PB Kn ckebr d AB,Lars Peterson,Sweden
11013,42,Singaporean Hokkien Fried Mee,Grains/Cereals,"Breads, crackers, pasta, and cereal",14,14,4,0,56.0,4-9-1998,5-7-1998,4-10-1998,32.99,Romero y tomillo,"Gran V a, 1",Madrid,,28001,Spain,32 - 1 kg pkgs.,26,0,0,1,ROMEY,Romero y tomillo,Alejandra Camino,Accounting Manager,"Gran V a, 1",Madrid,,28001,Spain,(91) 745 6200,2,Andrew Fuller,"Vice President, Sales",8-14-1992,Tacoma,USA,1,Speedy Express,(503) 555-9831,20,Leka Trading,Chandra Leka,Singapore
11013,45,Rogede sild,Seafood,Seaweed and fish,9.5,9.5,20,0,190.0,4-9-1998,5-7-1998,4-10-1998,32.99,Romero y tomillo,"Gran V a, 1",Madrid,,28001,Spain,1k pkg.,5,70,15,0,ROMEY,Romero y tomillo,Alejandra Camino,Accounting Manager,"Gran V a, 1",Madrid,,28001,Spain,(91) 745 6200,2,Andrew Fuller,"Vice President, Sales",8-14-1992,Tacoma,USA,1,Speedy Express,(503) 555-9831,21,Lyngbysild,Niels Petersen,Denmark
11013,68,Scottish Longbreads,Confections,"Desserts, candies, and sweet breads",12.5,12.5,2,0,25.0,4-9-1998,5-7-1998,4-10-1998,32.99,Romero y tomillo,"Gran V a, 1",Madrid,,28001,Spain,10 boxes x 8 pieces,6,10,15,0,ROMEY,Romero y tomillo,Alejandra Camino,Accounting Manager,"Gran V a, 1",Madrid,,28001,Spain,(91) 745 6200,2,Andrew Fuller,"Vice President, Sales",8-14-1992,Tacoma,USA,1,Speedy Express,(503) 555-9831,8,"Specialty Biscuits, Ltd.",Peter Wilson,UK
11014,41,Jack's New England Clam Chowder,Seafood,Seaweed and fish,9.65,9.65,28,0.1,243.18,4-10-1998,5-8-1998,4-15-1998,23.6,LINO-Delicateses,Ave. 5 de Mayo Porlamar,I. de Margarita,Nueva Esparta,4980,Venezuela,12 - 12 oz cans,85,0,10,0,LINOD,LINO-Delicateses,Felipe Izquierdo,Owner,Ave. 5 de Mayo Porlamar,I. de Margarita,Nueva Esparta,4980,Venezuela,(8) 34-56-12,2,Andrew Fuller,"Vice President, Sales",8-14-1992,Tacoma,USA,3,Federal Shipping,(503) 555-9931,19,New England Seafood Cannery,Robb Merchant,USA
11015,30,Nord-Ost Matjeshering,Seafood,Seaweed and fish,25.89,25.89,15,0,388.35,4-10-1998,4-24-1998,4-20-1998,4.62,Sant  Gourmet,Erling Skakkes gate 78,Stavern,,4110,Norway,10 - 200 g glasses,10,0,15,0,SANTG,Sant  Gourmet,Jonas Bergulfsen,Owner,Erling Skakkes gate 78,Stavern,,4110,Norway,07-98 92 35,2,Andrew Fuller,"Vice President, Sales",8-14-1992,Tacoma,USA,2,United Package,(503) 555-3199,13,Nord-Ost-Fisch Handelsgesellschaft mbH,Sven Petersen,Germany
11015,77,Original Frankfurter gr ne So e,Condiments,"Sweet and savory sauces, relishes, spreads, and seasonings",13,13,18,0,234.0,4-10-1998,4-24-1998,4-20-1998,4.62,Sant  Gourmet,Erling Skakkes gate 78,Stavern,,4110,Norway,12 boxes,32,0,15,0,SANTG,Sant  Gourmet,Jonas Bergulfsen,Owner,Erling Skakkes gate 78,Stavern,,4110,Norway,07-98 92 35,2,Andrew Fuller,"Vice President, Sales",8-14-1992,Tacoma,USA,2,United Package,(503) 555-3199,12,Plutzer Lebensmittelgro m rkte AG,Martin Bein,Germany
11016,31,Gorgonzola Telino,Dairy Products,Cheeses,12.5,12.5,15,0,187.5,4-10-1998,5-8-1998,4-13-1998,33.8,Around the Horn,Brook Farm Stratford St. Mary,Colchester,Essex,CO7 6JX,UK,12 - 100 g pkgs,0,70,20,0,AROUT,Around the Horn,Thomas Hardy,Sales Representative,120 Hanover Sq.,London,,WA1 1DP,UK,(171) 555-7788,9,Anne Dodsworth,Sales Representative,11-15-1994,London,UK,2,United Package,(503) 555-3199,14,Formaggi Fortini s.r.l.,Elio Rossi,Italy
11016,36,Inlagd Sill,Seafood,Seaweed and fish,19,19,16,0,304.0,4-10-1998,5-8-1998,4-13-1998,33.8,Around the Horn,Brook Farm Stratford St. Mary,Colchester,Essex,CO7 6JX,UK,24 - 250 g  jars,112,0,20,0,AROUT,Around the Horn,Thomas Hardy,Sales Representative,120 Hanover Sq.,London,,WA1 1DP,UK,(171) 555-7788,9,Anne Dodsworth,Sales Representative,11-15-1994,London,UK,2,United Package,(503) 555-3199,17,Svensk Sj f da AB,Michael Bj rn,Sweden
11017,3,Aniseed Syrup,Condiments,"Sweet and savory sauces, relishes, spreads, and seasonings",10,10,25,0,250.0,4-13-1998,5-11-1998,4-20-1998,754.26,Ernst Handel,Kirchgasse 6,Graz,,8010,Austria,12 - 550 ml bottles,13,70,25,0,ERNSH,Ernst Handel,Roland Mendel,Sales Manager,Kirchgasse 6,Graz,,8010,Austria,7675-3425,9,Anne Dodsworth,Sales Representative,11-15-1994,London,UK,2,United Package,(503) 555-3199,1,Exotic Liquids,Charlotte Cooper,UK
11017,59,Raclette Courdavault,Dairy Products,Cheeses,55,55,110,0,6050.0,4-13-1998,5-11-1998,4-20-1998,754.26,Ernst Handel,Kirchgasse 6,Graz,,8010,Austria,5 kg pkg.,79,0,0,0,ERNSH,Ernst Handel,Roland Mendel,Sales Manager,Kirchgasse 6,Graz,,8010,Austria,7675-3425,9,Anne Dodsworth,Sales Representative,11-15-1994,London,UK,2,United Package,(503) 555-3199,28,Gai p turage,Eliane Noz,France
11017,70,Outback Lager,Beverages,"Soft drinks, coffees, teas, beers, and ales",15,15,30,0,450.0,4-13-1998,5-11-1998,4-20-1998,754.26,Ernst Handel,Kirchgasse 6,Graz,,8010,Austria,24 - 355 ml bottles,15,10,30,0,ERNSH,Ernst Handel,Roland Mendel,Sales Manager,Kirchgasse 6,Graz,,8010,Austria,7675-3425,9,Anne Dodsworth,Sales Representative,11-15-1994,London,UK,2,United Package,(503) 555-3199,7,"Pavlova, Ltd.",Ian Devling,Australia
11018,12,Queso Manchego La Pastora,Dairy Products,Cheeses,38,38,20,0,760.0,4-13-1998,5-11-1998,4-16-1998,11.65,Lonesome Pine Restaurant,89 Chiaroscuro Rd.,Portland,OR,97219,USA,10 - 500 g pkgs.,86,0,0,0,LONEP,Lonesome Pine Restaurant,Fran Wilson,Sales Manager,89 Chiaroscuro Rd.,Portland,OR,97219,USA,(503) 555-9573,4,Margaret Peacock,Sales Representative,5-3-1993,Redmond,USA,2,United Package,(503) 555-3199,5,Cooperativa de Quesos 'Las Cabras',Antonio del Valle Saavedra,Spain
11018,18,Carnarvon Tigers,Seafood,Seaweed and fish,62.5,62.5,10,0,625.0,4-13-1998,5-11-1998,4-16-1998,11.65,Lonesome Pine Restaurant,89 Chiaroscuro Rd.,Portland,OR,97219,USA,16 kg pkg.,42,0,0,0,LONEP,Lonesome Pine Restaurant,Fran Wilson,Sales Manager,89 Chiaroscuro Rd.,Portland,OR,97219,USA,(503) 555-9573,4,Margaret Peacock,Sales Representative,5-3-1993,Redmond,USA,2,United Package,(503) 555-3199,7,"Pavlova, Ltd.",Ian Devling,Australia
11018,56,Gnocchi di nonna Alice,Grains/Cereals,"Breads, crackers, pasta, and cereal",38,38,5,0,190.0,4-13-1998,5-11-1998,4-16-1998,11.65,Lonesome Pine Restaurant,89 Chiaroscuro Rd.,Portland,OR,97219,USA,24 - 250 g pkgs.,21,10,30,0,LONEP,Lonesome Pine Restaurant,Fran Wilson,Sales Manager,89 Chiaroscuro Rd.,Portland,OR,97219,USA,(503) 555-9573,4,Margaret Peacock,Sales Representative,5-3-1993,Redmond,USA,2,United Package,(503) 555-3199,26,Pasta Buttini s.r.l.,Giovanni Giudici,Italy
11019,46,Spegesild,Seafood,Seaweed and fish,12,12,3,0,36.0,4-13-1998,5-11-1998,,3.17,Rancho grande,Av. del Libertador 900,Buenos Aires,,1010,Argentina,4 - 450 g glasses,95,0,0,0,RANCH,Rancho grande,Sergio Guti rrez,Sales Representative,Av. del Libertador 900,Buenos Aires,,1010,Argentina,(1) 123-5555,6,Michael Suyama,Sales Representative,10-17-1993,London,UK,3,Federal Shipping,(503) 555-9931,21,Lyngbysild,Niels Petersen,Denmark
11019,49,Maxilaku,Confections,"Desserts, candies, and sweet breads",20,20,2,0,40.0,4-13-1998,5-11-1998,,3.17,Rancho grande,Av. del Libertador 900,Buenos Aires,,1010,Argentina,24 - 50 g pkgs.,10,60,15,0,RANCH,Rancho grande,Sergio Guti rrez,Sales Representative,Av. del Libertador 900,Buenos Aires,,1010,Argentina,(1) 123-5555,6,Michael Suyama,Sales Representative,10-17-1993,London,UK,3,Federal Shipping,(503) 555-9931,23,Karkki Oy,Anne Heikkonen,Finland
11020,10,Ikura,Seafood,Seaweed and fish,31,31,24,0.15,632.4,4-14-1998,5-12-1998,4-16-1998,43.3,Ottilies K seladen,Mehrheimerstr. 369,K ln,,50739,Germany,12 - 200 ml jars,31,0,0,0,OTTIK,Ottilies K seladen,Henriette Pfalzheim,Owner,Mehrheimerstr. 369,K ln,,50739,Germany,0221-0644327,2,Andrew Fuller,"Vice President, Sales",8-14-1992,Tacoma,USA,2,United Package,(503) 555-3199,4,Tokyo Traders,Yoshi Nagase,Japan
11021,2,Chang,Beverages,"Soft drinks, coffees, teas, beers, and ales",19,19,11,0.25,156.75,4-14-1998,5-12-1998,4-21-1998,297.18,QUICK-Stop,Taucherstra e 10,Cunewalde,,01307,Germany,24 - 12 oz bottles,17,40,25,1,QUICK,QUICK-Stop,Horst Kloss,Accounting Manager,Taucherstra e 10,Cunewalde,,01307,Germany,0372-035188,3,Janet Leverling,Sales Representative,4-1-1992,Kirkland,USA,1,Speedy Express,(503) 555-9831,1,Exotic Liquids,Charlotte Cooper,UK
11021,20,Sir Rodney's Marmalade,Confections,"Desserts, candies, and sweet breads",81,81,15,0,1215.0,4-14-1998,5-12-1998,4-21-1998,297.18,QUICK-Stop,Taucherstra e 10,Cunewalde,,01307,Germany,30 gift boxes,40,0,0,0,QUICK,QUICK-Stop,Horst Kloss,Accounting Manager,Taucherstra e 10,Cunewalde,,01307,Germany,0372-035188,3,Janet Leverling,Sales Representative,4-1-1992,Kirkland,USA,1,Speedy Express,(503) 555-9831,8,"Specialty Biscuits, Ltd.",Peter Wilson,UK
11021,26,Gumb r Gummib rchen,Confections,"Desserts, candies, and sweet breads",31.23,31.23,63,0,1967.49,4-14-1998,5-12-1998,4-21-1998,297.18,QUICK-Stop,Taucherstra e 10,Cunewalde,,01307,Germany,100 - 250 g bags,15,0,0,0,QUICK,QUICK-Stop,Horst Kloss,Accounting Manager,Taucherstra e 10,Cunewalde,,01307,Germany,0372-035188,3,Janet Leverling,Sales Representative,4-1-1992,Kirkland,USA,1,Speedy Express,(503) 555-9831,11,Heli S  waren GmbH & Co. KG,Petra Winkler,Germany
11021,51,Manjimup Dried Apples,Produce,Dried fruit and bean curd,53,53,44,0.25,1749.0,4-14-1998,5-12-1998,4-21-1998,297.18,QUICK-Stop,Taucherstra e 10,Cunewalde,,01307,Germany,50 - 300 g pkgs.,20,0,10,0,QUICK,QUICK-Stop,Horst Kloss,Accounting Manager,Taucherstra e 10,Cunewalde,,01307,Germany,0372-035188,3,Janet Leverling,Sales Representative,4-1-1992,Kirkland,USA,1,Speedy Express,(503) 555-9831,24,"G'day, Mate",Wendy Mackenzie,Australia
11021,72,Mozzarella di Giovanni,Dairy Products,Cheeses,34.8,34.8,35,0,1218.0,4-14-1998,5-12-1998,4-21-1998,297.18,QUICK-Stop,Taucherstra e 10,Cunewalde,,01307,Germany,24 - 200 g pkgs.,14,0,0,0,QUICK,QUICK-Stop,Horst Kloss,Accounting Manager,Taucherstra e 10,Cunewalde,,01307,Germany,0372-035188,3,Janet Leverling,Sales Representative,4-1-1992,Kirkland,USA,1,Speedy Express,(503) 555-9831,14,Formaggi Fortini s.r.l.,Elio Rossi,Italy
11022,19,Teatime Chocolate Biscuits,Confections,"Desserts, candies, and sweet breads",9.2,9.2,35,0,322.0,4-14-1998,5-12-1998,5-4-1998,6.27,Hanari Carnes,"Rua do Pa o, 67",Rio de Janeiro,RJ,05454-876,Brazil,10 boxes x 12 pieces,25,0,5,0,HANAR,Hanari Carnes,Mario Pontes,Accounting Manager,"Rua do Pa o, 67",Rio de Janeiro,RJ,05454-876,Brazil,(21) 555-0091,9,Anne Dodsworth,Sales Representative,11-15-1994,London,UK,2,United Package,(503) 555-3199,8,"Specialty Biscuits, Ltd.",Peter Wilson,UK
11022,69,Gudbrandsdalsost,Dairy Products,Cheeses,36,36,30,0,1080.0,4-14-1998,5-12-1998,5-4-1998,6.27,Hanari Carnes,"Rua do Pa o, 67",Rio de Janeiro,RJ,05454-876,Brazil,10 kg pkg.,26,0,15,0,HANAR,Hanari Carnes,Mario Pontes,Accounting Manager,"Rua do Pa o, 67",Rio de Janeiro,RJ,05454-876,Brazil,(21) 555-0091,9,Anne Dodsworth,Sales Representative,11-15-1994,London,UK,2,United Package,(503) 555-3199,15,Norske Meierier,Beate Vileid,Norway
11023,7,Uncle Bob's Organic Dried Pears,Produce,Dried fruit and bean curd,30,30,4,0,120.0,4-14-1998,4-28-1998,4-24-1998,123.83,B's Beverages,Fauntleroy Circus,London,,EC2 5NT,UK,12 - 1 lb pkgs.,15,0,10,0,BSBEV,B's Beverages,Victoria Ashworth,Sales Representative,Fauntleroy Circus,London,,EC2 5NT,UK,(171) 555-1212,1,Nancy Davolio,Sales Representative,5-1-1992,Seattle,USA,2,United Package,(503) 555-3199,3,Grandma Kelly's Homestead,Regina Murphy,USA
11023,43,Ipoh Coffee,Beverages,"Soft drinks, coffees, teas, beers, and ales",46,46,30,0,1380.0,4-14-1998,4-28-1998,4-24-1998,123.83,B's Beverages,Fauntleroy Circus,London,,EC2 5NT,UK,16 - 500 g tins,17,10,25,0,BSBEV,B's Beverages,Victoria Ashworth,Sales Representative,Fauntleroy Circus,London,,EC2 5NT,UK,(171) 555-1212,1,Nancy Davolio,Sales Representative,5-1-1992,Seattle,USA,2,United Package,(503) 555-3199,20,Leka Trading,Chandra Leka,Singapore
11024,26,Gumb r Gummib rchen,Confections,"Desserts, candies, and sweet breads",31.23,31.23,12,0,374.76,4-15-1998,5-13-1998,4-20-1998,74.36,Eastern Connection,35 King George,London,,WX3 6FW,UK,100 - 250 g bags,15,0,0,0,EASTC,Eastern Connection,Ann Devon,Sales Agent,35 King George,London,,WX3 6FW,UK,(171) 555-0297,4,Margaret Peacock,Sales Representative,5-3-1993,Redmond,USA,1,Speedy Express,(503) 555-9831,11,Heli S  waren GmbH & Co. KG,Petra Winkler,Germany
11024,33,Geitost,Dairy Products,Cheeses,2.5,2.5,30,0,75.0,4-15-1998,5-13-1998,4-20-1998,74.36,Eastern Connection,35 King George,London,,WX3 6FW,UK,500 g,112,0,20,0,EASTC,Eastern Connection,Ann Devon,Sales Agent,35 King George,London,,WX3 6FW,UK,(171) 555-0297,4,Margaret Peacock,Sales Representative,5-3-1993,Redmond,USA,1,Speedy Express,(503) 555-9831,15,Norske Meierier,Beate Vileid,Norway
11024,65,Louisiana Fiery Hot Pepper Sauce,Condiments,"Sweet and savory sauces, relishes, spreads, and seasonings",21.05,21.05,21,0,442.05,4-15-1998,5-13-1998,4-20-1998,74.36,Eastern Connection,35 King George,London,,WX3 6FW,UK,32 - 8 oz bottles,76,0,0,0,EASTC,Eastern Connection,Ann Devon,Sales Agent,35 King George,London,,WX3 6FW,UK,(171) 555-0297,4,Margaret Peacock,Sales Representative,5-3-1993,Redmond,USA,1,Speedy Express,(503) 555-9831,2,New Orleans Cajun Delights,Shelley Burke,USA
11024,71,Flotemysost,Dairy Products,Cheeses,21.5,21.5,50,0,1075.0,4-15-1998,5-13-1998,4-20-1998,74.36,Eastern Connection,35 King George,London,,WX3 6FW,UK,10 - 500 g pkgs.,26,0,0,0,EASTC,Eastern Connection,Ann Devon,Sales Agent,35 King George,London,,WX3 6FW,UK,(171) 555-0297,4,Margaret Peacock,Sales Representative,5-3-1993,Redmond,USA,1,Speedy Express,(503) 555-9831,15,Norske Meierier,Beate Vileid,Norway
11025,1,Chai,Beverages,"Soft drinks, coffees, teas, beers, and ales",18,18,10,0.1,162.0,4-15-1998,5-13-1998,4-24-1998,29.17,Wartian Herkku,Torikatu 38,Oulu,,90110,Finland,10 boxes x 30 bags,39,0,10,1,WARTH,Wartian Herkku,Pirkko Koskitalo,Accounting Manager,Torikatu 38,Oulu,,90110,Finland,981-443655,6,Michael Suyama,Sales Representative,10-17-1993,London,UK,3,Federal Shipping,(503) 555-9931,8,"Specialty Biscuits, Ltd.",Peter Wilson,UK
11025,13,Konbu,Seafood,Seaweed and fish,6,6,20,0.1,108.0,4-15-1998,5-13-1998,4-24-1998,29.17,Wartian Herkku,Torikatu 38,Oulu,,90110,Finland,2 kg box,24,0,5,0,WARTH,Wartian Herkku,Pirkko Koskitalo,Accounting Manager,Torikatu 38,Oulu,,90110,Finland,981-443655,6,Michael Suyama,Sales Representative,10-17-1993,London,UK,3,Federal Shipping,(503) 555-9931,6,Mayumi's,Mayumi Ohno,Japan
11026,18,Carnarvon Tigers,Seafood,Seaweed and fish,62.5,62.5,8,0,500.0,4-15-1998,5-13-1998,4-28-1998,47.09,Franchi S.p.A.,Via Monte Bianco 34,Torino,,10100,Italy,16 kg pkg.,42,0,0,0,FRANS,Franchi S.p.A.,Paolo Accorti,Sales Representative,Via Monte Bianco 34,Torino,,10100,Italy,011-4988260,4,Margaret Peacock,Sales Representative,5-3-1993,Redmond,USA,1,Speedy Express,(503) 555-9831,7,"Pavlova, Ltd.",Ian Devling,Australia
11026,51,Manjimup Dried Apples,Produce,Dried fruit and bean curd,53,53,10,0,530.0,4-15-1998,5-13-1998,4-28-1998,47.09,Franchi S.p.A.,Via Monte Bianco 34,Torino,,10100,Italy,50 - 300 g pkgs.,20,0,10,0,FRANS,Franchi S.p.A.,Paolo Accorti,Sales Representative,Via Monte Bianco 34,Torino,,10100,Italy,011-4988260,4,Margaret Peacock,Sales Representative,5-3-1993,Redmond,USA,1,Speedy Express,(503) 555-9831,24,"G'day, Mate",Wendy Mackenzie,Australia
11027,24,Guaran  Fant stica,Beverages,"Soft drinks, coffees, teas, beers, and ales",4.5,4.5,30,0.25,101.25,4-16-1998,5-14-1998,4-20-1998,52.52,Bottom-Dollar Markets,23 Tsawassen Blvd.,Tsawassen,BC,T2F 8M4,Canada,12 - 355 ml cans,20,0,0,1,BOTTM,Bottom-Dollar Markets,Elizabeth Lincoln,Accounting Manager,23 Tsawassen Blvd.,Tsawassen,BC,T2F 8M4,Canada,(604) 555-4729,1,Nancy Davolio,Sales Representative,5-1-1992,Seattle,USA,1,Speedy Express,(503) 555-9831,10,Refrescos Americanas LTDA,Carlos Diaz,Brazil
11027,62,Tarte au sucre,Confections,"Desserts, candies, and sweet breads",49.3,49.3,21,0.25,776.47,4-16-1998,5-14-1998,4-20-1998,52.52,Bottom-Dollar Markets,23 Tsawassen Blvd.,Tsawassen,BC,T2F 8M4,Canada,48 pies,17,0,0,0,BOTTM,Bottom-Dollar Markets,Elizabeth Lincoln,Accounting Manager,23 Tsawassen Blvd.,Tsawassen,BC,T2F 8M4,Canada,(604) 555-4729,1,Nancy Davolio,Sales Representative,5-1-1992,Seattle,USA,1,Speedy Express,(503) 555-9831,29,For ts d' rables,Chantal Goulet,Canada
11028,55,P t  chinois,Meat/Poultry,Prepared meats,24,24,35,0,840.0,4-16-1998,5-14-1998,4-22-1998,29.59,K niglich Essen,Maubelstr. 90,Brandenburg,,14776,Germany,24 boxes x 2 pies,115,0,20,0,KOENE,K niglich Essen,Philip Cramer,Sales Associate,Maubelstr. 90,Brandenburg,,14776,Germany,0555-09876,2,Andrew Fuller,"Vice President, Sales",8-14-1992,Tacoma,USA,1,Speedy Express,(503) 555-9831,25,Ma Maison,Jean-Guy Lauzon,Canada
11028,59,Raclette Courdavault,Dairy Products,Cheeses,55,55,24,0,1320.0,4-16-1998,5-14-1998,4-22-1998,29.59,K niglich Essen,Maubelstr. 90,Brandenburg,,14776,Germany,5 kg pkg.,79,0,0,0,KOENE,K niglich Essen,Philip Cramer,Sales Associate,Maubelstr. 90,Brandenburg,,14776,Germany,0555-09876,2,Andrew Fuller,"Vice President, Sales",8-14-1992,Tacoma,USA,1,Speedy Express,(503) 555-9831,28,Gai p turage,Eliane Noz,France
11029,56,Gnocchi di nonna Alice,Grains/Cereals,"Breads, crackers, pasta, and cereal",38,38,20,0,760.0,4-16-1998,5-14-1998,4-27-1998,47.84,Chop-suey Chinese,Hauptstr. 31,Bern,,3012,Switzerland,24 - 250 g pkgs.,21,10,30,0,CHOPS,Chop-suey Chinese,Yang Wang,Owner,Hauptstr. 29,Bern,,3012,Switzerland,0452-076545,4,Margaret Peacock,Sales Representative,5-3-1993,Redmond,USA,1,Speedy Express,(503) 555-9831,26,Pasta Buttini s.r.l.,Giovanni Giudici,Italy
11029,63,Vegie-spread,Condiments,"Sweet and savory sauces, relishes, spreads, and seasonings",43.9,43.9,12,0,526.8,4-16-1998,5-14-1998,4-27-1998,47.84,Chop-suey Chinese,Hauptstr. 31,Bern,,3012,Switzerland,15 - 625 g jars,24,0,5,0,CHOPS,Chop-suey Chinese,Yang Wang,Owner,Hauptstr. 29,Bern,,3012,Switzerland,0452-076545,4,Margaret Peacock,Sales Representative,5-3-1993,Redmond,USA,1,Speedy Express,(503) 555-9831,7,"Pavlova, Ltd.",Ian Devling,Australia
11030,2,Chang,Beverages,"Soft drinks, coffees, teas, beers, and ales",19,19,100,0.25,1425.0,4-17-1998,5-15-1998,4-27-1998,830.75,Save-a-lot Markets,187 Suffolk Ln.,Boise,ID,83720,USA,24 - 12 oz bottles,17,40,25,1,SAVEA,Save-a-lot Markets,Jose Pavarotti,Sales Representative,187 Suffolk Ln.,Boise,ID,83720,USA,(208) 555-8097,7,Robert King,Sales Representative,1-2-1994,London,UK,2,United Package,(503) 555-3199,1,Exotic Liquids,Charlotte Cooper,UK
11030,5,Chef Anton's Gumbo Mix,Condiments,"Sweet and savory sauces, relishes, spreads, and seasonings",21.35,21.35,70,0,1494.5,4-17-1998,5-15-1998,4-27-1998,830.75,Save-a-lot Markets,187 Suffolk Ln.,Boise,ID,83720,USA,36 boxes,0,0,0,1,SAVEA,Save-a-lot Markets,Jose Pavarotti,Sales Representative,187 Suffolk Ln.,Boise,ID,83720,USA,(208) 555-8097,7,Robert King,Sales Representative,1-2-1994,London,UK,2,United Package,(503) 555-3199,2,New Orleans Cajun Delights,Shelley Burke,USA
11030,29,Th ringer Rostbratwurst,Meat/Poultry,Prepared meats,123.79,123.79,60,0.25,5570.55,4-17-1998,5-15-1998,4-27-1998,830.75,Save-a-lot Markets,187 Suffolk Ln.,Boise,ID,83720,USA,50 bags x 30 sausgs.,0,0,0,1,SAVEA,Save-a-lot Markets,Jose Pavarotti,Sales Representative,187 Suffolk Ln.,Boise,ID,83720,USA,(208) 555-8097,7,Robert King,Sales Representative,1-2-1994,London,UK,2,United Package,(503) 555-3199,12,Plutzer Lebensmittelgro m rkte AG,Martin Bein,Germany
11030,59,Raclette Courdavault,Dairy Products,Cheeses,55,55,100,0.25,4125.0,4-17-1998,5-15-1998,4-27-1998,830.75,Save-a-lot Markets,187 Suffolk Ln.,Boise,ID,83720,USA,5 kg pkg.,79,0,0,0,SAVEA,Save-a-lot Markets,Jose Pavarotti,Sales Representative,187 Suffolk Ln.,Boise,ID,83720,USA,(208) 555-8097,7,Robert King,Sales Representative,1-2-1994,London,UK,2,United Package,(503) 555-3199,28,Gai p turage,Eliane Noz,France
11031,1,Chai,Beverages,"Soft drinks, coffees, teas, beers, and ales",18,18,45,0,810.0,4-17-1998,5-15-1998,4-24-1998,227.22,Save-a-lot Markets,187 Suffolk Ln.,Boise,ID,83720,USA,10 boxes x 30 bags,39,0,10,1,SAVEA,Save-a-lot Markets,Jose Pavarotti,Sales Representative,187 Suffolk Ln.,Boise,ID,83720,USA,(208) 555-8097,6,Michael Suyama,Sales Representative,10-17-1993,London,UK,2,United Package,(503) 555-3199,8,"Specialty Biscuits, Ltd.",Peter Wilson,UK
11031,13,Konbu,Seafood,Seaweed and fish,6,6,80,0,480.0,4-17-1998,5-15-1998,4-24-1998,227.22,Save-a-lot Markets,187 Suffolk Ln.,Boise,ID,83720,USA,2 kg box,24,0,5,0,SAVEA,Save-a-lot Markets,Jose Pavarotti,Sales Representative,187 Suffolk Ln.,Boise,ID,83720,USA,(208) 555-8097,6,Michael Suyama,Sales Representative,10-17-1993,London,UK,2,United Package,(503) 555-3199,6,Mayumi's,Mayumi Ohno,Japan
11031,24,Guaran  Fant stica,Beverages,"Soft drinks, coffees, teas, beers, and ales",4.5,4.5,21,0,94.5,4-17-1998,5-15-1998,4-24-1998,227.22,Save-a-lot Markets,187 Suffolk Ln.,Boise,ID,83720,USA,12 - 355 ml cans,20,0,0,1,SAVEA,Save-a-lot Markets,Jose Pavarotti,Sales Representative,187 Suffolk Ln.,Boise,ID,83720,USA,(208) 555-8097,6,Michael Suyama,Sales Representative,10-17-1993,London,UK,2,United Package,(503) 555-3199,10,Refrescos Americanas LTDA,Carlos Diaz,Brazil
11031,64,Wimmers gute Semmelkn del,Grains/Cereals,"Breads, crackers, pasta, and cereal",33.25,33.25,20,0,665.0,4-17-1998,5-15-1998,4-24-1998,227.22,Save-a-lot Markets,187 Suffolk Ln.,Boise,ID,83720,USA,20 bags x 4 pieces,22,80,30,0,SAVEA,Save-a-lot Markets,Jose Pavarotti,Sales Representative,187 Suffolk Ln.,Boise,ID,83720,USA,(208) 555-8097,6,Michael Suyama,Sales Representative,10-17-1993,London,UK,2,United Package,(503) 555-3199,12,Plutzer Lebensmittelgro m rkte AG,Martin Bein,Germany
11031,71,Flotemysost,Dairy Products,Cheeses,21.5,21.5,16,0,344.0,4-17-1998,5-15-1998,4-24-1998,227.22,Save-a-lot Markets,187 Suffolk Ln.,Boise,ID,83720,USA,10 - 500 g pkgs.,26,0,0,0,SAVEA,Save-a-lot Markets,Jose Pavarotti,Sales Representative,187 Suffolk Ln.,Boise,ID,83720,USA,(208) 555-8097,6,Michael Suyama,Sales Representative,10-17-1993,London,UK,2,United Package,(503) 555-3199,15,Norske Meierier,Beate Vileid,Norway
11032,36,Inlagd Sill,Seafood,Seaweed and fish,19,19,35,0,665.0,4-17-1998,5-15-1998,4-23-1998,606.19,White Clover Markets,1029 - 12th Ave. S.,Seattle,WA,98124,USA,24 - 250 g  jars,112,0,20,0,WHITC,White Clover Markets,Karl Jablonski,Owner,305 - 14th Ave. S. Suite 3B,Seattle,WA,98128,USA,(206) 555-4112,2,Andrew Fuller,"Vice President, Sales",8-14-1992,Tacoma,USA,3,Federal Shipping,(503) 555-9931,17,Svensk Sj f da AB,Michael Bj rn,Sweden
11032,38,C te de Blaye,Beverages,"Soft drinks, coffees, teas, beers, and ales",263.5,263.5,25,0,6587.5,4-17-1998,5-15-1998,4-23-1998,606.19,White Clover Markets,1029 - 12th Ave. S.,Seattle,WA,98124,USA,12 - 75 cl bottles,17,0,15,0,WHITC,White Clover Markets,Karl Jablonski,Owner,305 - 14th Ave. S. Suite 3B,Seattle,WA,98128,USA,(206) 555-4112,2,Andrew Fuller,"Vice President, Sales",8-14-1992,Tacoma,USA,3,Federal Shipping,(503) 555-9931,18,Aux joyeux eccl siastiques,Guyl ne Nodier,France
11032,59,Raclette Courdavault,Dairy Products,Cheeses,55,55,30,0,1650.0,4-17-1998,5-15-1998,4-23-1998,606.19,White Clover Markets,1029 - 12th Ave. S.,Seattle,WA,98124,USA,5 kg pkg.,79,0,0,0,WHITC,White Clover Markets,Karl Jablonski,Owner,305 - 14th Ave. S. Suite 3B,Seattle,WA,98128,USA,(206) 555-4112,2,Andrew Fuller,"Vice President, Sales",8-14-1992,Tacoma,USA,3,Federal Shipping,(503) 555-9931,28,Gai p turage,Eliane Noz,France
11033,53,Perth Pasties,Meat/Poultry,Prepared meats,32.8,32.8,70,0.1,2066.4,4-17-1998,5-15-1998,4-23-1998,84.74,Richter Supermarkt,Starenweg 5,Gen ve,,1204,Switzerland,48 pieces,0,0,0,1,RICSU,Richter Supermarkt,Michael Holz,Sales Manager,Grenzacherweg 237,Gen ve,,1203,Switzerland,0897-034214,7,Robert King,Sales Representative,1-2-1994,London,UK,3,Federal Shipping,(503) 555-9931,24,"G'day, Mate",Wendy Mackenzie,Australia
11033,69,Gudbrandsdalsost,Dairy Products,Cheeses,36,36,36,0.1,1166.4,4-17-1998,5-15-1998,4-23-1998,84.74,Richter Supermarkt,Starenweg 5,Gen ve,,1204,Switzerland,10 kg pkg.,26,0,15,0,RICSU,Richter Supermarkt,Michael Holz,Sales Manager,Grenzacherweg 237,Gen ve,,1203,Switzerland,0897-034214,7,Robert King,Sales Representative,1-2-1994,London,UK,3,Federal Shipping,(503) 555-9931,15,Norske Meierier,Beate Vileid,Norway
11034,21,Sir Rodney's Scones,Confections,"Desserts, candies, and sweet breads",10,10,15,0.1,135.0,4-20-1998,6-1-1998,4-27-1998,40.32,Old World Delicatessen,2743 Bering St.,Anchorage,AK,99508,USA,24 pkgs. x 4 pieces,3,40,5,0,OLDWO,Old World Delicatessen,Rene Phillips,Sales Representative,2743 Bering St.,Anchorage,AK,99508,USA,(907) 555-7584,8,Laura Callahan,Inside Sales Coordinator,3-5-1994,Seattle,USA,1,Speedy Express,(503) 555-9831,8,"Specialty Biscuits, Ltd.",Peter Wilson,UK
11034,44,Gula Malacca,Condiments,"Sweet and savory sauces, relishes, spreads, and seasonings",19.45,19.45,12,0,233.4,4-20-1998,6-1-1998,4-27-1998,40.32,Old World Delicatessen,2743 Bering St.,Anchorage,AK,99508,USA,20 - 2 kg bags,27,0,15,0,OLDWO,Old World Delicatessen,Rene Phillips,Sales Representative,2743 Bering St.,Anchorage,AK,99508,USA,(907) 555-7584,8,Laura Callahan,Inside Sales Coordinator,3-5-1994,Seattle,USA,1,Speedy Express,(503) 555-9831,20,Leka Trading,Chandra Leka,Singapore
11034,61,Sirop d' rable,Condiments,"Sweet and savory sauces, relishes, spreads, and seasonings",28.5,28.5,6,0,171.0,4-20-1998,6-1-1998,4-27-1998,40.32,Old World Delicatessen,2743 Bering St.,Anchorage,AK,99508,USA,24 - 500 ml bottles,113,0,25,0,OLDWO,Old World Delicatessen,Rene Phillips,Sales Representative,2743 Bering St.,Anchorage,AK,99508,USA,(907) 555-7584,8,Laura Callahan,Inside Sales Coordinator,3-5-1994,Seattle,USA,1,Speedy Express,(503) 555-9831,29,For ts d' rables,Chantal Goulet,Canada
11035,1,Chai,Beverages,"Soft drinks, coffees, teas, beers, and ales",18,18,10,0,180.0,4-20-1998,5-18-1998,4-24-1998,0.17,Supr mes d lices,"Boulevard Tirou, 255",Charleroi,,B-6000,Belgium,10 boxes x 30 bags,39,0,10,1,SUPRD,Supr mes d lices,Pascale Cartrain,Accounting Manager,"Boulevard Tirou, 255",Charleroi,,B-6000,Belgium,(071) 23 67 22 20,2,Andrew Fuller,"Vice President, Sales",8-14-1992,Tacoma,USA,2,United Package,(503) 555-3199,8,"Specialty Biscuits, Ltd.",Peter Wilson,UK
11035,35,Steeleye Stout,Beverages,"Soft drinks, coffees, teas, beers, and ales",18,18,60,0,1080.0,4-20-1998,5-18-1998,4-24-1998,0.17,Supr mes d lices,"Boulevard Tirou, 255",Charleroi,,B-6000,Belgium,24 - 12 oz bottles,20,0,15,0,SUPRD,Supr mes d lices,Pascale Cartrain,Accounting Manager,"Boulevard Tirou, 255",Charleroi,,B-6000,Belgium,(071) 23 67 22 20,2,Andrew Fuller,"Vice President, Sales",8-14-1992,Tacoma,USA,2,United Package,(503) 555-3199,16,Bigfoot Breweries,Cheryl Saylor,USA
11035,42,Singaporean Hokkien Fried Mee,Grains/Cereals,"Breads, crackers, pasta, and cereal",14,14,30,0,420.0,4-20-1998,5-18-1998,4-24-1998,0.17,Supr mes d lices,"Boulevard Tirou, 255",Charleroi,,B-6000,Belgium,32 - 1 kg pkgs.,26,0,0,1,SUPRD,Supr mes d lices,Pascale Cartrain,Accounting Manager,"Boulevard Tirou, 255",Charleroi,,B-6000,Belgium,(071) 23 67 22 20,2,Andrew Fuller,"Vice President, Sales",8-14-1992,Tacoma,USA,2,United Package,(503) 555-3199,20,Leka Trading,Chandra Leka,Singapore
11035,54,Tourti re,Meat/Poultry,Prepared meats,7.45,7.45,10,0,74.5,4-20-1998,5-18-1998,4-24-1998,0.17,Supr mes d lices,"Boulevard Tirou, 255",Charleroi,,B-6000,Belgium,16 pies,21,0,10,0,SUPRD,Supr mes d lices,Pascale Cartrain,Accounting Manager,"Boulevard Tirou, 255",Charleroi,,B-6000,Belgium,(071) 23 67 22 20,2,Andrew Fuller,"Vice President, Sales",8-14-1992,Tacoma,USA,2,United Package,(503) 555-3199,25,Ma Maison,Jean-Guy Lauzon,Canada
11036,13,Konbu,Seafood,Seaweed and fish,6,6,7,0,42.0,4-20-1998,5-18-1998,4-22-1998,149.47,Drachenblut Delikatessen,Walserweg 21,Aachen,,52066,Germany,2 kg box,24,0,5,0,DRACD,Drachenblut Delikatessen,Sven Ottlieb,Order Administrator,Walserweg 21,Aachen,,52066,Germany,0241-039123,8,Laura Callahan,Inside Sales Coordinator,3-5-1994,Seattle,USA,3,Federal Shipping,(503) 555-9931,6,Mayumi's,Mayumi Ohno,Japan
11036,59,Raclette Courdavault,Dairy Products,Cheeses,55,55,30,0,1650.0,4-20-1998,5-18-1998,4-22-1998,149.47,Drachenblut Delikatessen,Walserweg 21,Aachen,,52066,Germany,5 kg pkg.,79,0,0,0,DRACD,Drachenblut Delikatessen,Sven Ottlieb,Order Administrator,Walserweg 21,Aachen,,52066,Germany,0241-039123,8,Laura Callahan,Inside Sales Coordinator,3-5-1994,Seattle,USA,3,Federal Shipping,(503) 555-9931,28,Gai p turage,Eliane Noz,France
11037,70,Outback Lager,Beverages,"Soft drinks, coffees, teas, beers, and ales",15,15,4,0,60.0,4-21-1998,5-19-1998,4-27-1998,3.2,Godos Cocina T pica,"C/ Romero, 33",Sevilla,,41101,Spain,24 - 355 ml bottles,15,10,30,0,GODOS,Godos Cocina T pica,Jos  Pedro Freyre,Sales Manager,"C/ Romero, 33",Sevilla,,41101,Spain,(95) 555 82 82,7,Robert King,Sales Representative,1-2-1994,London,UK,1,Speedy Express,(503) 555-9831,7,"Pavlova, Ltd.",Ian Devling,Australia
11038,40,Boston Crab Meat,Seafood,Seaweed and fish,18.4,18.4,5,0.2,73.6,4-21-1998,5-19-1998,4-30-1998,29.59,Supr mes d lices,"Boulevard Tirou, 255",Charleroi,,B-6000,Belgium,24 - 4 oz tins,123,0,30,0,SUPRD,Supr mes d lices,Pascale Cartrain,Accounting Manager,"Boulevard Tirou, 255",Charleroi,,B-6000,Belgium,(071) 23 67 22 20,1,Nancy Davolio,Sales Representative,5-1-1992,Seattle,USA,2,United Package,(503) 555-3199,19,New England Seafood Cannery,Robb Merchant,USA
11038,52,Filo Mix,Grains/Cereals,"Breads, crackers, pasta, and cereal",7,7,2,0,14.0,4-21-1998,5-19-1998,4-30-1998,29.59,Supr mes d lices,"Boulevard Tirou, 255",Charleroi,,B-6000,Belgium,16 - 2 kg boxes,38,0,25,0,SUPRD,Supr mes d lices,Pascale Cartrain,Accounting Manager,"Boulevard Tirou, 255",Charleroi,,B-6000,Belgium,(071) 23 67 22 20,1,Nancy Davolio,Sales Representative,5-1-1992,Seattle,USA,2,United Package,(503) 555-3199,24,"G'day, Mate",Wendy Mackenzie,Australia
11038,71,Flotemysost,Dairy Products,Cheeses,21.5,21.5,30,0,645.0,4-21-1998,5-19-1998,4-30-1998,29.59,Supr mes d lices,"Boulevard Tirou, 255",Charleroi,,B-6000,Belgium,10 - 500 g pkgs.,26,0,0,0,SUPRD,Supr mes d lices,Pascale Cartrain,Accounting Manager,"Boulevard Tirou, 255",Charleroi,,B-6000,Belgium,(071) 23 67 22 20,1,Nancy Davolio,Sales Representative,5-1-1992,Seattle,USA,2,United Package,(503) 555-3199,15,Norske Meierier,Beate Vileid,Norway
11039,28,R ssle Sauerkraut,Produce,Dried fruit and bean curd,45.6,45.6,20,0,912.0,4-21-1998,5-19-1998,,65,LINO-Delicateses,Ave. 5 de Mayo Porlamar,I. de Margarita,Nueva Esparta,4980,Venezuela,25 - 825 g cans,26,0,0,1,LINOD,LINO-Delicateses,Felipe Izquierdo,Owner,Ave. 5 de Mayo Porlamar,I. de Margarita,Nueva Esparta,4980,Venezuela,(8) 34-56-12,1,Nancy Davolio,Sales Representative,5-1-1992,Seattle,USA,2,United Package,(503) 555-3199,12,Plutzer Lebensmittelgro m rkte AG,Martin Bein,Germany
11039,35,Steeleye Stout,Beverages,"Soft drinks, coffees, teas, beers, and ales",18,18,24,0,432.0,4-21-1998,5-19-1998,,65,LINO-Delicateses,Ave. 5 de Mayo Porlamar,I. de Margarita,Nueva Esparta,4980,Venezuela,24 - 12 oz bottles,20,0,15,0,LINOD,LINO-Delicateses,Felipe Izquierdo,Owner,Ave. 5 de Mayo Porlamar,I. de Margarita,Nueva Esparta,4980,Venezuela,(8) 34-56-12,1,Nancy Davolio,Sales Representative,5-1-1992,Seattle,USA,2,United Package,(503) 555-3199,16,Bigfoot Breweries,Cheryl Saylor,USA
11039,49,Maxilaku,Confections,"Desserts, candies, and sweet breads",20,20,60,0,1200.0,4-21-1998,5-19-1998,,65,LINO-Delicateses,Ave. 5 de Mayo Porlamar,I. de Margarita,Nueva Esparta,4980,Venezuela,24 - 50 g pkgs.,10,60,15,0,LINOD,LINO-Delicateses,Felipe Izquierdo,Owner,Ave. 5 de Mayo Porlamar,I. de Margarita,Nueva Esparta,4980,Venezuela,(8) 34-56-12,1,Nancy Davolio,Sales Representative,5-1-1992,Seattle,USA,2,United Package,(503) 555-3199,23,Karkki Oy,Anne Heikkonen,Finland
11039,57,Ravioli Angelo,Grains/Cereals,"Breads, crackers, pasta, and cereal",19.5,19.5,28,0,546.0,4-21-1998,5-19-1998,,65,LINO-Delicateses,Ave. 5 de Mayo Porlamar,I. de Margarita,Nueva Esparta,4980,Venezuela,24 - 250 g pkgs.,36,0,20,0,LINOD,LINO-Delicateses,Felipe Izquierdo,Owner,Ave. 5 de Mayo Porlamar,I. de Margarita,Nueva Esparta,4980,Venezuela,(8) 34-56-12,1,Nancy Davolio,Sales Representative,5-1-1992,Seattle,USA,2,United Package,(503) 555-3199,26,Pasta Buttini s.r.l.,Giovanni Giudici,Italy
11040,21,Sir Rodney's Scones,Confections,"Desserts, candies, and sweet breads",10,10,20,0,200.0,4-22-1998,5-20-1998,,18.84,Great Lakes Food Market,2732 Baker Blvd.,Eugene,OR,97403,USA,24 pkgs. x 4 pieces,3,40,5,0,GREAL,Great Lakes Food Market,Howard Snyder,Marketing Manager,2732 Baker Blvd.,Eugene,OR,97403,USA,(503) 555-7555,4,Margaret Peacock,Sales Representative,5-3-1993,Redmond,USA,3,Federal Shipping,(503) 555-9931,8,"Specialty Biscuits, Ltd.",Peter Wilson,UK
11041,2,Chang,Beverages,"Soft drinks, coffees, teas, beers, and ales",19,19,30,0.2,456.0,4-22-1998,5-20-1998,4-28-1998,48.22,Chop-suey Chinese,Hauptstr. 31,Bern,,3012,Switzerland,24 - 12 oz bottles,17,40,25,1,CHOPS,Chop-suey Chinese,Yang Wang,Owner,Hauptstr. 29,Bern,,3012,Switzerland,0452-076545,3,Janet Leverling,Sales Representative,4-1-1992,Kirkland,USA,2,United Package,(503) 555-3199,1,Exotic Liquids,Charlotte Cooper,UK
11041,63,Vegie-spread,Condiments,"Sweet and savory sauces, relishes, spreads, and seasonings",43.9,43.9,30,0,1317.0,4-22-1998,5-20-1998,4-28-1998,48.22,Chop-suey Chinese,Hauptstr. 31,Bern,,3012,Switzerland,15 - 625 g jars,24,0,5,0,CHOPS,Chop-suey Chinese,Yang Wang,Owner,Hauptstr. 29,Bern,,3012,Switzerland,0452-076545,3,Janet Leverling,Sales Representative,4-1-1992,Kirkland,USA,2,United Package,(503) 555-3199,7,"Pavlova, Ltd.",Ian Devling,Australia
11042,44,Gula Malacca,Condiments,"Sweet and savory sauces, relishes, spreads, and seasonings",19.45,19.45,15,0,291.75,4-22-1998,5-6-1998,5-1-1998,29.99,Com rcio Mineiro,"Av. dos Lus adas, 23",Sao Paulo,SP,05432-043,Brazil,20 - 2 kg bags,27,0,15,0,COMMI,Com rcio Mineiro,Pedro Afonso,Sales Associate,"Av. dos Lus adas, 23",Sao Paulo,SP,05432-043,Brazil,(11) 555-7647,2,Andrew Fuller,"Vice President, Sales",8-14-1992,Tacoma,USA,1,Speedy Express,(503) 555-9831,20,Leka Trading,Chandra Leka,Singapore
11042,61,Sirop d' rable,Condiments,"Sweet and savory sauces, relishes, spreads, and seasonings",28.5,28.5,4,0,114.0,4-22-1998,5-6-1998,5-1-1998,29.99,Com rcio Mineiro,"Av. dos Lus adas, 23",Sao Paulo,SP,05432-043,Brazil,24 - 500 ml bottles,113,0,25,0,COMMI,Com rcio Mineiro,Pedro Afonso,Sales Associate,"Av. dos Lus adas, 23",Sao Paulo,SP,05432-043,Brazil,(11) 555-7647,2,Andrew Fuller,"Vice President, Sales",8-14-1992,Tacoma,USA,1,Speedy Express,(503) 555-9831,29,For ts d' rables,Chantal Goulet,Canada
11043,11,Queso Cabrales,Dairy Products,Cheeses,21,21,10,0,210.0,4-22-1998,5-20-1998,4-29-1998,8.8,Sp cialit s du monde,"25, rue Lauriston",Paris,,75016,France,1 kg pkg.,22,30,30,0,SPECD,Sp cialit s du monde,Dominique Perrier,Marketing Manager,"25, rue Lauriston",Paris,,75016,France,(1) 47.55.60.10,5,Steven Buchanan,Sales Manager,10-17-1993,London,UK,2,United Package,(503) 555-3199,5,Cooperativa de Quesos 'Las Cabras',Antonio del Valle Saavedra,Spain
11044,62,Tarte au sucre,Confections,"Desserts, candies, and sweet breads",49.3,49.3,12,0,591.6,4-23-1998,5-21-1998,5-1-1998,8.72,Wolski Zajazd,ul. Filtrowa 68,Warszawa,,01-012,Poland,48 pies,17,0,0,0,WOLZA,Wolski  Zajazd,Zbyszek Piestrzeniewicz,Owner,ul. Filtrowa 68,Warszawa,,01-012,Poland,(26) 642-7012,4,Margaret Peacock,Sales Representative,5-3-1993,Redmond,USA,1,Speedy Express,(503) 555-9831,29,For ts d' rables,Chantal Goulet,Canada
11045,33,Geitost,Dairy Products,Cheeses,2.5,2.5,15,0,37.5,4-23-1998,5-21-1998,,70.58,Bottom-Dollar Markets,23 Tsawassen Blvd.,Tsawassen,BC,T2F 8M4,Canada,500 g,112,0,20,0,BOTTM,Bottom-Dollar Markets,Elizabeth Lincoln,Accounting Manager,23 Tsawassen Blvd.,Tsawassen,BC,T2F 8M4,Canada,(604) 555-4729,6,Michael Suyama,Sales Representative,10-17-1993,London,UK,2,United Package,(503) 555-3199,15,Norske Meierier,Beate Vileid,Norway
11045,51,Manjimup Dried Apples,Produce,Dried fruit and bean curd,53,53,24,0,1272.0,4-23-1998,5-21-1998,,70.58,Bottom-Dollar Markets,23 Tsawassen Blvd.,Tsawassen,BC,T2F 8M4,Canada,50 - 300 g pkgs.,20,0,10,0,BOTTM,Bottom-Dollar Markets,Elizabeth Lincoln,Accounting Manager,23 Tsawassen Blvd.,Tsawassen,BC,T2F 8M4,Canada,(604) 555-4729,6,Michael Suyama,Sales Representative,10-17-1993,London,UK,2,United Package,(503) 555-3199,24,"G'day, Mate",Wendy Mackenzie,Australia
11046,12,Queso Manchego La Pastora,Dairy Products,Cheeses,38,38,20,0.05,722.0,4-23-1998,5-21-1998,4-24-1998,71.64,Die Wandernde Kuh,Adenauerallee 900,Stuttgart,,70563,Germany,10 - 500 g pkgs.,86,0,0,0,WANDK,Die Wandernde Kuh,Rita M ller,Sales Representative,Adenauerallee 900,Stuttgart,,70563,Germany,0711-020361,8,Laura Callahan,Inside Sales Coordinator,3-5-1994,Seattle,USA,2,United Package,(503) 555-3199,5,Cooperativa de Quesos 'Las Cabras',Antonio del Valle Saavedra,Spain
11046,32,Mascarpone Fabioli,Dairy Products,Cheeses,32,32,15,0.05,456.0,4-23-1998,5-21-1998,4-24-1998,71.64,Die Wandernde Kuh,Adenauerallee 900,Stuttgart,,70563,Germany,24 - 200 g pkgs.,9,40,25,0,WANDK,Die Wandernde Kuh,Rita M ller,Sales Representative,Adenauerallee 900,Stuttgart,,70563,Germany,0711-020361,8,Laura Callahan,Inside Sales Coordinator,3-5-1994,Seattle,USA,2,United Package,(503) 555-3199,14,Formaggi Fortini s.r.l.,Elio Rossi,Italy
11046,35,Steeleye Stout,Beverages,"Soft drinks, coffees, teas, beers, and ales",18,18,18,0.05,307.8,4-23-1998,5-21-1998,4-24-1998,71.64,Die Wandernde Kuh,Adenauerallee 900,Stuttgart,,70563,Germany,24 - 12 oz bottles,20,0,15,0,WANDK,Die Wandernde Kuh,Rita M ller,Sales Representative,Adenauerallee 900,Stuttgart,,70563,Germany,0711-020361,8,Laura Callahan,Inside Sales Coordinator,3-5-1994,Seattle,USA,2,United Package,(503) 555-3199,16,Bigfoot Breweries,Cheryl Saylor,USA
11047,1,Chai,Beverages,"Soft drinks, coffees, teas, beers, and ales",18,18,25,0.25,337.5,4-24-1998,5-22-1998,5-1-1998,46.62,Eastern Connection,35 King George,London,,WX3 6FW,UK,10 boxes x 30 bags,39,0,10,1,EASTC,Eastern Connection,Ann Devon,Sales Agent,35 King George,London,,WX3 6FW,UK,(171) 555-0297,7,Robert King,Sales Representative,1-2-1994,London,UK,3,Federal Shipping,(503) 555-9931,8,"Specialty Biscuits, Ltd.",Peter Wilson,UK
11047,5,Chef Anton's Gumbo Mix,Condiments,"Sweet and savory sauces, relishes, spreads, and seasonings",21.35,21.35,30,0.25,480.38,4-24-1998,5-22-1998,5-1-1998,46.62,Eastern Connection,35 King George,London,,WX3 6FW,UK,36 boxes,0,0,0,1,EASTC,Eastern Connection,Ann Devon,Sales Agent,35 King George,London,,WX3 6FW,UK,(171) 555-0297,7,Robert King,Sales Representative,1-2-1994,London,UK,3,Federal Shipping,(503) 555-9931,2,New Orleans Cajun Delights,Shelley Burke,USA
11048,68,Scottish Longbreads,Confections,"Desserts, candies, and sweet breads",12.5,12.5,42,0,525.0,4-24-1998,5-22-1998,4-30-1998,24.12,Bottom-Dollar Markets,23 Tsawassen Blvd.,Tsawassen,BC,T2F 8M4,Canada,10 boxes x 8 pieces,6,10,15,0,BOTTM,Bottom-Dollar Markets,Elizabeth Lincoln,Accounting Manager,23 Tsawassen Blvd.,Tsawassen,BC,T2F 8M4,Canada,(604) 555-4729,7,Robert King,Sales Representative,1-2-1994,London,UK,3,Federal Shipping,(503) 555-9931,8,"Specialty Biscuits, Ltd.",Peter Wilson,UK
11049,2,Chang,Beverages,"Soft drinks, coffees, teas, beers, and ales",19,19,10,0.2,152.0,4-24-1998,5-22-1998,5-4-1998,8.34,Gourmet Lanchonetes,"Av. Brasil, 442",Campinas,SP,04876-786,Brazil,24 - 12 oz bottles,17,40,25,1,GOURL,Gourmet Lanchonetes,Andr  Fonseca,Sales Associate,"Av. Brasil, 442",Campinas,SP,04876-786,Brazil,(11) 555-9482,3,Janet Leverling,Sales Representative,4-1-1992,Kirkland,USA,1,Speedy Express,(503) 555-9831,1,Exotic Liquids,Charlotte Cooper,UK
11049,12,Queso Manchego La Pastora,Dairy Products,Cheeses,38,38,4,0.2,121.6,4-24-1998,5-22-1998,5-4-1998,8.34,Gourmet Lanchonetes,"Av. Brasil, 442",Campinas,SP,04876-786,Brazil,10 - 500 g pkgs.,86,0,0,0,GOURL,Gourmet Lanchonetes,Andr  Fonseca,Sales Associate,"Av. Brasil, 442",Campinas,SP,04876-786,Brazil,(11) 555-9482,3,Janet Leverling,Sales Representative,4-1-1992,Kirkland,USA,1,Speedy Express,(503) 555-9831,5,Cooperativa de Quesos 'Las Cabras',Antonio del Valle Saavedra,Spain
11050,76,Lakkalik  ri,Beverages,"Soft drinks, coffees, teas, beers, and ales",18,18,50,0.1,810.0,4-27-1998,5-25-1998,5-5-1998,59.41,Folk och f  HB,kergatan 24,Br cke,,S-844 67,Sweden,500 ml,57,0,20,0,FOLKO,Folk och f  HB,Maria Larsson,Owner,kergatan 24,Br cke,,S-844 67,Sweden,0695-34 67 21,8,Laura Callahan,Inside Sales Coordinator,3-5-1994,Seattle,USA,2,United Package,(503) 555-3199,23,Karkki Oy,Anne Heikkonen,Finland
11051,24,Guaran  Fant stica,Beverages,"Soft drinks, coffees, teas, beers, and ales",4.5,4.5,10,0.2,36.0,4-27-1998,5-25-1998,,2.79,La maison d'Asie,1 rue Alsace-Lorraine,Toulouse,,31000,France,12 - 355 ml cans,20,0,0,1,LAMAI,La maison d'Asie,Annette Roulet,Sales Manager,1 rue Alsace-Lorraine,Toulouse,,31000,France,61.77.61.10,7,Robert King,Sales Representative,1-2-1994,London,UK,3,Federal Shipping,(503) 555-9931,10,Refrescos Americanas LTDA,Carlos Diaz,Brazil
11052,43,Ipoh Coffee,Beverages,"Soft drinks, coffees, teas, beers, and ales",46,46,30,0.2,1104.0,4-27-1998,5-25-1998,5-1-1998,67.26,Hanari Carnes,"Rua do Pa o, 67",Rio de Janeiro,RJ,05454-876,Brazil,16 - 500 g tins,17,10,25,0,HANAR,Hanari Carnes,Mario Pontes,Accounting Manager,"Rua do Pa o, 67",Rio de Janeiro,RJ,05454-876,Brazil,(21) 555-0091,3,Janet Leverling,Sales Representative,4-1-1992,Kirkland,USA,1,Speedy Express,(503) 555-9831,20,Leka Trading,Chandra Leka,Singapore
11052,61,Sirop d' rable,Condiments,"Sweet and savory sauces, relishes, spreads, and seasonings",28.5,28.5,10,0.2,228.0,4-27-1998,5-25-1998,5-1-1998,67.26,Hanari Carnes,"Rua do Pa o, 67",Rio de Janeiro,RJ,05454-876,Brazil,24 - 500 ml bottles,113,0,25,0,HANAR,Hanari Carnes,Mario Pontes,Accounting Manager,"Rua do Pa o, 67",Rio de Janeiro,RJ,05454-876,Brazil,(21) 555-0091,3,Janet Leverling,Sales Representative,4-1-1992,Kirkland,USA,1,Speedy Express,(503) 555-9831,29,For ts d' rables,Chantal Goulet,Canada
11053,18,Carnarvon Tigers,Seafood,Seaweed and fish,62.5,62.5,35,0.2,1750.0,4-27-1998,5-25-1998,4-29-1998,53.05,Piccolo und mehr,Geislweg 14,Salzburg,,5020,Austria,16 kg pkg.,42,0,0,0,PICCO,Piccolo und mehr,Georg Pipps,Sales Manager,Geislweg 14,Salzburg,,5020,Austria,6562-9722,2,Andrew Fuller,"Vice President, Sales",8-14-1992,Tacoma,USA,2,United Package,(503) 555-3199,7,"Pavlova, Ltd.",Ian Devling,Australia
11053,32,Mascarpone Fabioli,Dairy Products,Cheeses,32,32,20,0,640.0,4-27-1998,5-25-1998,4-29-1998,53.05,Piccolo und mehr,Geislweg 14,Salzburg,,5020,Austria,24 - 200 g pkgs.,9,40,25,0,PICCO,Piccolo und mehr,Georg Pipps,Sales Manager,Geislweg 14,Salzburg,,5020,Austria,6562-9722,2,Andrew Fuller,"Vice President, Sales",8-14-1992,Tacoma,USA,2,United Package,(503) 555-3199,14,Formaggi Fortini s.r.l.,Elio Rossi,Italy
11053,64,Wimmers gute Semmelkn del,Grains/Cereals,"Breads, crackers, pasta, and cereal",33.25,33.25,25,0.2,665.0,4-27-1998,5-25-1998,4-29-1998,53.05,Piccolo und mehr,Geislweg 14,Salzburg,,5020,Austria,20 bags x 4 pieces,22,80,30,0,PICCO,Piccolo und mehr,Georg Pipps,Sales Manager,Geislweg 14,Salzburg,,5020,Austria,6562-9722,2,Andrew Fuller,"Vice President, Sales",8-14-1992,Tacoma,USA,2,United Package,(503) 555-3199,12,Plutzer Lebensmittelgro m rkte AG,Martin Bein,Germany
11054,33,Geitost,Dairy Products,Cheeses,2.5,2.5,10,0,25.0,4-28-1998,5-26-1998,,0.33,Cactus Comidas para llevar,Cerrito 333,Buenos Aires,,1010,Argentina,500 g,112,0,20,0,CACTU,Cactus Comidas para llevar,Patricio Simpson,Sales Agent,Cerrito 333,Buenos Aires,,1010,Argentina,(1) 135-5555,8,Laura Callahan,Inside Sales Coordinator,3-5-1994,Seattle,USA,1,Speedy Express,(503) 555-9831,15,Norske Meierier,Beate Vileid,Norway
11054,67,Laughing Lumberjack Lager,Beverages,"Soft drinks, coffees, teas, beers, and ales",14,14,20,0,280.0,4-28-1998,5-26-1998,,0.33,Cactus Comidas para llevar,Cerrito 333,Buenos Aires,,1010,Argentina,24 - 12 oz bottles,52,0,10,0,CACTU,Cactus Comidas para llevar,Patricio Simpson,Sales Agent,Cerrito 333,Buenos Aires,,1010,Argentina,(1) 135-5555,8,Laura Callahan,Inside Sales Coordinator,3-5-1994,Seattle,USA,1,Speedy Express,(503) 555-9831,16,Bigfoot Breweries,Cheryl Saylor,USA
11055,24,Guaran  Fant stica,Beverages,"Soft drinks, coffees, teas, beers, and ales",4.5,4.5,15,0,67.5,4-28-1998,5-26-1998,5-5-1998,120.92,HILARION-Abastos,Carrera 22 con Ave. Carlos Soublette #8-35,San Crist bal,T chira,5022,Venezuela,12 - 355 ml cans,20,0,0,1,HILAA,HILARION-Abastos,Carlos Hern ndez,Sales Representative,Carrera 22 con Ave. Carlos Soublette #8-35,San Crist bal,T chira,5022,Venezuela,(5) 555-1340,7,Robert King,Sales Representative,1-2-1994,London,UK,2,United Package,(503) 555-3199,10,Refrescos Americanas LTDA,Carlos Diaz,Brazil
11055,25,NuNuCa Nu -Nougat-Creme,Confections,"Desserts, candies, and sweet breads",14,14,15,0,210.0,4-28-1998,5-26-1998,5-5-1998,120.92,HILARION-Abastos,Carrera 22 con Ave. Carlos Soublette #8-35,San Crist bal,T chira,5022,Venezuela,20 - 450 g glasses,76,0,30,0,HILAA,HILARION-Abastos,Carlos Hern ndez,Sales Representative,Carrera 22 con Ave. Carlos Soublette #8-35,San Crist bal,T chira,5022,Venezuela,(5) 555-1340,7,Robert King,Sales Representative,1-2-1994,London,UK,2,United Package,(503) 555-3199,11,Heli S  waren GmbH & Co. KG,Petra Winkler,Germany
11055,51,Manjimup Dried Apples,Produce,Dried fruit and bean curd,53,53,20,0,1060.0,4-28-1998,5-26-1998,5-5-1998,120.92,HILARION-Abastos,Carrera 22 con Ave. Carlos Soublette #8-35,San Crist bal,T chira,5022,Venezuela,50 - 300 g pkgs.,20,0,10,0,HILAA,HILARION-Abastos,Carlos Hern ndez,Sales Representative,Carrera 22 con Ave. Carlos Soublette #8-35,San Crist bal,T chira,5022,Venezuela,(5) 555-1340,7,Robert King,Sales Representative,1-2-1994,London,UK,2,United Package,(503) 555-3199,24,"G'day, Mate",Wendy Mackenzie,Australia
11055,57,Ravioli Angelo,Grains/Cereals,"Breads, crackers, pasta, and cereal",19.5,19.5,20,0,390.0,4-28-1998,5-26-1998,5-5-1998,120.92,HILARION-Abastos,Carrera 22 con Ave. Carlos Soublette #8-35,San Crist bal,T chira,5022,Venezuela,24 - 250 g pkgs.,36,0,20,0,HILAA,HILARION-Abastos,Carlos Hern ndez,Sales Representative,Carrera 22 con Ave. Carlos Soublette #8-35,San Crist bal,T chira,5022,Venezuela,(5) 555-1340,7,Robert King,Sales Representative,1-2-1994,London,UK,2,United Package,(503) 555-3199,26,Pasta Buttini s.r.l.,Giovanni Giudici,Italy
11056,7,Uncle Bob's Organic Dried Pears,Produce,Dried fruit and bean curd,30,30,40,0,1200.0,4-28-1998,5-12-1998,5-1-1998,278.96,Eastern Connection,35 King George,London,,WX3 6FW,UK,12 - 1 lb pkgs.,15,0,10,0,EASTC,Eastern Connection,Ann Devon,Sales Agent,35 King George,London,,WX3 6FW,UK,(171) 555-0297,8,Laura Callahan,Inside Sales Coordinator,3-5-1994,Seattle,USA,2,United Package,(503) 555-3199,3,Grandma Kelly's Homestead,Regina Murphy,USA
11056,55,P t  chinois,Meat/Poultry,Prepared meats,24,24,35,0,840.0,4-28-1998,5-12-1998,5-1-1998,278.96,Eastern Connection,35 King George,London,,WX3 6FW,UK,24 boxes x 2 pies,115,0,20,0,EASTC,Eastern Connection,Ann Devon,Sales Agent,35 King George,London,,WX3 6FW,UK,(171) 555-0297,8,Laura Callahan,Inside Sales Coordinator,3-5-1994,Seattle,USA,2,United Package,(503) 555-3199,25,Ma Maison,Jean-Guy Lauzon,Canada
11056,60,Camembert Pierrot,Dairy Products,Cheeses,34,34,50,0,1700.0,4-28-1998,5-12-1998,5-1-1998,278.96,Eastern Connection,35 King George,London,,WX3 6FW,UK,15 - 300 g rounds,19,0,0,0,EASTC,Eastern Connection,Ann Devon,Sales Agent,35 King George,London,,WX3 6FW,UK,(171) 555-0297,8,Laura Callahan,Inside Sales Coordinator,3-5-1994,Seattle,USA,2,United Package,(503) 555-3199,28,Gai p turage,Eliane Noz,France
11057,70,Outback Lager,Beverages,"Soft drinks, coffees, teas, beers, and ales",15,15,3,0,45.0,4-29-1998,5-27-1998,5-1-1998,4.13,North/South,South House 300 Queensbridge,London,,SW7 1RZ,UK,24 - 355 ml bottles,15,10,30,0,NORTS,North/South,Simon Crowther,Sales Associate,South House 300 Queensbridge,London,,SW7 1RZ,UK,(171) 555-7733,3,Janet Leverling,Sales Representative,4-1-1992,Kirkland,USA,3,Federal Shipping,(503) 555-9931,7,"Pavlova, Ltd.",Ian Devling,Australia
11058,21,Sir Rodney's Scones,Confections,"Desserts, candies, and sweet breads",10,10,3,0,30.0,4-29-1998,5-27-1998,,31.14,Blauer See Delikatessen,Forsterstr. 57,Mannheim,,68306,Germany,24 pkgs. x 4 pieces,3,40,5,0,BLAUS,Blauer See Delikatessen,Hanna Moos,Sales Representative,Forsterstr. 57,Mannheim,,68306,Germany,0621-08460,9,Anne Dodsworth,Sales Representative,11-15-1994,London,UK,3,Federal Shipping,(503) 555-9931,8,"Specialty Biscuits, Ltd.",Peter Wilson,UK
11058,60,Camembert Pierrot,Dairy Products,Cheeses,34,34,21,0,714.0,4-29-1998,5-27-1998,,31.14,Blauer See Delikatessen,Forsterstr. 57,Mannheim,,68306,Germany,15 - 300 g rounds,19,0,0,0,BLAUS,Blauer See Delikatessen,Hanna Moos,Sales Representative,Forsterstr. 57,Mannheim,,68306,Germany,0621-08460,9,Anne Dodsworth,Sales Representative,11-15-1994,London,UK,3,Federal Shipping,(503) 555-9931,28,Gai p turage,Eliane Noz,France
11058,61,Sirop d' rable,Condiments,"Sweet and savory sauces, relishes, spreads, and seasonings",28.5,28.5,4,0,114.0,4-29-1998,5-27-1998,,31.14,Blauer See Delikatessen,Forsterstr. 57,Mannheim,,68306,Germany,24 - 500 ml bottles,113,0,25,0,BLAUS,Blauer See Delikatessen,Hanna Moos,Sales Representative,Forsterstr. 57,Mannheim,,68306,Germany,0621-08460,9,Anne Dodsworth,Sales Representative,11-15-1994,London,UK,3,Federal Shipping,(503) 555-9931,29,For ts d' rables,Chantal Goulet,Canada
11059,13,Konbu,Seafood,Seaweed and fish,6,6,30,0,180.0,4-29-1998,6-10-1998,,85.8,Ricardo Adocicados,"Av. Copacabana, 267",Rio de Janeiro,RJ,02389-890,Brazil,2 kg box,24,0,5,0,RICAR,Ricardo Adocicados,Janete Limeira,Assistant Sales Agent,"Av. Copacabana, 267",Rio de Janeiro,RJ,02389-890,Brazil,(21) 555-3412,2,Andrew Fuller,"Vice President, Sales",8-14-1992,Tacoma,USA,2,United Package,(503) 555-3199,6,Mayumi's,Mayumi Ohno,Japan
11059,17,Alice Mutton,Meat/Poultry,Prepared meats,39,39,12,0,468.0,4-29-1998,6-10-1998,,85.8,Ricardo Adocicados,"Av. Copacabana, 267",Rio de Janeiro,RJ,02389-890,Brazil,20 - 1 kg tins,0,0,0,1,RICAR,Ricardo Adocicados,Janete Limeira,Assistant Sales Agent,"Av. Copacabana, 267",Rio de Janeiro,RJ,02389-890,Brazil,(21) 555-3412,2,Andrew Fuller,"Vice President, Sales",8-14-1992,Tacoma,USA,2,United Package,(503) 555-3199,7,"Pavlova, Ltd.",Ian Devling,Australia
11059,60,Camembert Pierrot,Dairy Products,Cheeses,34,34,35,0,1190.0,4-29-1998,6-10-1998,,85.8,Ricardo Adocicados,"Av. Copacabana, 267",Rio de Janeiro,RJ,02389-890,Brazil,15 - 300 g rounds,19,0,0,0,RICAR,Ricardo Adocicados,Janete Limeira,Assistant Sales Agent,"Av. Copacabana, 267",Rio de Janeiro,RJ,02389-890,Brazil,(21) 555-3412,2,Andrew Fuller,"Vice President, Sales",8-14-1992,Tacoma,USA,2,United Package,(503) 555-3199,28,Gai p turage,Eliane Noz,France
11060,60,Camembert Pierrot,Dairy Products,Cheeses,34,34,4,0,136.0,4-30-1998,5-28-1998,5-4-1998,10.98,Franchi S.p.A.,Via Monte Bianco 34,Torino,,10100,Italy,15 - 300 g rounds,19,0,0,0,FRANS,Franchi S.p.A.,Paolo Accorti,Sales Representative,Via Monte Bianco 34,Torino,,10100,Italy,011-4988260,2,Andrew Fuller,"Vice President, Sales",8-14-1992,Tacoma,USA,2,United Package,(503) 555-3199,28,Gai p turage,Eliane Noz,France
11060,77,Original Frankfurter gr ne So e,Condiments,"Sweet and savory sauces, relishes, spreads, and seasonings",13,13,10,0,130.0,4-30-1998,5-28-1998,5-4-1998,10.98,Franchi S.p.A.,Via Monte Bianco 34,Torino,,10100,Italy,12 boxes,32,0,15,0,FRANS,Franchi S.p.A.,Paolo Accorti,Sales Representative,Via Monte Bianco 34,Torino,,10100,Italy,011-4988260,2,Andrew Fuller,"Vice President, Sales",8-14-1992,Tacoma,USA,2,United Package,(503) 555-3199,12,Plutzer Lebensmittelgro m rkte AG,Martin Bein,Germany
11061,60,Camembert Pierrot,Dairy Products,Cheeses,34,34,15,0,510.0,4-30-1998,6-11-1998,,14.01,Great Lakes Food Market,2732 Baker Blvd.,Eugene,OR,97403,USA,15 - 300 g rounds,19,0,0,0,GREAL,Great Lakes Food Market,Howard Snyder,Marketing Manager,2732 Baker Blvd.,Eugene,OR,97403,USA,(503) 555-7555,4,Margaret Peacock,Sales Representative,5-3-1993,Redmond,USA,3,Federal Shipping,(503) 555-9931,28,Gai p turage,Eliane Noz,France
11062,53,Perth Pasties,Meat/Poultry,Prepared meats,32.8,32.8,10,0.2,262.4,4-30-1998,5-28-1998,,29.93,Reggiani Caseifici,Strada Provinciale 124,Reggio Emilia,,42100,Italy,48 pieces,0,0,0,1,REGGC,Reggiani Caseifici,Maurizio Moroni,Sales Associate,Strada Provinciale 124,Reggio Emilia,,42100,Italy,0522-556721,4,Margaret Peacock,Sales Representative,5-3-1993,Redmond,USA,2,United Package,(503) 555-3199,24,"G'day, Mate",Wendy Mackenzie,Australia
11062,70,Outback Lager,Beverages,"Soft drinks, coffees, teas, beers, and ales",15,15,12,0.2,144.0,4-30-1998,5-28-1998,,29.93,Reggiani Caseifici,Strada Provinciale 124,Reggio Emilia,,42100,Italy,24 - 355 ml bottles,15,10,30,0,REGGC,Reggiani Caseifici,Maurizio Moroni,Sales Associate,Strada Provinciale 124,Reggio Emilia,,42100,Italy,0522-556721,4,Margaret Peacock,Sales Representative,5-3-1993,Redmond,USA,2,United Package,(503) 555-3199,7,"Pavlova, Ltd.",Ian Devling,Australia
11063,34,Sasquatch Ale,Beverages,"Soft drinks, coffees, teas, beers, and ales",14,14,30,0,420.0,4-30-1998,5-28-1998,5-6-1998,81.73,Hungry Owl All-Night Grocers,8 Johnstown Road,Cork,Co. Cork,,Ireland,24 - 12 oz bottles,111,0,15,0,HUNGO,Hungry Owl All-Night Grocers,Patricia McKenna,Sales Associate,8 Johnstown Road,Cork,Co. Cork,,Ireland,2967 542,3,Janet Leverling,Sales Representative,4-1-1992,Kirkland,USA,2,United Package,(503) 555-3199,16,Bigfoot Breweries,Cheryl Saylor,USA
11063,40,Boston Crab Meat,Seafood,Seaweed and fish,18.4,18.4,40,0.1,662.4,4-30-1998,5-28-1998,5-6-1998,81.73,Hungry Owl All-Night Grocers,8 Johnstown Road,Cork,Co. Cork,,Ireland,24 - 4 oz tins,123,0,30,0,HUNGO,Hungry Owl All-Night Grocers,Patricia McKenna,Sales Associate,8 Johnstown Road,Cork,Co. Cork,,Ireland,2967 542,3,Janet Leverling,Sales Representative,4-1-1992,Kirkland,USA,2,United Package,(503) 555-3199,19,New England Seafood Cannery,Robb Merchant,USA
11063,41,Jack's New England Clam Chowder,Seafood,Seaweed and fish,9.65,9.65,30,0.1,260.55,4-30-1998,5-28-1998,5-6-1998,81.73,Hungry Owl All-Night Grocers,8 Johnstown Road,Cork,Co. Cork,,Ireland,12 - 12 oz cans,85,0,10,0,HUNGO,Hungry Owl All-Night Grocers,Patricia McKenna,Sales Associate,8 Johnstown Road,Cork,Co. Cork,,Ireland,2967 542,3,Janet Leverling,Sales Representative,4-1-1992,Kirkland,USA,2,United Package,(503) 555-3199,19,New England Seafood Cannery,Robb Merchant,USA
11064,17,Alice Mutton,Meat/Poultry,Prepared meats,39,39,77,0.1,2702.7,5-1-1998,5-29-1998,5-4-1998,30.09,Save-a-lot Markets,187 Suffolk Ln.,Boise,ID,83720,USA,20 - 1 kg tins,0,0,0,1,SAVEA,Save-a-lot Markets,Jose Pavarotti,Sales Representative,187 Suffolk Ln.,Boise,ID,83720,USA,(208) 555-8097,1,Nancy Davolio,Sales Representative,5-1-1992,Seattle,USA,1,Speedy Express,(503) 555-9831,7,"Pavlova, Ltd.",Ian Devling,Australia
11064,41,Jack's New England Clam Chowder,Seafood,Seaweed and fish,9.65,9.65,12,0,115.8,5-1-1998,5-29-1998,5-4-1998,30.09,Save-a-lot Markets,187 Suffolk Ln.,Boise,ID,83720,USA,12 - 12 oz cans,85,0,10,0,SAVEA,Save-a-lot Markets,Jose Pavarotti,Sales Representative,187 Suffolk Ln.,Boise,ID,83720,USA,(208) 555-8097,1,Nancy Davolio,Sales Representative,5-1-1992,Seattle,USA,1,Speedy Express,(503) 555-9831,19,New England Seafood Cannery,Robb Merchant,USA
11064,53,Perth Pasties,Meat/Poultry,Prepared meats,32.8,32.8,25,0.1,738.0,5-1-1998,5-29-1998,5-4-1998,30.09,Save-a-lot Markets,187 Suffolk Ln.,Boise,ID,83720,USA,48 pieces,0,0,0,1,SAVEA,Save-a-lot Markets,Jose Pavarotti,Sales Representative,187 Suffolk Ln.,Boise,ID,83720,USA,(208) 555-8097,1,Nancy Davolio,Sales Representative,5-1-1992,Seattle,USA,1,Speedy Express,(503) 555-9831,24,"G'day, Mate",Wendy Mackenzie,Australia
11064,55,P t  chinois,Meat/Poultry,Prepared meats,24,24,4,0.1,86.4,5-1-1998,5-29-1998,5-4-1998,30.09,Save-a-lot Markets,187 Suffolk Ln.,Boise,ID,83720,USA,24 boxes x 2 pies,115,0,20,0,SAVEA,Save-a-lot Markets,Jose Pavarotti,Sales Representative,187 Suffolk Ln.,Boise,ID,83720,USA,(208) 555-8097,1,Nancy Davolio,Sales Representative,5-1-1992,Seattle,USA,1,Speedy Express,(503) 555-9831,25,Ma Maison,Jean-Guy Lauzon,Canada
11064,68,Scottish Longbreads,Confections,"Desserts, candies, and sweet breads",12.5,12.5,55,0,687.5,5-1-1998,5-29-1998,5-4-1998,30.09,Save-a-lot Markets,187 Suffolk Ln.,Boise,ID,83720,USA,10 boxes x 8 pieces,6,10,15,0,SAVEA,Save-a-lot Markets,Jose Pavarotti,Sales Representative,187 Suffolk Ln.,Boise,ID,83720,USA,(208) 555-8097,1,Nancy Davolio,Sales Representative,5-1-1992,Seattle,USA,1,Speedy Express,(503) 555-9831,8,"Specialty Biscuits, Ltd.",Peter Wilson,UK
11065,30,Nord-Ost Matjeshering,Seafood,Seaweed and fish,25.89,25.89,4,0.25,77.67,5-1-1998,5-29-1998,,12.91,LILA-Supermercado,Carrera 52 con Ave. Bol var #65-98 Llano Largo,Barquisimeto,Lara,3508,Venezuela,10 - 200 g glasses,10,0,15,0,LILAS,LILA-Supermercado,Carlos Gonz lez,Accounting Manager,Carrera 52 con Ave. Bol var #65-98 Llano Largo,Barquisimeto,Lara,3508,Venezuela,(9) 331-6954,8,Laura Callahan,Inside Sales Coordinator,3-5-1994,Seattle,USA,1,Speedy Express,(503) 555-9831,13,Nord-Ost-Fisch Handelsgesellschaft mbH,Sven Petersen,Germany
11065,54,Tourti re,Meat/Poultry,Prepared meats,7.45,7.45,20,0.25,111.75,5-1-1998,5-29-1998,,12.91,LILA-Supermercado,Carrera 52 con Ave. Bol var #65-98 Llano Largo,Barquisimeto,Lara,3508,Venezuela,16 pies,21,0,10,0,LILAS,LILA-Supermercado,Carlos Gonz lez,Accounting Manager,Carrera 52 con Ave. Bol var #65-98 Llano Largo,Barquisimeto,Lara,3508,Venezuela,(9) 331-6954,8,Laura Callahan,Inside Sales Coordinator,3-5-1994,Seattle,USA,1,Speedy Express,(503) 555-9831,25,Ma Maison,Jean-Guy Lauzon,Canada
11066,16,Pavlova,Confections,"Desserts, candies, and sweet breads",17.45,17.45,3,0,52.35,5-1-1998,5-29-1998,5-4-1998,44.72,White Clover Markets,1029 - 12th Ave. S.,Seattle,WA,98124,USA,32 - 500 g boxes,29,0,10,0,WHITC,White Clover Markets,Karl Jablonski,Owner,305 - 14th Ave. S. Suite 3B,Seattle,WA,98128,USA,(206) 555-4112,7,Robert King,Sales Representative,1-2-1994,London,UK,2,United Package,(503) 555-3199,7,"Pavlova, Ltd.",Ian Devling,Australia
11066,19,Teatime Chocolate Biscuits,Confections,"Desserts, candies, and sweet breads",9.2,9.2,42,0,386.4,5-1-1998,5-29-1998,5-4-1998,44.72,White Clover Markets,1029 - 12th Ave. S.,Seattle,WA,98124,USA,10 boxes x 12 pieces,25,0,5,0,WHITC,White Clover Markets,Karl Jablonski,Owner,305 - 14th Ave. S. Suite 3B,Seattle,WA,98128,USA,(206) 555-4112,7,Robert King,Sales Representative,1-2-1994,London,UK,2,United Package,(503) 555-3199,8,"Specialty Biscuits, Ltd.",Peter Wilson,UK
11066,34,Sasquatch Ale,Beverages,"Soft drinks, coffees, teas, beers, and ales",14,14,35,0,490.0,5-1-1998,5-29-1998,5-4-1998,44.72,White Clover Markets,1029 - 12th Ave. S.,Seattle,WA,98124,USA,24 - 12 oz bottles,111,0,15,0,WHITC,White Clover Markets,Karl Jablonski,Owner,305 - 14th Ave. S. Suite 3B,Seattle,WA,98128,USA,(206) 555-4112,7,Robert King,Sales Representative,1-2-1994,London,UK,2,United Package,(503) 555-3199,16,Bigfoot Breweries,Cheryl Saylor,USA
11067,41,Jack's New England Clam Chowder,Seafood,Seaweed and fish,9.65,9.65,9,0,86.85,5-4-1998,5-18-1998,5-6-1998,7.98,Drachenblut Delikatessen,Walserweg 21,Aachen,,52066,Germany,12 - 12 oz cans,85,0,10,0,DRACD,Drachenblut Delikatessen,Sven Ottlieb,Order Administrator,Walserweg 21,Aachen,,52066,Germany,0241-039123,1,Nancy Davolio,Sales Representative,5-1-1992,Seattle,USA,2,United Package,(503) 555-3199,19,New England Seafood Cannery,Robb Merchant,USA
11068,28,R ssle Sauerkraut,Produce,Dried fruit and bean curd,45.6,45.6,8,0.15,310.08,5-4-1998,6-1-1998,,81.75,Queen Cozinha,"Alameda dos Can rios, 891",Sao Paulo,SP,05487-020,Brazil,25 - 825 g cans,26,0,0,1,QUEEN,Queen Cozinha,L cia Carvalho,Marketing Assistant,"Alameda dos Can rios, 891",Sao Paulo,SP,05487-020,Brazil,(11) 555-1189,8,Laura Callahan,Inside Sales Coordinator,3-5-1994,Seattle,USA,2,United Package,(503) 555-3199,12,Plutzer Lebensmittelgro m rkte AG,Martin Bein,Germany
11068,43,Ipoh Coffee,Beverages,"Soft drinks, coffees, teas, beers, and ales",46,46,36,0.15,1407.6,5-4-1998,6-1-1998,,81.75,Queen Cozinha,"Alameda dos Can rios, 891",Sao Paulo,SP,05487-020,Brazil,16 - 500 g tins,17,10,25,0,QUEEN,Queen Cozinha,L cia Carvalho,Marketing Assistant,"Alameda dos Can rios, 891",Sao Paulo,SP,05487-020,Brazil,(11) 555-1189,8,Laura Callahan,Inside Sales Coordinator,3-5-1994,Seattle,USA,2,United Package,(503) 555-3199,20,Leka Trading,Chandra Leka,Singapore
11068,77,Original Frankfurter gr ne So e,Condiments,"Sweet and savory sauces, relishes, spreads, and seasonings",13,13,28,0.15,309.4,5-4-1998,6-1-1998,,81.75,Queen Cozinha,"Alameda dos Can rios, 891",Sao Paulo,SP,05487-020,Brazil,12 boxes,32,0,15,0,QUEEN,Queen Cozinha,L cia Carvalho,Marketing Assistant,"Alameda dos Can rios, 891",Sao Paulo,SP,05487-020,Brazil,(11) 555-1189,8,Laura Callahan,Inside Sales Coordinator,3-5-1994,Seattle,USA,2,United Package,(503) 555-3199,12,Plutzer Lebensmittelgro m rkte AG,Martin Bein,Germany
11069,39,Chartreuse verte,Beverages,"Soft drinks, coffees, teas, beers, and ales",18,18,20,0,360.0,5-4-1998,6-1-1998,5-6-1998,15.67,Tortuga Restaurante,Avda. Azteca 123,M xico D.F.,,05033,Mexico,750 cc per bottle,69,0,5,0,TORTU,Tortuga Restaurante,Miguel Angel Paolino,Owner,Avda. Azteca 123,M xico D.F.,,05033,Mexico,(5) 555-2933,1,Nancy Davolio,Sales Representative,5-1-1992,Seattle,USA,2,United Package,(503) 555-3199,18,Aux joyeux eccl siastiques,Guyl ne Nodier,France
11070,1,Chai,Beverages,"Soft drinks, coffees, teas, beers, and ales",18,18,40,0.15,612.0,5-5-1998,6-2-1998,,136,Lehmanns Marktstand,Magazinweg 7,Frankfurt a.M.,,60528,Germany,10 boxes x 30 bags,39,0,10,1,LEHMS,Lehmanns Marktstand,Renate Messner,Sales Representative,Magazinweg 7,Frankfurt a.M.,,60528,Germany,069-0245984,2,Andrew Fuller,"Vice President, Sales",8-14-1992,Tacoma,USA,1,Speedy Express,(503) 555-9831,8,"Specialty Biscuits, Ltd.",Peter Wilson,UK
11070,2,Chang,Beverages,"Soft drinks, coffees, teas, beers, and ales",19,19,20,0.15,323.0,5-5-1998,6-2-1998,,136,Lehmanns Marktstand,Magazinweg 7,Frankfurt a.M.,,60528,Germany,24 - 12 oz bottles,17,40,25,1,LEHMS,Lehmanns Marktstand,Renate Messner,Sales Representative,Magazinweg 7,Frankfurt a.M.,,60528,Germany,069-0245984,2,Andrew Fuller,"Vice President, Sales",8-14-1992,Tacoma,USA,1,Speedy Express,(503) 555-9831,1,Exotic Liquids,Charlotte Cooper,UK
11070,16,Pavlova,Confections,"Desserts, candies, and sweet breads",17.45,17.45,30,0.15,444.97,5-5-1998,6-2-1998,,136,Lehmanns Marktstand,Magazinweg 7,Frankfurt a.M.,,60528,Germany,32 - 500 g boxes,29,0,10,0,LEHMS,Lehmanns Marktstand,Renate Messner,Sales Representative,Magazinweg 7,Frankfurt a.M.,,60528,Germany,069-0245984,2,Andrew Fuller,"Vice President, Sales",8-14-1992,Tacoma,USA,1,Speedy Express,(503) 555-9831,7,"Pavlova, Ltd.",Ian Devling,Australia
11070,31,Gorgonzola Telino,Dairy Products,Cheeses,12.5,12.5,20,0,250.0,5-5-1998,6-2-1998,,136,Lehmanns Marktstand,Magazinweg 7,Frankfurt a.M.,,60528,Germany,12 - 100 g pkgs,0,70,20,0,LEHMS,Lehmanns Marktstand,Renate Messner,Sales Representative,Magazinweg 7,Frankfurt a.M.,,60528,Germany,069-0245984,2,Andrew Fuller,"Vice President, Sales",8-14-1992,Tacoma,USA,1,Speedy Express,(503) 555-9831,14,Formaggi Fortini s.r.l.,Elio Rossi,Italy
11071,7,Uncle Bob's Organic Dried Pears,Produce,Dried fruit and bean curd,30,30,15,0.05,427.5,5-5-1998,6-2-1998,,0.93,LILA-Supermercado,Carrera 52 con Ave. Bol var #65-98 Llano Largo,Barquisimeto,Lara,3508,Venezuela,12 - 1 lb pkgs.,15,0,10,0,LILAS,LILA-Supermercado,Carlos Gonz lez,Accounting Manager,Carrera 52 con Ave. Bol var #65-98 Llano Largo,Barquisimeto,Lara,3508,Venezuela,(9) 331-6954,1,Nancy Davolio,Sales Representative,5-1-1992,Seattle,USA,1,Speedy Express,(503) 555-9831,3,Grandma Kelly's Homestead,Regina Murphy,USA
11071,13,Konbu,Seafood,Seaweed and fish,6,6,10,0.05,57.0,5-5-1998,6-2-1998,,0.93,LILA-Supermercado,Carrera 52 con Ave. Bol var #65-98 Llano Largo,Barquisimeto,Lara,3508,Venezuela,2 kg box,24,0,5,0,LILAS,LILA-Supermercado,Carlos Gonz lez,Accounting Manager,Carrera 52 con Ave. Bol var #65-98 Llano Largo,Barquisimeto,Lara,3508,Venezuela,(9) 331-6954,1,Nancy Davolio,Sales Representative,5-1-1992,Seattle,USA,1,Speedy Express,(503) 555-9831,6,Mayumi's,Mayumi Ohno,Japan
11072,2,Chang,Beverages,"Soft drinks, coffees, teas, beers, and ales",19,19,8,0,152.0,5-5-1998,6-2-1998,,258.64,Ernst Handel,Kirchgasse 6,Graz,,8010,Austria,24 - 12 oz bottles,17,40,25,1,ERNSH,Ernst Handel,Roland Mendel,Sales Manager,Kirchgasse 6,Graz,,8010,Austria,7675-3425,4,Margaret Peacock,Sales Representative,5-3-1993,Redmond,USA,2,United Package,(503) 555-3199,1,Exotic Liquids,Charlotte Cooper,UK
11072,41,Jack's New England Clam Chowder,Seafood,Seaweed and fish,9.65,9.65,40,0,386.0,5-5-1998,6-2-1998,,258.64,Ernst Handel,Kirchgasse 6,Graz,,8010,Austria,12 - 12 oz cans,85,0,10,0,ERNSH,Ernst Handel,Roland Mendel,Sales Manager,Kirchgasse 6,Graz,,8010,Austria,7675-3425,4,Margaret Peacock,Sales Representative,5-3-1993,Redmond,USA,2,United Package,(503) 555-3199,19,New England Seafood Cannery,Robb Merchant,USA
11072,50,Valkoinen suklaa,Confections,"Desserts, candies, and sweet breads",16.25,16.25,22,0,357.5,5-5-1998,6-2-1998,,258.64,Ernst Handel,Kirchgasse 6,Graz,,8010,Austria,12 - 100 g bars,65,0,30,0,ERNSH,Ernst Handel,Roland Mendel,Sales Manager,Kirchgasse 6,Graz,,8010,Austria,7675-3425,4,Margaret Peacock,Sales Representative,5-3-1993,Redmond,USA,2,United Package,(503) 555-3199,23,Karkki Oy,Anne Heikkonen,Finland
11072,64,Wimmers gute Semmelkn del,Grains/Cereals,"Breads, crackers, pasta, and cereal",33.25,33.25,130,0,4322.5,5-5-1998,6-2-1998,,258.64,Ernst Handel,Kirchgasse 6,Graz,,8010,Austria,20 bags x 4 pieces,22,80,30,0,ERNSH,Ernst Handel,Roland Mendel,Sales Manager,Kirchgasse 6,Graz,,8010,Austria,7675-3425,4,Margaret Peacock,Sales Representative,5-3-1993,Redmond,USA,2,United Package,(503) 555-3199,12,Plutzer Lebensmittelgro m rkte AG,Martin Bein,Germany
11073,11,Queso Cabrales,Dairy Products,Cheeses,21,21,10,0,210.0,5-5-1998,6-2-1998,,24.95,Pericles Comidas cl sicas,Calle Dr. Jorge Cash 321,M xico D.F.,,05033,Mexico,1 kg pkg.,22,30,30,0,PERIC,Pericles Comidas cl sicas,Guillermo Fern ndez,Sales Representative,Calle Dr. Jorge Cash 321,M xico D.F.,,05033,Mexico,(5) 552-3745,2,Andrew Fuller,"Vice President, Sales",8-14-1992,Tacoma,USA,2,United Package,(503) 555-3199,5,Cooperativa de Quesos 'Las Cabras',Antonio del Valle Saavedra,Spain
11073,24,Guaran  Fant stica,Beverages,"Soft drinks, coffees, teas, beers, and ales",4.5,4.5,20,0,90.0,5-5-1998,6-2-1998,,24.95,Pericles Comidas cl sicas,Calle Dr. Jorge Cash 321,M xico D.F.,,05033,Mexico,12 - 355 ml cans,20,0,0,1,PERIC,Pericles Comidas cl sicas,Guillermo Fern ndez,Sales Representative,Calle Dr. Jorge Cash 321,M xico D.F.,,05033,Mexico,(5) 552-3745,2,Andrew Fuller,"Vice President, Sales",8-14-1992,Tacoma,USA,2,United Package,(503) 555-3199,10,Refrescos Americanas LTDA,Carlos Diaz,Brazil
11074,16,Pavlova,Confections,"Desserts, candies, and sweet breads",17.45,17.45,14,0.05,232.08,5-6-1998,6-3-1998,,18.44,Simons bistro,Vinb ltet 34,Kobenhavn,,1734,Denmark,32 - 500 g boxes,29,0,10,0,SIMOB,Simons bistro,Jytte Petersen,Owner,Vinb ltet 34,Kobenhavn,,1734,Denmark,31 12 34 56,7,Robert King,Sales Representative,1-2-1994,London,UK,2,United Package,(503) 555-3199,7,"Pavlova, Ltd.",Ian Devling,Australia
11075,2,Chang,Beverages,"Soft drinks, coffees, teas, beers, and ales",19,19,10,0.15,161.5,5-6-1998,6-3-1998,,6.19,Richter Supermarkt,Starenweg 5,Gen ve,,1204,Switzerland,24 - 12 oz bottles,17,40,25,1,RICSU,Richter Supermarkt,Michael Holz,Sales Manager,Grenzacherweg 237,Gen ve,,1203,Switzerland,0897-034214,8,Laura Callahan,Inside Sales Coordinator,3-5-1994,Seattle,USA,2,United Package,(503) 555-3199,1,Exotic Liquids,Charlotte Cooper,UK
11075,46,Spegesild,Seafood,Seaweed and fish,12,12,30,0.15,306.0,5-6-1998,6-3-1998,,6.19,Richter Supermarkt,Starenweg 5,Gen ve,,1204,Switzerland,4 - 450 g glasses,95,0,0,0,RICSU,Richter Supermarkt,Michael Holz,Sales Manager,Grenzacherweg 237,Gen ve,,1203,Switzerland,0897-034214,8,Laura Callahan,Inside Sales Coordinator,3-5-1994,Seattle,USA,2,United Package,(503) 555-3199,21,Lyngbysild,Niels Petersen,Denmark
11075,76,Lakkalik  ri,Beverages,"Soft drinks, coffees, teas, beers, and ales",18,18,2,0.15,30.6,5-6-1998,6-3-1998,,6.19,Richter Supermarkt,Starenweg 5,Gen ve,,1204,Switzerland,500 ml,57,0,20,0,RICSU,Richter Supermarkt,Michael Holz,Sales Manager,Grenzacherweg 237,Gen ve,,1203,Switzerland,0897-034214,8,Laura Callahan,Inside Sales Coordinator,3-5-1994,Seattle,USA,2,United Package,(503) 555-3199,23,Karkki Oy,Anne Heikkonen,Finland
11076,6,Grandma's Boysenberry Spread,Condiments,"Sweet and savory sauces, relishes, spreads, and seasonings",25,25,20,0.25,375.0,5-6-1998,6-3-1998,,38.28,Bon app',"12, rue des Bouchers",Marseille,,13008,France,12 - 8 oz jars,120,0,25,0,BONAP,Bon app',Laurence Lebihan,Owner,"12, rue des Bouchers",Marseille,,13008,France,91.24.45.40,4,Margaret Peacock,Sales Representative,5-3-1993,Redmond,USA,2,United Package,(503) 555-3199,3,Grandma Kelly's Homestead,Regina Murphy,USA
11076,14,Tofu,Produce,Dried fruit and bean curd,23.25,23.25,20,0.25,348.75,5-6-1998,6-3-1998,,38.28,Bon app',"12, rue des Bouchers",Marseille,,13008,France,40 - 100 g pkgs.,35,0,0,0,BONAP,Bon app',Laurence Lebihan,Owner,"12, rue des Bouchers",Marseille,,13008,France,91.24.45.40,4,Margaret Peacock,Sales Representative,5-3-1993,Redmond,USA,2,United Package,(503) 555-3199,6,Mayumi's,Mayumi Ohno,Japan
11076,19,Teatime Chocolate Biscuits,Confections,"Desserts, candies, and sweet breads",9.2,9.2,10,0.25,69.0,5-6-1998,6-3-1998,,38.28,Bon app',"12, rue des Bouchers",Marseille,,13008,France,10 boxes x 12 pieces,25,0,5,0,BONAP,Bon app',Laurence Lebihan,Owner,"12, rue des Bouchers",Marseille,,13008,France,91.24.45.40,4,Margaret Peacock,Sales Representative,5-3-1993,Redmond,USA,2,United Package,(503) 555-3199,8,"Specialty Biscuits, Ltd.",Peter Wilson,UK
11077,2,Chang,Beverages,"Soft drinks, coffees, teas, beers, and ales",19,19,24,0.2,364.8,5-6-1998,6-3-1998,,8.53,Rattlesnake Canyon Grocery,2817 Milton Dr.,Albuquerque,NM,87110,USA,24 - 12 oz bottles,17,40,25,1,RATTC,Rattlesnake Canyon Grocery,Paula Wilson,Assistant Sales Representative,2817 Milton Dr.,Albuquerque,NM,87110,USA,(505) 555-5939,1,Nancy Davolio,Sales Representative,5-1-1992,Seattle,USA,2,United Package,(503) 555-3199,1,Exotic Liquids,Charlotte Cooper,UK
11077,3,Aniseed Syrup,Condiments,"Sweet and savory sauces, relishes, spreads, and seasonings",10,10,4,0,40.0,5-6-1998,6-3-1998,,8.53,Rattlesnake Canyon Grocery,2817 Milton Dr.,Albuquerque,NM,87110,USA,12 - 550 ml bottles,13,70,25,0,RATTC,Rattlesnake Canyon Grocery,Paula Wilson,Assistant Sales Representative,2817 Milton Dr.,Albuquerque,NM,87110,USA,(505) 555-5939,1,Nancy Davolio,Sales Representative,5-1-1992,Seattle,USA,2,United Package,(503) 555-3199,1,Exotic Liquids,Charlotte Cooper,UK
11077,4,Chef Anton's Cajun Seasoning,Condiments,"Sweet and savory sauces, relishes, spreads, and seasonings",22,22,1,0,22.0,5-6-1998,6-3-1998,,8.53,Rattlesnake Canyon Grocery,2817 Milton Dr.,Albuquerque,NM,87110,USA,48 - 6 oz jars,53,0,0,0,RATTC,Rattlesnake Canyon Grocery,Paula Wilson,Assistant Sales Representative,2817 Milton Dr.,Albuquerque,NM,87110,USA,(505) 555-5939,1,Nancy Davolio,Sales Representative,5-1-1992,Seattle,USA,2,United Package,(503) 555-3199,2,New Orleans Cajun Delights,Shelley Burke,USA
11077,6,Grandma's Boysenberry Spread,Condiments,"Sweet and savory sauces, relishes, spreads, and seasonings",25,25,1,0.02,24.5,5-6-1998,6-3-1998,,8.53,Rattlesnake Canyon Grocery,2817 Milton Dr.,Albuquerque,NM,87110,USA,12 - 8 oz jars,120,0,25,0,RATTC,Rattlesnake Canyon Grocery,Paula Wilson,Assistant Sales Representative,2817 Milton Dr.,Albuquerque,NM,87110,USA,(505) 555-5939,1,Nancy Davolio,Sales Representative,5-1-1992,Seattle,USA,2,United Package,(503) 555-3199,3,Grandma Kelly's Homestead,Regina Murphy,USA
11077,7,Uncle Bob's Organic Dried Pears,Produce,Dried fruit and bean curd,30,30,1,0.05,28.5,5-6-1998,6-3-1998,,8.53,Rattlesnake Canyon Grocery,2817 Milton Dr.,Albuquerque,NM,87110,USA,12 - 1 lb pkgs.,15,0,10,0,RATTC,Rattlesnake Canyon Grocery,Paula Wilson,Assistant Sales Representative,2817 Milton Dr.,Albuquerque,NM,87110,USA,(505) 555-5939,1,Nancy Davolio,Sales Representative,5-1-1992,Seattle,USA,2,United Package,(503) 555-3199,3,Grandma Kelly's Homestead,Regina Murphy,USA
11077,8,Northwoods Cranberry Sauce,Condiments,"Sweet and savory sauces, relishes, spreads, and seasonings",40,40,2,0.1,72.0,5-6-1998,6-3-1998,,8.53,Rattlesnake Canyon Grocery,2817 Milton Dr.,Albuquerque,NM,87110,USA,12 - 12 oz jars,6,0,0,0,RATTC,Rattlesnake Canyon Grocery,Paula Wilson,Assistant Sales Representative,2817 Milton Dr.,Albuquerque,NM,87110,USA,(505) 555-5939,1,Nancy Davolio,Sales Representative,5-1-1992,Seattle,USA,2,United Package,(503) 555-3199,3,Grandma Kelly's Homestead,Regina Murphy,USA
11077,10,Ikura,Seafood,Seaweed and fish,31,31,1,0,31.0,5-6-1998,6-3-1998,,8.53,Rattlesnake Canyon Grocery,2817 Milton Dr.,Albuquerque,NM,87110,USA,12 - 200 ml jars,31,0,0,0,RATTC,Rattlesnake Canyon Grocery,Paula Wilson,Assistant Sales Representative,2817 Milton Dr.,Albuquerque,NM,87110,USA,(505) 555-5939,1,Nancy Davolio,Sales Representative,5-1-1992,Seattle,USA,2,United Package,(503) 555-3199,4,Tokyo Traders,Yoshi Nagase,Japan
11077,12,Queso Manchego La Pastora,Dairy Products,Cheeses,38,38,2,0.05,72.2,5-6-1998,6-3-1998,,8.53,Rattlesnake Canyon Grocery,2817 Milton Dr.,Albuquerque,NM,87110,USA,10 - 500 g pkgs.,86,0,0,0,RATTC,Rattlesnake Canyon Grocery,Paula Wilson,Assistant Sales Representative,2817 Milton Dr.,Albuquerque,NM,87110,USA,(505) 555-5939,1,Nancy Davolio,Sales Representative,5-1-1992,Seattle,USA,2,United Package,(503) 555-3199,5,Cooperativa de Quesos 'Las Cabras',Antonio del Valle Saavedra,Spain
11077,13,Konbu,Seafood,Seaweed and fish,6,6,4,0,24.0,5-6-1998,6-3-1998,,8.53,Rattlesnake Canyon Grocery,2817 Milton Dr.,Albuquerque,NM,87110,USA,2 kg box,24,0,5,0,RATTC,Rattlesnake Canyon Grocery,Paula Wilson,Assistant Sales Representative,2817 Milton Dr.,Albuquerque,NM,87110,USA,(505) 555-5939,1,Nancy Davolio,Sales Representative,5-1-1992,Seattle,USA,2,United Package,(503) 555-3199,6,Mayumi's,Mayumi Ohno,Japan
11077,14,Tofu,Produce,Dried fruit and bean curd,23.25,23.25,1,0.03,22.55,5-6-1998,6-3-1998,,8.53,Rattlesnake Canyon Grocery,2817 Milton Dr.,Albuquerque,NM,87110,USA,40 - 100 g pkgs.,35,0,0,0,RATTC,Rattlesnake Canyon Grocery,Paula Wilson,Assistant Sales Representative,2817 Milton Dr.,Albuquerque,NM,87110,USA,(505) 555-5939,1,Nancy Davolio,Sales Representative,5-1-1992,Seattle,USA,2,United Package,(503) 555-3199,6,Mayumi's,Mayumi Ohno,Japan
11077,16,Pavlova,Confections,"Desserts, candies, and sweet breads",17.45,17.45,2,0.03,33.85,5-6-1998,6-3-1998,,8.53,Rattlesnake Canyon Grocery,2817 Milton Dr.,Albuquerque,NM,87110,USA,32 - 500 g boxes,29,0,10,0,RATTC,Rattlesnake Canyon Grocery,Paula Wilson,Assistant Sales Representative,2817 Milton Dr.,Albuquerque,NM,87110,USA,(505) 555-5939,1,Nancy Davolio,Sales Representative,5-1-1992,Seattle,USA,2,United Package,(503) 555-3199,7,"Pavlova, Ltd.",Ian Devling,Australia
11077,20,Sir Rodney's Marmalade,Confections,"Desserts, candies, and sweet breads",81,81,1,0.04,77.76,5-6-1998,6-3-1998,,8.53,Rattlesnake Canyon Grocery,2817 Milton Dr.,Albuquerque,NM,87110,USA,30 gift boxes,40,0,0,0,RATTC,Rattlesnake Canyon Grocery,Paula Wilson,Assistant Sales Representative,2817 Milton Dr.,Albuquerque,NM,87110,USA,(505) 555-5939,1,Nancy Davolio,Sales Representative,5-1-1992,Seattle,USA,2,United Package,(503) 555-3199,8,"Specialty Biscuits, Ltd.",Peter Wilson,UK
11077,23,Tunnbr d,Grains/Cereals,"Breads, crackers, pasta, and cereal",9,9,2,0,18.0,5-6-1998,6-3-1998,,8.53,Rattlesnake Canyon Grocery,2817 Milton Dr.,Albuquerque,NM,87110,USA,12 - 250 g pkgs.,61,0,25,0,RATTC,Rattlesnake Canyon Grocery,Paula Wilson,Assistant Sales Representative,2817 Milton Dr.,Albuquerque,NM,87110,USA,(505) 555-5939,1,Nancy Davolio,Sales Representative,5-1-1992,Seattle,USA,2,United Package,(503) 555-3199,9,PB Kn ckebr d AB,Lars Peterson,Sweden
11077,32,Mascarpone Fabioli,Dairy Products,Cheeses,32,32,1,0,32.0,5-6-1998,6-3-1998,,8.53,Rattlesnake Canyon Grocery,2817 Milton Dr.,Albuquerque,NM,87110,USA,24 - 200 g pkgs.,9,40,25,0,RATTC,Rattlesnake Canyon Grocery,Paula Wilson,Assistant Sales Representative,2817 Milton Dr.,Albuquerque,NM,87110,USA,(505) 555-5939,1,Nancy Davolio,Sales Representative,5-1-1992,Seattle,USA,2,United Package,(503) 555-3199,14,Formaggi Fortini s.r.l.,Elio Rossi,Italy
11077,39,Chartreuse verte,Beverages,"Soft drinks, coffees, teas, beers, and ales",18,18,2,0.05,34.2,5-6-1998,6-3-1998,,8.53,Rattlesnake Canyon Grocery,2817 Milton Dr.,Albuquerque,NM,87110,USA,750 cc per bottle,69,0,5,0,RATTC,Rattlesnake Canyon Grocery,Paula Wilson,Assistant Sales Representative,2817 Milton Dr.,Albuquerque,NM,87110,USA,(505) 555-5939,1,Nancy Davolio,Sales Representative,5-1-1992,Seattle,USA,2,United Package,(503) 555-3199,18,Aux joyeux eccl siastiques,Guyl ne Nodier,France
11077,41,Jack's New England Clam Chowder,Seafood,Seaweed and fish,9.65,9.65,3,0,28.95,5-6-1998,6-3-1998,,8.53,Rattlesnake Canyon Grocery,2817 Milton Dr.,Albuquerque,NM,87110,USA,12 - 12 oz cans,85,0,10,0,RATTC,Rattlesnake Canyon Grocery,Paula Wilson,Assistant Sales Representative,2817 Milton Dr.,Albuquerque,NM,87110,USA,(505) 555-5939,1,Nancy Davolio,Sales Representative,5-1-1992,Seattle,USA,2,United Package,(503) 555-3199,19,New England Seafood Cannery,Robb Merchant,USA
11077,46,Spegesild,Seafood,Seaweed and fish,12,12,3,0.02,35.28,5-6-1998,6-3-1998,,8.53,Rattlesnake Canyon Grocery,2817 Milton Dr.,Albuquerque,NM,87110,USA,4 - 450 g glasses,95,0,0,0,RATTC,Rattlesnake Canyon Grocery,Paula Wilson,Assistant Sales Representative,2817 Milton Dr.,Albuquerque,NM,87110,USA,(505) 555-5939,1,Nancy Davolio,Sales Representative,5-1-1992,Seattle,USA,2,United Package,(503) 555-3199,21,Lyngbysild,Niels Petersen,Denmark
11077,52,Filo Mix,Grains/Cereals,"Breads, crackers, pasta, and cereal",7,7,2,0,14.0,5-6-1998,6-3-1998,,8.53,Rattlesnake Canyon Grocery,2817 Milton Dr.,Albuquerque,NM,87110,USA,16 - 2 kg boxes,38,0,25,0,RATTC,Rattlesnake Canyon Grocery,Paula Wilson,Assistant Sales Representative,2817 Milton Dr.,Albuquerque,NM,87110,USA,(505) 555-5939,1,Nancy Davolio,Sales Representative,5-1-1992,Seattle,USA,2,United Package,(503) 555-3199,24,"G'day, Mate",Wendy Mackenzie,Australia
11077,55,P t  chinois,Meat/Poultry,Prepared meats,24,24,2,0,48.0,5-6-1998,6-3-1998,,8.53,Rattlesnake Canyon Grocery,2817 Milton Dr.,Albuquerque,NM,87110,USA,24 boxes x 2 pies,115,0,20,0,RATTC,Rattlesnake Canyon Grocery,Paula Wilson,Assistant Sales Representative,2817 Milton Dr.,Albuquerque,NM,87110,USA,(505) 555-5939,1,Nancy Davolio,Sales Representative,5-1-1992,Seattle,USA,2,United Package,(503) 555-3199,25,Ma Maison,Jean-Guy Lauzon,Canada
11077,60,Camembert Pierrot,Dairy Products,Cheeses,34,34,2,0.06,63.92,5-6-1998,6-3-1998,,8.53,Rattlesnake Canyon Grocery,2817 Milton Dr.,Albuquerque,NM,87110,USA,15 - 300 g rounds,19,0,0,0,RATTC,Rattlesnake Canyon Grocery,Paula Wilson,Assistant Sales Representative,2817 Milton Dr.,Albuquerque,NM,87110,USA,(505) 555-5939,1,Nancy Davolio,Sales Representative,5-1-1992,Seattle,USA,2,United Package,(503) 555-3199,28,Gai p turage,Eliane Noz,France
11077,64,Wimmers gute Semmelkn del,Grains/Cereals,"Breads, crackers, pasta, and cereal",33.25,33.25,2,0.03,64.5,5-6-1998,6-3-1998,,8.53,Rattlesnake Canyon Grocery,2817 Milton Dr.,Albuquerque,NM,87110,USA,20 bags x 4 pieces,22,80,30,0,RATTC,Rattlesnake Canyon Grocery,Paula Wilson,Assistant Sales Representative,2817 Milton Dr.,Albuquerque,NM,87110,USA,(505) 555-5939,1,Nancy Davolio,Sales Representative,5-1-1992,Seattle,USA,2,United Package,(503) 555-3199,12,Plutzer Lebensmittelgro m rkte AG,Martin Bein,Germany
11077,66,Louisiana Hot Spiced Okra,Condiments,"Sweet and savory sauces, relishes, spreads, and seasonings",17,17,1,0,17.0,5-6-1998,6-3-1998,,8.53,Rattlesnake Canyon Grocery,2817 Milton Dr.,Albuquerque,NM,87110,USA,24 - 8 oz jars,4,100,20,0,RATTC,Rattlesnake Canyon Grocery,Paula Wilson,Assistant Sales Representative,2817 Milton Dr.,Albuquerque,NM,87110,USA,(505) 555-5939,1,Nancy Davolio,Sales Representative,5-1-1992,Seattle,USA,2,United Package,(503) 555-3199,2,New Orleans Cajun Delights,Shelley Burke,USA
11077,73,R d Kaviar,Seafood,Seaweed and fish,15,15,2,0.01,29.7,5-6-1998,6-3-1998,,8.53,Rattlesnake Canyon Grocery,2817 Milton Dr.,Albuquerque,NM,87110,USA,24 - 150 g jars,101,0,5,0,RATTC,Rattlesnake Canyon Grocery,Paula Wilson,Assistant Sales Representative,2817 Milton Dr.,Albuquerque,NM,87110,USA,(505) 555-5939,1,Nancy Davolio,Sales Representative,5-1-1992,Seattle,USA,2,United Package,(503) 555-3199,17,Svensk Sj f da AB,Michael Bj rn,Sweden
11077,75,Rh nbr u Klosterbier,Beverages,"Soft drinks, coffees, teas, beers, and ales",7.75,7.75,4,0,31.0,5-6-1998,6-3-1998,,8.53,Rattlesnake Canyon Grocery,2817 Milton Dr.,Albuquerque,NM,87110,USA,24 - 0.5 l bottles,125,0,25,0,RATTC,Rattlesnake Canyon Grocery,Paula Wilson,Assistant Sales Representative,2817 Milton Dr.,Albuquerque,NM,87110,USA,(505) 555-5939,1,Nancy Davolio,Sales Representative,5-1-1992,Seattle,USA,2,United Package,(503) 555-3199,12,Plutzer Lebensmittelgro m rkte AG,Martin Bein,Germany
11077,77,Original Frankfurter gr ne So e,Condiments,"Sweet and savory sauces, relishes, spreads, and seasonings",13,13,2,0,26.0,5-6-1998,6-3-1998,,8.53,Rattlesnake Canyon Grocery,2817 Milton Dr.,Albuquerque,NM,87110,USA,12 boxes,32,0,15,0,RATTC,Rattlesnake Canyon Grocery,Paula Wilson,Assistant Sales Representative,2817 Milton Dr.,Albuquerque,NM,87110,USA,(505) 555-5939,1,Nancy Davolio,Sales Representative,5-1-1992,Seattle,USA,2,United Package,(503) 555-3199,12,Plutzer Lebensmittelgro m rkte AG,Martin Bein,Germany
